Calendar Date,Dividend Yield (Value-Weighted),1M,2M,3M,4M,6M,12M
2013-10-01,6.570500000000097e-05,,,,,2.102619669264172e-06,3.768058827624543e-06
2013-10-02,0.00018935589999999997,3.0147321088414003e-06,,,,1.5869854708139286e-06,3.5698287639274184e-06
2013-10-03,2.6209999999995265e-06,5.23465483537322e-06,,,,1.9043067214230547e-06,3.768058827624543e-06
2013-10-04,4.1855000000000364e-05,4.719425863441984e-06,2.9136168908650006e-06,1.1069890522019676e-06,1.280217569288311e-06,1.6266520093122239e-06,3.886992131718614e-06
2013-10-07,4.485999999999726e-06,6.423390532583895e-06,3.916724903074709e-06,1.4084811601478009e-06,1.441538117541441e-06,1.5076512089873262e-06,4.16448936824132e-06
2013-10-08,0.00029438000000000034,1.2757330984936033e-05,7.48898868985215e-06,2.2136706083752955e-06,2.586461838260945e-06,3.3319396677278235e-06,5.353544367148189e-06
2013-10-09,9.685230000000002e-05,1.0858205945485366e-05,6.336228631775853e-06,1.8091129998509814e-06,2.3035667207071953e-06,3.2922901040954855e-06,5.551685702931408e-06
2013-10-10,0.00015213000000000032,1.0462440925840255e-05,6.288684972988179e-06,2.1105519818487295e-06,2.2797708882915657e-06,2.6181871408681445e-06,5.23465483537322e-06
2013-10-11,6.021000000000151e-06,1.0264543672589e-05,6.4907416044146515e-06,2.7133615327912253e-06,2.813820924485455e-06,3.0147321088414003e-06,5.11576175554751e-06
2013-10-15,3.256000000000092e-06,1.354836598377318e-05,9.389720048824657e-06,5.226728740259645e-06,5.229370773740527e-06,5.23465483537322e-06,6.0271847082127294e-06
2013-10-16,0.00010861999999999851,6.0271847082127294e-06,4.923543772017425e-06,3.819597028664745e-06,4.093134782001684e-06,4.640153953516801e-06,5.313914917426388e-06
2013-10-17,4.922399999999962e-05,7.935717540874521e-07,1.3529448545934741e-06,1.91223942880292e-06,2.4119681583112396e-06,3.411237611494755e-06,5.11576175554751e-06
2013-10-18,2.473600000000003e-05,5.951936339343433e-07,9.006918317844281e-07,1.2061666059270948e-06,1.743004910625956e-06,2.8164645584638492e-06,4.8383307711397094e-06
2013-10-21,1.3176589999999998e-05,9.919399968083553e-07,1.301374734641314e-06,1.6107854414748601e-06,1.946614311965078e-06,2.6181871408681445e-06,4.521243131216934e-06
2013-10-22,0.0,5.951936339343433e-07,1.1030218987073681e-06,1.6107854414748601e-06,2.0127190227814395e-06,2.8164645584638492e-06,4.005921885541497e-06
2013-10-23,1.2296999999999655e-05,9.125938849052773e-07,1.1605452376883818e-06,1.4084811601478009e-06,1.8778642489891695e-06,2.8164645584638492e-06,4.005921885541497e-06
2013-10-24,1.3158000000000093e-05,7.935717540874521e-07,1.1010383205167784e-06,1.4084811601478009e-06,1.943970100670711e-06,3.0147321088414003e-06,4.1248480890931916e-06
2013-10-25,0.0,7.935717540874521e-07,1.1010383205167784e-06,1.4084811601478009e-06,1.943970100670711e-06,3.0147321088414003e-06,4.005921885541497e-06
2013-10-28,7.3650000000000625e-06,9.125938849052773e-07,1.3112921173341618e-06,1.709950454786835e-06,2.211026574494568e-06,3.2129897926669315e-06,4.005921885541497e-06
2013-10-29,6.401699999999955e-05,1.3886468541723929e-06,1.5988854737969405e-06,1.8091129998509814e-06,2.3432261253564235e-06,3.411237611494755e-06,4.005921885541497e-06
2013-10-30,7.711999999999997e-05,2.0232956745580566e-06,1.8170458968569392e-06,1.6107854414748601e-06,2.144925153935162e-06,3.2129897926669315e-06,4.005921885541497e-06
2013-10-31,7.546600000000016e-05,1.3886468541723929e-06,1.448149475891114e-06,1.5076512089873262e-06,2.0761785131107047e-06,3.2129897926669315e-06,3.8077036568218148e-06
2013-11-01,7.563999999999835e-06,1.1109562016997643e-06,1.3608786599839107e-06,1.6107854414748601e-06,2.144925153935162e-06,3.2129897926669315e-06,3.7284136038540083e-06
2013-11-04,9.600000000000233e-06,9.919399968083553e-07,1.5017010757123472e-06,2.0113969392276942e-06,2.4119681583112396e-06,3.2129897926669315e-06,3.8077036568218148e-06
2013-11-05,0.00010655300000000012,1.3886468541723929e-06,1.7000340644113265e-06,2.0113969392276942e-06,2.517722816008927e-06,3.530181567734658e-06,4.1248480890931916e-06
2013-11-06,0.0005481870000000003,2.0232956745580566e-06,2.0173463113337675e-06,2.0113969392276942e-06,2.478065148414643e-06,3.411237611494755e-06,3.8077036568218148e-06
2013-11-07,0.00021885999999999954,1.7059839017008471e-06,1.9598353417915604e-06,2.2136706083752955e-06,2.6525559335688342e-06,3.530181567734658e-06,3.9266357774181415e-06
2013-11-08,1.4699999999999436e-05,1.7059839017008471e-06,2.0589916676083675e-06,2.4119681583112396e-06,2.811177288730704e-06,3.6094755657689603e-06,4.243770743039832e-06
2013-11-11,0.0,1.6266520093122239e-06,,,,,
2013-11-12,6.808100000000022e-05,1.82497877809773e-06,2.4218827767708007e-06,3.018697359191691e-06,3.3213664893949613e-06,3.9266357774181415e-06,4.3230505399893815e-06
2013-11-13,0.0002951159999999998,2.419899854944063e-06,2.7193098568467633e-06,3.018697359191691e-06,3.281716820291436e-06,3.8077036568218148e-06,5.313914917426388e-06
2013-11-14,0.00018402600000000033,2.2216027000254712e-06,2.620169963885033e-06,3.018697359191691e-06,3.281716820291436e-06,3.8077036568218148e-06,5.0364977313144266e-06
2013-11-15,7.922999999999958e-06,2.0232956745580566e-06,2.5705990922553212e-06,3.1178273356413655e-06,3.34779938282459e-06,3.8077036568218148e-06,5.0364977313144266e-06
2013-11-18,6.587300000000015e-05,1.6266520093122239e-06,2.5230104752083093e-06,3.4191673190520078e-06,3.58833065394748e-06,3.9266357774181415e-06,5.11576175554751e-06
2013-11-19,0.00019941300000000006,1.6266520093122239e-06,2.5725819390309823e-06,3.51828733191617e-06,3.6808388148568127e-06,4.005921885541497e-06,5.23465483537322e-06
2013-11-20,4.638899999999998e-05,2.2216027000254712e-06,2.7193098568467633e-06,3.216954845841613e-06,3.4138808491235295e-06,3.8077036568218148e-06,4.8383307711397094e-06
2013-11-21,7.185000000000004e-05,7.935717540874521e-07,1.906289899711311e-06,3.018697359191691e-06,3.3213664893949613e-06,3.9266357774181415e-06,4.8383307711397094e-06
2013-11-22,0.00013488800000000054,9.919399968083553e-07,2.0054475582398368e-06,3.018697359191691e-06,3.281716820291436e-06,3.8077036568218148e-06,4.8383307711397094e-06
2013-11-25,1.8961000000000065e-05,1.3886468541723929e-06,2.203755471885671e-06,3.018697359191691e-06,3.34779938282459e-06,4.005921885541497e-06,4.8383307711397094e-06
2013-11-26,0.00010268369999999997,1.3886468541723929e-06,2.102619669264172e-06,2.8164645584638492e-06,3.2922901040954855e-06,4.243770743039832e-06,4.8383307711397094e-06
2013-11-27,0.00024536600000000033,2.419899854944063e-06,2.4674897036724985e-06,2.5150789839667453e-06,3.0517409586039435e-06,4.1248480890931916e-06,4.8383307711397094e-06
2013-11-29,4.2140499999999926e-05,2.0232956745580566e-06,2.2176366560877625e-06,2.4119681583112396e-06,3.022662605545179e-06,4.243770743039832e-06,4.719425863441984e-06
2013-12-02,4.228700000000023e-05,7.935717540874521e-07,1.6028521336863832e-06,2.4119681583112396e-06,2.943356927298524e-06,4.005921885541497e-06,4.8383307711397094e-06
2013-12-03,5.273800000000009e-05,1.1902983632072761e-06,1.8527437379844969e-06,2.5150789839667453e-06,3.0120886063134122e-06,4.005921885541497e-06,4.8383307711397094e-06
2013-12-04,0.000298223,1.1902983632072761e-06,1.7020173443960118e-06,2.2136706083752955e-06,2.7450858248734278e-06,3.8077036568218148e-06,4.917598737996798e-06
2013-12-05,3.151299999999951e-05,7.935717540874521e-07,1.4025308787690705e-06,2.0113969392276942e-06,2.6102558390306285e-06,3.8077036568218148e-06,4.917598737996798e-06
2013-12-06,9.24600000000008e-05,9.919399968083553e-07,1.7020173443960118e-06,2.4119681583112396e-06,2.877267656131721e-06,3.8077036568218148e-06,4.917598737996798e-06
2013-12-09,4.201399999999994e-05,9.919399968083553e-07,1.9043067214230547e-06,2.8164645584638492e-06,3.1469049943666505e-06,3.8077036568218148e-06,4.8383307711397094e-06
2013-12-10,6.687000000000012e-06,9.125938849052773e-07,1.8646429471580461e-06,2.8164645584638492e-06,3.186556004841634e-06,3.9266357774181415e-06,4.521243131216934e-06
2013-12-11,0.00011055000000000093,9.919399968083553e-07,1.953885883754225e-06,2.9155995668883605e-06,3.2129897926669315e-06,3.8077036568218148e-06,5.313914917426388e-06
2013-12-12,0.00027629200000000003,5.951936339343433e-07,1.6544183514266564e-06,2.7133615327912253e-06,3.0120886063134122e-06,3.6094755657689603e-06,5.432802083982224e-06
2013-12-13,2.064838000000001e-05,3.968056356828953e-07,1.5056678321911932e-06,2.614221491947788e-06,2.879911248143685e-06,3.411237611494755e-06,5.432802083982224e-06
2013-12-16,1.2818000000000378e-05,3.968056356828953e-07,1.6068187895790231e-06,2.8164645584638492e-06,3.0147321088414003e-06,3.411237611494755e-06,5.313914917426388e-06
2013-12-17,7.88500000000001e-06,3.968056356828953e-07,1.5056678321911932e-06,2.614221491947788e-06,2.946000475345656e-06,3.6094755657689603e-06,5.313914917426388e-06
2013-12-18,3.817999999999877e-05,5.158396201299098e-07,1.6663181530152116e-06,2.8164645584638492e-06,3.0808190996101104e-06,3.6094755657689603e-06,5.23465483537322e-06
2013-12-19,0.00013421160000000006,3.968056356828953e-07,1.6068187895790231e-06,2.8164645584638492e-06,3.0808190996101104e-06,3.6094755657689603e-06,5.313914917426388e-06
2013-12-20,0.0,3.968056356828953e-07,1.5056678321911932e-06,2.614221491947788e-06,2.8534752500863902e-06,3.3319396677278235e-06,5.313914917426388e-06
2013-12-23,0.00014700900000000003,3.968056356828953e-07,1.707967178576908e-06,3.018697359191691e-06,3.08346255639691e-06,3.2129897926669315e-06,5.11576175554751e-06
2013-12-24,0.00011155699999999998,3.968056356828953e-07,1.6564016540598914e-06,2.9155995668883605e-06,3.1469049943666505e-06,3.6094755657689603e-06,5.11576175554751e-06
2013-12-26,2.770999999999503e-06,1.9840775800084032e-07,1.5076512089873262e-06,2.8164645584638492e-06,3.0147321088414003e-06,3.411237611494755e-06,4.917598737996798e-06
2013-12-27,0.0002041408,1.9840775800084032e-07,1.4064977340577656e-06,2.614221491947788e-06,2.8534752500863902e-06,3.3319396677278235e-06,4.640153953516801e-06
2013-12-30,6.667790000000001e-05,3.174476701506279e-07,1.5671520534610295e-06,2.8164645584638492e-06,2.9882970054018188e-06,3.3319396677278235e-06,4.640153953516801e-06
2013-12-31,6.218800000000035e-05,5.158396201299098e-07,1.7159002769773224e-06,2.9155995668883605e-06,3.1469049943666505e-06,3.6094755657689603e-06,4.640153953516801e-06
2014-01-02,0.0001371669999999988,3.174476701506279e-07,1.5155847064018957e-06,2.7133615327912253e-06,3.0120886063134122e-06,3.6094755657689603e-06,4.441967277779568e-06
2014-01-03,4.0350800000000034e-05,5.158396201299098e-07,1.616735411769099e-06,2.7173270831237772e-06,3.0147321088414003e-06,3.6094755657689603e-06,4.521243131216934e-06
2014-01-06,1.7505000000000125e-05,3.174476701506279e-07,1.2656719530212968e-06,2.2136706083752955e-06,2.480709005103776e-06,3.0147321088414003e-06,4.3230505399893815e-06
2014-01-07,1.059700000000021e-05,1.9840775800084032e-07,1.1050054757877348e-06,2.0113969392276942e-06,2.345870071751577e-06,3.0147321088414003e-06,4.1248480890931916e-06
2014-01-08,0.00028796000000000003,1.9840775800084032e-07,9.542507906079578e-07,1.709950454786835e-06,2.0788226366974527e-06,2.8164645584638492e-06,5.11576175554751e-06
2014-01-09,0.0,3.174476701506279e-07,1.0137599004700348e-06,1.709950454786835e-06,1.9730563278752555e-06,2.4992159535219827e-06,5.0364977313144266e-06
2014-01-10,0.0,3.968056356828953e-07,1.0038417772584296e-06,1.6107854414748601e-06,1.8408444930617662e-06,2.3009227463344217e-06,4.719425863441984e-06
2014-01-13,0.00010639999999999955,1.9840775800084032e-07,8.530832640296637e-07,1.5076512089873262e-06,1.7456492553691305e-06,2.2216027000254712e-06,4.441967277779568e-06
2014-01-14,4.929999999998477e-06,1.9840775800084032e-07,8.034904006581911e-07,1.4084811601478009e-06,1.7456492553691305e-06,2.419899854944063e-06,4.441967277779568e-06
2014-01-15,2.746599999999943e-05,1.9840775800084032e-07,9.542507906079578e-07,1.709950454786835e-06,1.9730563278752555e-06,2.4992159535219827e-06,4.640153953516801e-06
2014-01-16,2.336400000000011e-05,1.1904584051869449e-07,7.638156658273942e-07,1.4084811601478009e-06,1.7456492553691305e-06,2.419899854944063e-06,4.243770743039832e-06
2014-01-17,1.8852999999999665e-05,1.9840775800084032e-07,8.034904006581911e-07,1.4084811601478009e-06,1.7456492553691305e-06,2.419899854944063e-06,4.243770743039832e-06
2014-01-21,1.930700000000009e-05,1.9840775800084032e-07,8.034904006581911e-07,1.4084811601478009e-06,1.7456492553691305e-06,2.419899854944063e-06,4.243770743039832e-06
2014-01-22,0.00012199059999999998,1.9840775800084032e-07,8.034904006581911e-07,1.4084811601478009e-06,1.8117573006293242e-06,2.6181871408681445e-06,4.1248480890931916e-06
2014-01-23,8.028000000000202e-06,5.158396201299098e-07,1.0633501463797046e-06,1.6107854414748601e-06,1.81440159963131e-06,2.2216027000254712e-06,3.9266357774181415e-06
2014-01-24,8.589999999999293e-06,1.7059839017008471e-06,1.7575487845089555e-06,1.8091129998509814e-06,2.0788226366974527e-06,2.6181871408681445e-06,4.243770743039832e-06
2014-01-27,7.058099999999925e-05,1.6266520093122239e-06,1.8686093423703198e-06,2.1105519818487295e-06,2.306210693303612e-06,2.6974992919370777e-06,4.243770743039832e-06
2014-01-28,2.5909999999997047e-06,1.3093086428384026e-06,1.660368256661826e-06,2.0113969392276942e-06,2.2401108519254365e-06,2.6974992919370777e-06,4.1248480890931916e-06
2014-01-29,0.00010966999999999921,1.82497877809773e-06,1.7674650316656937e-06,1.709950454786835e-06,2.0391605999314777e-06,2.6974992919370777e-06,3.9266357774181415e-06
2014-01-30,5.854999999999923e-05,1.5076512089873262e-06,1.156578137706532e-06,8.054741271745769e-07,1.304019372483367e-06,2.3009227463344217e-06,3.7284136038540083e-06
2014-01-31,3.170000000000256e-06,1.3093086428384026e-06,1.0573993494134015e-06,8.054741271745769e-07,1.2775729159031357e-06,2.2216027000254712e-06,3.6094755657689603e-06
2014-02-03,0.0,1.5076512089873262e-06,1.8091129998509814e-06,2.1105519818487295e-06,2.107907879356219e-06,2.102619669264172e-06,3.6094755657689603e-06
2014-02-04,5.913500000000009e-05,1.7059839017008471e-06,1.9598353417915604e-06,2.2136706083752955e-06,2.3749533648587118e-06,2.6974992919370777e-06,4.3230505399893815e-06
2014-02-05,0.000302758,4.8383307711397094e-06,3.6253341759717728e-06,2.4119681583112396e-06,2.480709005103776e-06,2.6181871408681445e-06,4.719425863441984e-06
2014-02-06,0.0005004999999999992,2.419899854944063e-06,2.5666333958174192e-06,2.7133615327912253e-06,2.813820924485455e-06,3.0147321088414003e-06,4.917598737996798e-06
2014-02-07,0.0,3.9266357774181415e-06,3.6729096279941587e-06,3.4191673190520078e-06,3.3900916474038922e-06,3.3319396677278235e-06,4.719425863441984e-06
2014-02-10,2.10290000000001e-05,2.8164645584638492e-06,2.764913379138534e-06,2.7133615327912253e-06,2.78738448811211e-06,2.935426272721031e-06,4.640153953516801e-06
2014-02-11,5.3469999999999906e-05,2.0232956745580566e-06,2.368343544167928e-06,2.7133615327912253e-06,3.0120886063134122e-06,3.6094755657689603e-06,4.719425863441984e-06
2014-02-12,0.0004846346,1.82497877809773e-06,1.9181889490127446e-06,2.0113969392276942e-06,2.478065148414643e-06,3.411237611494755e-06,4.719425863441984e-06
2014-02-13,0.00010566900000000008,3.968056356828953e-07,8.530832640296637e-07,1.3093086428384026e-06,1.851421601362091e-06,2.935426272721031e-06,4.521243131216934e-06
2014-02-14,8.270100000000013e-05,7.142216913447186e-07,7.598481703841031e-07,8.054741271745769e-07,1.4759170618994233e-06,2.8164645584638492e-06,4.1248480890931916e-06
2014-02-18,0.00017082099999999982,7.935717540874521e-07,1.4521162858827097e-06,2.1105519818487295e-06,2.4119681583112396e-06,3.0147321088414003e-06,3.9266357774181415e-06
2014-02-19,6.934599999999964e-05,5.158396201299098e-07,1.3648455565729023e-06,2.2136706083752955e-06,2.546804854786089e-06,3.2129897926669315e-06,4.1248480890931916e-06
2014-02-20,0.00017094099999999997,7.935717540874521e-07,1.4025308787690705e-06,2.0113969392276942e-06,2.4516264840457325e-06,3.3319396677278235e-06,4.3230505399893815e-06
2014-02-21,0.00013489300000000008,7.935717540874521e-07,1.2021995510202999e-06,1.6107854414748601e-06,2.144925153935162e-06,3.2129897926669315e-06,4.243770743039832e-06
2014-02-24,4.988000000000041e-06,9.919399968083553e-07,1.4521162858827097e-06,1.91223942880292e-06,2.345870071751577e-06,3.2129897926669315e-06,4.1248480890931916e-06
2014-02-25,2.3601000000000047e-05,1.1902983632072761e-06,1.4997176960296343e-06,1.8091129998509814e-06,2.211026574494568e-06,3.0147321088414003e-06,4.005921885541497e-06
2014-02-26,0.0001895654,1.6266520093122239e-06,1.7694482781216436e-06,1.91223942880292e-06,2.2797708882915657e-06,3.0147321088414003e-06,4.005921885541497e-06
2014-02-27,0.00014633099999999954,1.7059839017008471e-06,1.7575487845089555e-06,1.8091129998509814e-06,2.1845861377656206e-06,2.935426272721031e-06,4.005921885541497e-06
2014-02-28,1.194800000000034e-05,1.7059839017008471e-06,1.8586933470121636e-06,2.0113969392276942e-06,2.345870071751577e-06,3.0147321088414003e-06,4.243770743039832e-06
2014-03-03,4.813700000000018e-05,1.82497877809773e-06,1.9181889490127446e-06,2.0113969392276942e-06,2.345870071751577e-06,3.0147321088414003e-06,4.1248480890931916e-06
2014-03-04,2.0889999999999104e-05,2.2216027000254712e-06,2.1165012058510513e-06,2.0113969392276942e-06,2.478065148414643e-06,3.411237611494755e-06,4.243770743039832e-06
2014-03-05,0.00018899208,2.2216027000254712e-06,2.2176366560877625e-06,2.2136706083752955e-06,2.6128996080121425e-06,3.411237611494755e-06,4.917598737996798e-06
2014-03-06,0.00018517499999999988,2.2216027000254712e-06,2.1660777278498244e-06,2.1105519818487295e-06,2.478065148414643e-06,3.2129897926669315e-06,4.917598737996798e-06
2014-03-07,0.00012650169999999997,2.102619669264172e-06,2.106585827554852e-06,2.1105519818487295e-06,2.517722816008927e-06,3.3319396677278235e-06,5.0364977313144266e-06
2014-03-10,5.5284300000000056e-05,2.0232956745580566e-06,2.11848427866812e-06,2.2136706083752955e-06,2.586461838260945e-06,3.3319396677278235e-06,5.0364977313144266e-06
2014-03-11,4.344200000000031e-05,1.82497877809773e-06,1.9181889490127446e-06,2.0113969392276942e-06,2.4119681583112396e-06,3.2129897926669315e-06,4.917598737996798e-06
2014-03-12,0.00026628080000000003,2.2216027000254712e-06,2.015363188334618e-06,1.8091129998509814e-06,2.250686900406862e-06,3.1336879029453257e-06,4.719425863441984e-06
2014-03-13,0.00011992000000000079,2.2216027000254712e-06,2.1165012058510513e-06,2.0113969392276942e-06,2.345870071751577e-06,3.0147321088414003e-06,4.719425863441984e-06
2014-03-14,3.0485000000000234e-05,2.102619669264172e-06,2.106585827554852e-06,2.1105519818487295e-06,2.4516264840457325e-06,3.1336879029453257e-06,4.719425863441984e-06
2014-03-17,4.241000000000314e-06,2.0232956745580566e-06,2.0173463113337675e-06,2.0113969392276942e-06,2.4119681583112396e-06,3.2129897926669315e-06,4.8383307711397094e-06
2014-03-18,2.7372999999999807e-05,2.0232956745580566e-06,2.11848427866812e-06,2.2136706083752955e-06,2.546804854786089e-06,3.2129897926669315e-06,4.8383307711397094e-06
2014-03-19,0.0,2.4992159535219827e-06,2.4060193755115478e-06,2.3128206170230925e-06,2.6128996080121425e-06,3.2129897926669315e-06,5.23465483537322e-06
2014-03-20,1.6498000000000207e-05,2.419899854944063e-06,2.4159340086260528e-06,2.4119681583112396e-06,2.7186489324204643e-06,3.3319396677278235e-06,5.313914917426388e-06
2014-03-21,2.996999999999809e-06,1.9043067214230547e-06,2.0074306861239677e-06,2.1105519818487295e-06,2.4516264840457325e-06,3.1336879029453257e-06,5.11576175554751e-06
2014-03-24,0.0,1.82497877809773e-06,1.8686093423703198e-06,1.91223942880292e-06,2.2797708882915657e-06,3.0147321088414003e-06,5.11576175554751e-06
2014-03-25,9.828000000000007e-05,1.82497877809773e-06,1.9181889490127446e-06,2.0113969392276942e-06,2.3855290551821895e-06,3.1336879029453257e-06,4.8383307711397094e-06
2014-03-26,3.059900000000008e-05,1.82497877809773e-06,1.9181889490127446e-06,2.0113969392276942e-06,2.2797708882915657e-06,2.8164645584638492e-06,4.719425863441984e-06
2014-03-27,0.00017168799999999992,7.142216913447186e-07,1.162528786347039e-06,1.6107854414748601e-06,1.906950958918685e-06,2.4992159535219827e-06,4.521243131216934e-06
2014-03-28,3.9604000000000375e-05,1.1902983632072761e-06,1.4005474495704107e-06,1.6107854414748601e-06,1.906950958918685e-06,2.4992159535219827e-06,4.719425863441984e-06
2014-03-31,3.833299999999977e-05,1.1902983632072761e-06,1.4997176960296343e-06,1.8091129998509814e-06,2.0127190227814395e-06,2.419899854944063e-06,4.719425863441984e-06
2014-04-01,6.312999999999978e-05,9.125938849052773e-07,1.261704957622456e-06,1.6107854414748601e-06,1.906950958918685e-06,2.4992159535219827e-06,4.521243131216934e-06
2014-04-02,0.00017255099999999995,9.125938849052773e-07,8.59034366085254e-07,8.054741271745769e-07,1.2775729159031357e-06,2.2216027000254712e-06,4.8383307711397094e-06
2014-04-03,1.0676000000000045e-05,7.935717540874521e-07,7.995229449608843e-07,8.054741271745769e-07,1.2114560059561796e-06,2.0232956745580566e-06,4.3230505399893815e-06
2014-04-04,3.9070000000000424e-05,1.1902983632072761e-06,1.0990547412159657e-06,1.0078090295628783e-06,1.372779338204566e-06,2.102619669264172e-06,4.243770743039832e-06
2014-04-07,1.3009999999999064e-05,1.1109562016997643e-06,1.1585616881415461e-06,1.2061666059270948e-06,1.4388935709597206e-06,1.9043067214230547e-06,4.005921885541497e-06
2014-04-08,0.00031767600000000024,1.1902983632072761e-06,1.1982324923387466e-06,1.2061666059270948e-06,1.5050067063704375e-06,2.102619669264172e-06,4.005921885541497e-06
2014-04-09,8.397000000000092e-05,1.3093086428384026e-06,1.3588952101351026e-06,1.4084811601478009e-06,1.613429873703609e-06,2.0232956745580566e-06,3.8077036568218148e-06
2014-04-10,3.369999999999068e-06,1.5076512089873262e-06,1.4084811601478009e-06,1.3093086428384026e-06,1.5473185375203258e-06,2.0232956745580566e-06,3.6094755657689603e-06
2014-04-11,0.00010194199999999896,1.1902983632072761e-06,1.3489779460140738e-06,1.5076512089873262e-06,1.7059839017008471e-06,2.102619669264172e-06,3.7284136038540083e-06
2014-04-14,4.0789999999988474e-06,1.1902983632072761e-06,1.2993912552605735e-06,1.4084811601478009e-06,1.613429873703609e-06,2.0232956745580566e-06,3.8077036568218148e-06
2014-04-15,1.4059999999998032e-06,1.1902983632072761e-06,1.2993912552605735e-06,1.4084811601478009e-06,1.6398741011780515e-06,2.102619669264172e-06,3.6094755657689603e-06
2014-04-16,2.562999999999871e-05,9.919399968083553e-07,1.1506274799621963e-06,1.3093086428384026e-06,1.573763203532863e-06,2.102619669264172e-06,3.6094755657689603e-06
2014-04-17,4.399699999999983e-05,9.125938849052773e-07,1.0593829493643625e-06,1.2061666059270948e-06,1.5050067063704375e-06,2.102619669264172e-06,3.7284136038540083e-06
2014-04-21,1.655000000000016e-05,7.935717540874521e-07,9.99874520957178e-07,1.2061666059270948e-06,1.4785615838341926e-06,2.0232956745580566e-06,3.7284136038540083e-06
2014-04-22,0.0,7.142216913447186e-07,9.602017416732167e-07,1.2061666059270948e-06,1.5050067063704375e-06,2.102619669264172e-06,3.7284136038540083e-06
2014-04-23,0.000123733,5.951936339343433e-07,7.003352677781294e-07,8.054741271745769e-07,1.1453379988868306e-06,1.82497877809773e-06,3.7284136038540083e-06
2014-04-24,2.7184999999999883e-05,1.9840775800084032e-07,4.007734923927586e-07,6.031289483399149e-07,1.0104538621380499e-06,1.82497877809773e-06,3.7284136038540083e-06
2014-04-25,0.0,1.9840775800084032e-07,4.007734923927586e-07,6.031289483399149e-07,9.443325192926011e-07,1.6266520093122239e-06,3.6094755657689603e-06
2014-04-28,7.514999999999996e-05,1.9840775800084032e-07,5.515491219298951e-07,9.046591866734843e-07,1.1453379988868306e-06,1.6266520093122239e-06,3.7284136038540083e-06
2014-04-29,1.6020999999999744e-05,1.9840775800084032e-07,5.019525051164209e-07,8.054741271745769e-07,1.1717853334314299e-06,1.9043067214230547e-06,3.7284136038540083e-06
2014-04-30,4.5257999999999843e-05,7.935717540874521e-07,8.987081527855878e-07,1.0038417772584296e-06,1.2775729159031357e-06,1.82497877809773e-06,4.243770743039832e-06
2014-05-01,6.251082000000001e-05,7.935717540874521e-07,9.502834850128039e-07,1.1069890522019676e-06,1.3463333381480425e-06,1.82497877809773e-06,4.005921885541497e-06
2014-05-02,0.0,3.968056356828953e-07,6.507405032607494e-07,9.046591866734843e-07,1.2114560059561796e-06,1.82497877809773e-06,4.1248480890931916e-06
2014-05-05,8.040200000000003e-05,3.968056356828953e-07,7.51913168173246e-07,1.1069890522019676e-06,1.280217569288311e-06,1.6266520093122239e-06,3.9266357774181415e-06
2014-05-06,2.015899999999876e-05,7.142216913447186e-07,8.59034366085254e-07,1.0038417772584296e-06,1.3436887282836096e-06,2.0232956745580566e-06,4.005921885541497e-06
2014-05-07,0.0004727170000000001,1.1109562016997643e-06,1.1585616881415461e-06,1.2061666059270948e-06,1.4785615838341926e-06,2.0232956745580566e-06,3.9266357774181415e-06
2014-05-08,0.000240442,7.935717540874521e-07,1.0514485435653143e-06,1.3093086428384026e-06,1.5473185375203258e-06,2.0232956745580566e-06,3.7284136038540083e-06
2014-05-09,0.00017632299999999993,7.935717540874521e-07,9.502834850128039e-07,1.1069890522019676e-06,1.4124480094412917e-06,2.0232956745580566e-06,3.8077036568218148e-06
2014-05-12,3.320299999999901e-05,5.951936339343433e-07,9.006918317844281e-07,1.2061666059270948e-06,1.4785615838341926e-06,2.0232956745580566e-06,3.8077036568218148e-06
2014-05-13,0.00025812949999999996,3.968056356828953e-07,7.51913168173246e-07,1.1069890522019676e-06,1.4124480094412917e-06,2.0232956745580566e-06,3.7284136038540083e-06
2014-05-14,0.0001905580000000004,9.125938849052773e-07,9.582180922063088e-07,1.0038417772584296e-06,1.3436887282836096e-06,2.0232956745580566e-06,3.411237611494755e-06
2014-05-15,0.00018017899999999906,3.174476701506279e-07,6.606595055469455e-07,1.0038417772584296e-06,1.2775729159031357e-06,1.82497877809773e-06,3.2129897926669315e-06
2014-05-16,5.785999999999812e-06,3.968056356828953e-07,6.011451212373231e-07,8.054741271745769e-07,1.1056666679998273e-06,1.7059839017008471e-06,3.2129897926669315e-06
2014-05-19,7.077800000000007e-05,5.158396201299098e-07,7.598481703841031e-07,1.0038417772584296e-06,1.2775729159031357e-06,1.82497877809773e-06,3.2129897926669315e-06
2014-05-20,3.182300000000027e-05,3.968056356828953e-07,8.015066734756715e-07,1.2061666059270948e-06,1.5050067063704375e-06,2.102619669264172e-06,3.1336879029453257e-06
2014-05-21,0.00014384800000000024,1.1902983632072761e-06,1.2993912552605735e-06,1.4084811601478009e-06,1.6398741011780515e-06,2.102619669264172e-06,3.2129897926669315e-06
2014-05-22,0.00013407999999999996,1.3886468541723929e-06,1.3985640194835725e-06,1.4084811601478009e-06,1.613429873703609e-06,2.0232956745580566e-06,3.2129897926669315e-06
2014-05-23,1.3917999999999917e-05,1.3886468541723929e-06,1.3489779460140738e-06,1.3093086428384026e-06,1.5473185375203258e-06,2.0232956745580566e-06,3.2129897926669315e-06
2014-05-27,1.0722000000000335e-05,1.3093086428384026e-06,1.3588952101351026e-06,1.4084811601478009e-06,1.6398741011780515e-06,2.102619669264172e-06,3.2129897926669315e-06
2014-05-28,0.00015276199999999986,1.3886468541723929e-06,1.3489779460140738e-06,1.3093086428384026e-06,1.5473185375203258e-06,2.0232956745580566e-06,3.0147321088414003e-06
2014-05-29,0.00013128500000000008,1.82497877809773e-06,1.616735411769099e-06,1.4084811601478009e-06,1.613429873703609e-06,2.0232956745580566e-06,3.8077036568218148e-06
2014-05-30,4.184999999999866e-06,1.6266520093122239e-06,,,,1.98363308512306e-06,3.9266357774181415e-06
2014-06-02,9.073909999999998e-05,1.3886468541723929e-06,1.3985640194835725e-06,1.4084811601478009e-06,1.613429873703609e-06,2.0232956745580566e-06,4.005921885541497e-06
2014-06-03,4.761469999999999e-05,1.7059839017008471e-06,1.658384955804948e-06,1.6107854414748601e-06,1.81440159963131e-06,2.2216027000254712e-06,3.9266357774181415e-06
2014-06-04,0.0001871449999999999,1.1902983632072761e-06,1.2993912552605735e-06,1.4084811601478009e-06,1.679540112986544e-06,2.2216027000254712e-06,3.9266357774181415e-06
2014-06-05,6.79970000000002e-05,9.919399968083553e-07,1.200216022345657e-06,1.4084811601478009e-06,1.679540112986544e-06,2.2216027000254712e-06,3.8077036568218148e-06
2014-06-06,0.00015470499999999977,9.125938849052773e-07,1.1109562016997643e-06,1.3093086428384026e-06,1.613429873703609e-06,2.2216027000254712e-06,3.8077036568218148e-06
2014-06-09,4.709320000000007e-05,1.1902983632072761e-06,1.2993912552605735e-06,1.4084811601478009e-06,1.679540112986544e-06,2.2216027000254712e-06,3.8077036568218148e-06
2014-06-10,5.858699999999992e-06,1.1109562016997643e-06,1.259721458257701e-06,1.4084811601478009e-06,1.7720926051012498e-06,2.4992159535219827e-06,4.005921885541497e-06
2014-06-11,0.00011380099999999975,1.1902983632072761e-06,1.3489779460140738e-06,1.5076512089873262e-06,1.8778642489891695e-06,2.6181871408681445e-06,3.9266357774181415e-06
2014-06-12,0.0002829390000000003,9.125938849052773e-07,1.261704957622456e-06,1.6107854414748601e-06,1.946614311965078e-06,2.6181871408681445e-06,3.8077036568218148e-06
2014-06-13,2.090900000000038e-05,7.935717540874521e-07,1.1010383205167784e-06,1.4084811601478009e-06,1.8778642489891695e-06,2.8164645584638492e-06,4.1248480890931916e-06
2014-06-16,4.045799999999994e-06,9.919399968083553e-07,1.301374734641314e-06,1.6107854414748601e-06,1.9730563278752555e-06,2.6974992919370777e-06,4.005921885541497e-06
2014-06-17,2.0983000000000026e-05,9.919399968083553e-07,1.301374734641314e-06,1.6107854414748601e-06,2.0127190227814395e-06,2.8164645584638492e-06,3.8077036568218148e-06
2014-06-18,9.297000000000125e-06,9.919399968083553e-07,9.978908914742846e-07,1.0038417772584296e-06,1.542029583134763e-06,2.6181871408681445e-06,3.6094755657689603e-06
2014-06-19,0.00013697199999999996,1.9840775800084032e-07,5.019525051164209e-07,8.054741271745769e-07,1.237902901518595e-06,2.102619669264172e-06,3.411237611494755e-06
2014-06-20,5.842999999999951e-06,3.174476701506279e-07,5.098880053733268e-07,7.023190455868189e-07,9.707811881032313e-07,1.5076512089873262e-06,3.2129897926669315e-06
2014-06-23,2.87332e-06,3.968056356828953e-07,7.003352677781294e-07,1.0038417772584296e-06,1.2114560059561796e-06,1.6266520093122239e-06,3.3319396677278235e-06
2014-06-24,8.372700000000045e-05,3.968056356828953e-07,8.015066734756715e-07,1.2061666059270948e-06,1.5446740611047005e-06,2.2216027000254712e-06,3.3319396677278235e-06
2014-06-25,2.5663999999999895e-05,1.9840775800084032e-07,6.011451212373231e-07,1.0038417772584296e-06,1.3436887282836096e-06,2.0232956745580566e-06,4.1248480890931916e-06
2014-06-26,0.000170674,3.174476701506279e-07,7.618319186608602e-07,1.2061666059270948e-06,1.5446740611047005e-06,2.2216027000254712e-06,3.9266357774181415e-06
2014-06-27,5.4728000000000415e-05,5.951936339343433e-07,8.510995612720507e-07,1.1069890522019676e-06,1.5711187448808062e-06,2.4992159535219827e-06,4.1248480890931916e-06
2014-06-30,3.6358500000000015e-05,7.142216913447186e-07,1.261704957622456e-06,1.8091129998509814e-06,2.0788226366974527e-06,2.6181871408681445e-06,4.243770743039832e-06
2014-07-01,0.00017790600000000024,3.968056356828953e-07,1.0038417772584296e-06,1.6107854414748601e-06,1.8805085042483682e-06,2.419899854944063e-06,4.243770743039832e-06
2014-07-02,5.616789999999996e-05,7.142216913447186e-07,7.598481703841031e-07,8.054741271745769e-07,1.2775729159031357e-06,2.2216027000254712e-06,4.3230505399893815e-06
2014-07-03,5.406000000000334e-06,3.968056356828953e-07,3.9878956448191616e-07,4.007734923927586e-07,1.0342572769328484e-06,2.3009227463344217e-06,4.1248480890931916e-06
2014-07-07,4.407799999999991e-05,5.951936339343433e-07,9.522671382544701e-07,1.3093086428384026e-06,1.613429873703609e-06,2.2216027000254712e-06,4.1248480890931916e-06
2014-07-08,0.0002835210000000001,5.951936339343433e-07,9.522671382544701e-07,1.3093086428384026e-06,1.679540112986544e-06,2.419899854944063e-06,3.7284136038540083e-06
2014-07-09,6.111200000000032e-05,9.125938849052773e-07,9.582180922063088e-07,1.0038417772584296e-06,1.4759170618994233e-06,2.419899854944063e-06,3.8077036568218148e-06
2014-07-10,0.0,9.125938849052773e-07,8.59034366085254e-07,8.054741271745769e-07,1.2775729159031357e-06,2.2216027000254712e-06,3.6094755657689603e-06
2014-07-11,9.497299999999993e-05,9.125938849052773e-07,8.59034366085254e-07,8.054741271745769e-07,1.3436887282836096e-06,2.419899854944063e-06,3.7284136038540083e-06
2014-07-14,3.229000000000426e-06,7.935717540874521e-07,8.987081527855878e-07,1.0038417772584296e-06,1.4098034437637352e-06,2.2216027000254712e-06,3.6094755657689603e-06
2014-07-15,3.766000000000099e-06,7.935717540874521e-07,8.987081527855878e-07,1.0038417772584296e-06,1.4362490226016433e-06,2.3009227463344217e-06,3.7284136038540083e-06
2014-07-16,0.00011571700000000042,9.919399968083553e-07,9.978908914742846e-07,1.0038417772584296e-06,1.4362490226016433e-06,2.3009227463344217e-06,3.7284136038540083e-06
2014-07-17,9.485000000000049e-05,9.125938849052773e-07,7.578644214412122e-07,6.031289483399149e-07,1.1426932557956349e-06,2.2216027000254712e-06,3.411237611494755e-06
2014-07-18,5.369999999999334e-06,9.125938849052773e-07,7.578644214412122e-07,6.031289483399149e-07,1.1030218987073681e-06,2.102619669264172e-06,3.3319396677278235e-06
2014-07-21,2.993500000000003e-05,7.935717540874521e-07,9.502834850128039e-07,1.1069890522019676e-06,1.4124480094412917e-06,2.0232956745580566e-06,3.530181567734658e-06
2014-07-22,0.0,9.919399968083553e-07,1.049464939839595e-06,1.1069890522019676e-06,1.5050067063704375e-06,2.3009227463344217e-06,3.530181567734658e-06
2014-07-23,1.1813999999999965e-05,1.1109562016997643e-06,1.0573993494134015e-06,1.0038417772584296e-06,1.4098034437637352e-06,2.2216027000254712e-06,4.243770743039832e-06
2014-07-24,9.74690000000002e-06,1.1109562016997643e-06,1.0573993494134015e-06,1.0038417772584296e-06,1.4098034437637352e-06,2.2216027000254712e-06,4.3230505399893815e-06
2014-07-25,1.8520000000000168e-05,1.1109562016997643e-06,1.1585616881415461e-06,1.2061666059270948e-06,1.5711187448808062e-06,2.3009227463344217e-06,4.243770743039832e-06
2014-07-28,1.9180000000000043e-06,1.1902983632072761e-06,1.1486439253083347e-06,1.1069890522019676e-06,1.4785615838341926e-06,2.2216027000254712e-06,4.243770743039832e-06
2014-07-29,5.729000000000064e-05,9.919399968083553e-07,1.200216022345657e-06,1.4084811601478009e-06,1.7059839017008471e-06,2.3009227463344217e-06,4.243770743039832e-06
2014-07-30,0.00016209718000000003,9.919399968083553e-07,1.200216022345657e-06,1.4084811601478009e-06,1.7059839017008471e-06,2.3009227463344217e-06,4.521243131216934e-06
2014-07-31,5.844999999999809e-05,3.968056356828953e-07,7.003352677781294e-07,1.0038417772584296e-06,1.3701347461037017e-06,2.102619669264172e-06,4.521243131216934e-06
2014-08-01,4.720000000000592e-07,3.968056356828953e-07,6.943839288009457e-07,9.919399968083553e-07,1.2696389446453793e-06,1.82497877809773e-06,4.3230505399893815e-06
2014-08-04,1.1208999999999872e-05,3.968056356828953e-07,5.951936339343433e-07,7.935717540874521e-07,9.919399968083553e-07,1.3886468541723929e-06,4.1248480890931916e-06
2014-08-05,8.842999999999872e-05,3.968056356828953e-07,7.935717540874521e-07,1.1902983632072761e-06,1.4944286785834038e-06,2.102619669264172e-06,4.1248480890931916e-06
2014-08-06,0.00035305124,9.919399968083553e-07,9.919399968083553e-07,9.919399968083553e-07,1.335754888698304e-06,2.0232956745580566e-06,3.9266357774181415e-06
2014-08-07,0.00023140299999999982,9.919399968083553e-07,9.919399968083553e-07,9.919399968083553e-07,1.2299688514350038e-06,1.7059839017008471e-06,3.6094755657689603e-06
2014-08-08,2.549999999999948e-05,1.1109562016997643e-06,1.0514485435653143e-06,9.919399968083553e-07,1.2299688514350038e-06,1.7059839017008471e-06,3.6094755657689603e-06
2014-08-11,0.00018189300000000025,1.1902983632072761e-06,1.1902983632072761e-06,1.1902983632072761e-06,1.362200959365012e-06,1.7059839017008471e-06,3.6094755657689603e-06
2014-08-12,5.0670000000000055e-05,1.1902983632072761e-06,1.1902983632072761e-06,1.1902983632072761e-06,1.4944286785834038e-06,2.102619669264172e-06,3.7284136038540083e-06
2014-08-13,0.0002523059999999999,1.6266520093122239e-06,1.5076512089873262e-06,1.3886468541723929e-06,1.6266520093122239e-06,2.102619669264172e-06,3.3319396677278235e-06
2014-08-14,4.869200000000035e-05,1.1902983632072761e-06,1.2498039474451161e-06,1.3093086428384026e-06,1.5473185375203258e-06,2.0232956745580566e-06,3.2129897926669315e-06
2014-08-15,0.00011591285999999999,7.935717540874521e-07,9.522671382544701e-07,1.1109562016997643e-06,1.4150925735645359e-06,2.0232956745580566e-06,3.1336879029453257e-06
2014-08-18,6.314399999999935e-05,9.125938849052773e-07,1.0117762778705242e-06,1.1109562016997643e-06,1.4150925735645359e-06,2.0232956745580566e-06,3.3319396677278235e-06
2014-08-19,0.00020730899999999927,9.919399968083553e-07,1.0911204144647968e-06,1.1902983632072761e-06,1.467983485659019e-06,2.0232956745580566e-06,3.3319396677278235e-06
2014-08-20,7.118000000000011e-05,1.5076512089873262e-06,1.3489779460140738e-06,1.1902983632072761e-06,1.5340961385668095e-06,2.2216027000254712e-06,4.521243131216934e-06
2014-08-21,2.826199999999982e-05,1.1902983632072761e-06,9.919399968083553e-07,7.935717540874521e-07,1.2035219030259725e-06,2.0232956745580566e-06,4.005921885541497e-06
2014-08-22,0.00012711600000000003,1.1109562016997643e-06,1.0117762778705242e-06,9.125938849052773e-07,1.2828622211191743e-06,2.0232956745580566e-06,4.005921885541497e-06
2014-08-25,1.5170000000000114e-05,7.935717540874521e-07,7.935717540874521e-07,7.935717540874521e-07,1.1374037645062174e-06,1.82497877809773e-06,4.005921885541497e-06
2014-08-26,9.257000000000145e-06,7.142216913447186e-07,9.522671382544701e-07,1.1902983632072761e-06,1.467983485659019e-06,2.0232956745580566e-06,3.9266357774181415e-06
2014-08-27,0.00020418342,7.935717540874521e-07,9.919399968083553e-07,1.1902983632072761e-06,1.467983485659019e-06,2.0232956745580566e-06,3.9266357774181415e-06
2014-08-28,0.00013874200000000008,5.951936339343433e-07,8.530832640296637e-07,1.1109562016997643e-06,1.3754239287511183e-06,1.9043067214230547e-06,3.7284136038540083e-06
2014-08-29,8.120099999999993e-05,7.142216913447186e-07,8.530832640296637e-07,9.919399968083553e-07,1.335754888698304e-06,2.0232956745580566e-06,3.530181567734658e-06
2014-09-02,4.02151e-05,5.951936339343433e-07,7.935717540874521e-07,9.919399968083553e-07,1.2696389446453793e-06,1.82497877809773e-06,3.7284136038540083e-06
2014-09-03,0.00018560310000000004,5.951936339343433e-07,7.935717540874521e-07,9.919399968083553e-07,1.335754888698304e-06,2.0232956745580566e-06,3.6094755657689603e-06
2014-09-04,2.913599999999992e-05,5.951936339343433e-07,8.530832640296637e-07,1.1109562016997643e-06,1.4150925735645359e-06,2.0232956745580566e-06,3.6094755657689603e-06
2014-09-05,2.3646999999999904e-05,7.142216913447186e-07,9.125938849052773e-07,1.1109562016997643e-06,1.4150925735645359e-06,2.0232956745580566e-06,3.530181567734658e-06
2014-09-08,0.00017745999999999994,3.968056356828953e-07,6.943839288009457e-07,9.919399968083553e-07,1.335754888698304e-06,2.0232956745580566e-06,3.530181567734658e-06
2014-09-09,1.402699999999979e-05,1.1904584051869449e-07,4.563230724397016e-07,7.935717540874521e-07,1.1374037645062174e-06,1.82497877809773e-06,3.7284136038540083e-06
2014-09-10,0.00010177000000000016,1.9840775800084032e-07,4.960008697096896e-07,7.935717540874521e-07,1.163851151675388e-06,1.9043067214230547e-06,3.8077036568218148e-06
2014-09-11,0.0002853707,1.9840775800084032e-07,4.563230724397016e-07,7.142216913447186e-07,1.0845084634780733e-06,1.82497877809773e-06,3.6094755657689603e-06
2014-09-12,2.1389999999999604e-05,1.9840775800084032e-07,3.968056356828953e-07,5.951936339343433e-07,1.0316124601228438e-06,1.9043067214230547e-06,3.530181567734658e-06
2014-09-15,6.207900000000026e-06,3.174476701506279e-07,4.563230724397016e-07,5.951936339343433e-07,1.0316124601228438e-06,1.9043067214230547e-06,3.530181567734658e-06
2014-09-16,1.2286000000000241e-05,1.9840775800084032e-07,4.960008697096896e-07,7.935717540874521e-07,1.1374037645062174e-06,1.82497877809773e-06,3.8077036568218148e-06
2014-09-17,2.639299999999999e-05,1.1904584051869449e-07,4.1664487993031685e-07,7.142216913447186e-07,1.1109562016997643e-06,1.9043067214230547e-06,5.11576175554751e-06
2014-09-18,0.00013404599999999964,1.9840775800084032e-07,3.968056356828953e-07,5.951936339343433e-07,9.654914683299154e-07,1.7059839017008471e-06,4.719425863441984e-06
2014-09-19,1.4564699999999973e-05,1.9840775800084032e-07,4.563230724397016e-07,7.142216913447186e-07,1.0183883496495127e-06,1.6266520093122239e-06,4.521243131216934e-06
2014-09-22,0.0,1.1904584051869449e-07,1.587269968794658e-07,1.9840775800084032e-07,3.968056356828953e-07,7.935717540874521e-07,4.005921885541497e-06
2014-09-23,0.00010149000000000009,1.1904584051869449e-07,3.174476701506279e-07,5.158396201299098e-07,8.464709178035434e-07,1.5076512089873262e-06,3.8077036568218148e-06
2014-09-24,1.577999999999996e-05,1.9840775800084032e-07,4.563230724397016e-07,7.142216913447186e-07,9.78715754440529e-07,1.5076512089873262e-06,4.005921885541497e-06
2014-09-25,0.0,1.1904584051869449e-07,2.579281586090332e-07,3.968056356828953e-07,7.009965272697372e-07,1.3093086428384026e-06,3.7284136038540083e-06
2014-09-26,0.00022792700000000103,1.1904584051869449e-07,3.174476701506279e-07,5.158396201299098e-07,8.067966108527003e-07,1.3886468541723929e-06,3.8077036568218148e-06
2014-09-29,7.674599999999993e-05,1.9840775800084032e-07,3.5712685053646e-07,5.158396201299098e-07,7.406718878222307e-07,1.1902983632072761e-06,3.8077036568218148e-06
2014-09-30,5.352000000000004e-05,7.142216913447186e-07,8.134090228040236e-07,9.125938849052773e-07,1.2431922595812495e-06,1.9043067214230547e-06,3.9266357774181415e-06
2014-10-01,8.755000000000047e-05,5.158396201299098e-07,6.150318905273622e-07,7.142216913447186e-07,1.0183883496495127e-06,1.6266520093122239e-06,3.530181567734658e-06
2014-10-02,8.445268e-05,3.174476701506279e-07,4.563230724397016e-07,5.951936339343433e-07,9.390427644362376e-07,1.6266520093122239e-06,3.6094755657689603e-06
2014-10-03,1.1809999999999252e-05,5.158396201299098e-07,5.555168245408026e-07,5.951936339343433e-07,9.390427644362376e-07,1.6266520093122239e-06,3.8077036568218148e-06
2014-10-06,3.483000000000002e-05,3.968056356828953e-07,4.960008697096896e-07,5.951936339343433e-07,9.390427644362376e-07,1.6266520093122239e-06,3.6094755657689603e-06
2014-10-07,7.839999999998543e-06,1.9840775800084032e-07,3.968056356828953e-07,5.951936339343433e-07,9.654914683299154e-07,1.7059839017008471e-06,3.530181567734658e-06
2014-10-08,0.00033744999999999956,5.158396201299098e-07,4.563230724397016e-07,3.968056356828953e-07,8.33246192710746e-07,1.7059839017008471e-06,3.3319396677278235e-06
2014-10-09,4.975999999999939e-05,5.951936339343433e-07,4.960008697096896e-07,3.968056356828953e-07,8.067966108527003e-07,1.6266520093122239e-06,3.3319396677278235e-06
2014-10-10,0.00010093999999999902,5.158396201299098e-07,4.563230724397016e-07,3.968056356828953e-07,8.067966108527003e-07,1.6266520093122239e-06,3.3319396677278235e-06
2014-10-14,4.644000000000046e-06,9.919399968083553e-07,6.943839288009457e-07,3.968056356828953e-07,7.274468114548682e-07,1.3886468541723929e-06,2.935426272721031e-06
2014-10-15,9.207099999999913e-05,7.935717540874521e-07,6.943839288009457e-07,5.951936339343433e-07,9.390427644362376e-07,1.6266520093122239e-06,3.0147321088414003e-06
2014-10-16,3.171537999999999e-05,1.5076512089873262e-06,1.2498039474451161e-06,9.919399968083553e-07,1.2696389446453793e-06,1.82497877809773e-06,4.005921885541497e-06
2014-10-17,0.0,1.1902983632072761e-06,1.1506274799621963e-06,1.1109562016997643e-06,1.3489779460140738e-06,1.82497877809773e-06,4.005921885541497e-06
2014-10-20,1.866999999999841e-05,1.1902983632072761e-06,1.0911204144647968e-06,9.919399968083553e-07,1.2696389446453793e-06,1.82497877809773e-06,3.9266357774181415e-06
2014-10-21,1.8270000000000786e-05,1.1902983632072761e-06,1.0514485435653143e-06,9.125938849052773e-07,1.3489779460140738e-06,2.2216027000254712e-06,3.9266357774181415e-06
2014-10-22,0.00010989799999999977,1.1902983632072761e-06,9.919399968083553e-07,7.935717540874521e-07,1.2696389446453793e-06,2.2216027000254712e-06,3.9266357774181415e-06
2014-10-23,0.0,5.951936339343433e-07,3.968056356828953e-07,1.9840775800084032e-07,8.067966108527003e-07,2.0232956745580566e-06,3.9266357774181415e-06
2014-10-24,1.076800000000041e-05,7.142216913447186e-07,5.555168245408026e-07,3.968056356828953e-07,1.00516419521135e-06,2.2216027000254712e-06,3.9266357774181415e-06
2014-10-27,8.55000000000018e-06,7.935717540874521e-07,5.951936339343433e-07,3.968056356828953e-07,1.00516419521135e-06,2.2216027000254712e-06,3.9266357774181415e-06
2014-10-28,0.0,3.174476701506279e-07,5.555168245408026e-07,7.935717540874521e-07,1.335754888698304e-06,2.419899854944063e-06,3.9266357774181415e-06
2014-10-29,0.00010752499999999981,7.142216913447186e-07,7.538969202247614e-07,7.935717540874521e-07,1.362200959365012e-06,2.4992159535219827e-06,4.3230505399893815e-06
2014-10-30,7.01240000000004e-05,1.1904584051869449e-07,2.579281586090332e-07,3.968056356828953e-07,1.00516419521135e-06,2.2216027000254712e-06,4.1248480890931916e-06
2014-10-31,3.5599999999996745e-06,1.9840775800084032e-07,2.579281586090332e-07,3.174476701506279e-07,9.125938849052773e-07,2.102619669264172e-06,3.9266357774181415e-06
2014-11-03,1.2627800000000001e-05,2.0237581233040203e-07,2.599121566859708e-07,3.174476701506279e-07,8.861448297370345e-07,2.0232956745580566e-06,3.8077036568218148e-06
2014-11-04,6.35600000000033e-06,1.6266520093122239e-06,1.3688124493871356e-06,1.1109562016997643e-06,1.5473185375203258e-06,2.419899854944063e-06,3.8077036568218148e-06
2014-11-05,0.00035136399999999984,1.3886468541723929e-06,1.1902983632072761e-06,9.919399968083553e-07,1.4018697358508803e-06,2.2216027000254712e-06,3.8077036568218148e-06
2014-11-06,0.00030055800000000025,1.3886468541723929e-06,1.1506274799621963e-06,9.125938849052773e-07,1.3489779460140738e-06,2.2216027000254712e-06,3.9266357774181415e-06
2014-11-07,0.00019113810000000002,1.5076512089873262e-06,,,,2.935426272721031e-06,3.9266357774181415e-06
2014-11-10,5.665099999999958e-05,1.5076512089873262e-06,1.1506274799621963e-06,7.935717540874521e-07,1.2696389446453793e-06,2.2216027000254712e-06,3.9266357774181415e-06
2014-11-12,0.0002857716000000001,1.82497877809773e-06,1.2696389446453793e-06,7.142216913447186e-07,1.3489779460140738e-06,2.6181871408681445e-06,4.3230505399893815e-06
2014-11-13,8.646320000000002e-05,1.9043067214230547e-06,1.1506274799621963e-06,3.968056356828953e-07,1.1374037645062174e-06,2.6181871408681445e-06,5.630939478251662e-06
2014-11-14,0.00011556889999999996,1.7059839017008471e-06,1.1109562016997643e-06,5.158396201299098e-07,1.2431922595812495e-06,2.6974992919370777e-06,5.74981718526324e-06
2014-11-17,5.002710000000005e-05,5.951936339343433e-07,5.951936339343433e-07,5.951936339343433e-07,1.2696389446453793e-06,2.6181871408681445e-06,5.74981718526324e-06
2014-11-18,0.00019843799999999957,3.174476701506279e-07,4.960008697096896e-07,6.745460674473236e-07,1.3886468541723929e-06,2.8164645584638492e-06,5.23465483537322e-06
2014-11-19,6.1057e-05,1.6266520093122239e-06,9.125938849052773e-07,1.9840775800084032e-07,1.0316124601228438e-06,2.6974992919370777e-06,5.313914917426388e-06
2014-11-20,4.394100000000003e-05,1.6266520093122239e-06,9.721036169363373e-07,3.174476701506279e-07,1.0845084634780733e-06,2.6181871408681445e-06,5.0364977313144266e-06
2014-11-21,0.000137051,1.6266520093122239e-06,9.641690372763634e-07,3.015758873736729e-07,1.0739293190287214e-06,2.6181871408681445e-06,4.917598737996798e-06
2014-11-24,1.450500000000016e-05,1.5076512089873262e-06,1.0117762778705242e-06,5.158396201299098e-07,1.2167453991018817e-06,2.6181871408681445e-06,4.917598737996798e-06
2014-11-25,0.00010382499999999988,1.6266520093122239e-06,1.3688124493871356e-06,1.1109562016997643e-06,1.7192057299997288e-06,2.935426272721031e-06,4.917598737996798e-06
2014-11-26,0.0003848470000000002,2.3009227463344217e-06,1.5076512089873262e-06,7.142216913447186e-07,1.4150925735645359e-06,2.8164645584638492e-06,4.917598737996798e-06
2014-11-28,4.539899999999979e-05,1.7059839017008471e-06,1.1109562016997643e-06,5.158396201299098e-07,1.2828622211191743e-06,2.8164645584638492e-06,4.8383307711397094e-06
2014-12-01,4.586099999999947e-05,1.7853142142421063e-06,1.1902983632072761e-06,5.951936339343433e-07,1.4018697358508803e-06,3.0147321088414003e-06,4.719425863441984e-06
2014-12-02,5.010899999999957e-05,1.82497877809773e-06,1.4084811601478009e-06,9.919399968083553e-07,1.6663181530152116e-06,3.0147321088414003e-06,4.8383307711397094e-06
2014-12-03,0.0002968140000000003,1.1069890522019676e-06,1.1089726275059775e-06,1.1109562016997643e-06,1.679540112986544e-06,2.8164645584638492e-06,4.8383307711397094e-06
2014-12-04,2.690700000000006e-05,1.1109562016997643e-06,9.522671382544701e-07,7.935717540874521e-07,1.5340961385668095e-06,3.0147321088414003e-06,4.917598737996798e-06
2014-12-05,7.307000000000017e-06,7.935717540874521e-07,7.538969202247614e-07,7.142216913447186e-07,1.5869854708139286e-06,3.3319396677278235e-06,5.630939478251662e-06
2014-12-08,0.0001465529999999998,1.1902983632072761e-06,8.530832640296637e-07,5.158396201299098e-07,1.481206103992605e-06,3.411237611494755e-06,5.947938814809817e-06
2014-12-09,9.528900000000003e-06,2.0232956745580566e-06,1.7654817840995207e-06,1.5076512089873262e-06,2.4859967135970606e-06,4.441967277779568e-06,6.542244596952074e-06
2014-12-10,6.899999999999962e-05,1.9043067214230547e-06,1.5473185375203258e-06,1.1902983632072761e-06,2.102619669264172e-06,3.9266357774181415e-06,8.36422972749773e-06
2014-12-11,0.0002880470000000005,7.142216913447186e-07,9.522671382544701e-07,1.1902983632072761e-06,2.0629578694197903e-06,3.8077036568218148e-06,8.245430005215937e-06
2014-12-12,3.534000000000176e-05,3.968056356828953e-07,5.951936339343433e-07,7.935717540874521e-07,1.7324275145558232e-06,3.6094755657689603e-06,7.651378251427587e-06
2014-12-15,3.085799999999993e-05,1.9840775800084032e-07,4.563230724397016e-07,7.142216913447186e-07,1.6530961488570028e-06,3.530181567734658e-06,7.84940534459544e-06
2014-12-16,0.0,3.174476701506279e-07,8.530832640296637e-07,1.3886468541723929e-06,2.3670215787419124e-06,4.3230505399893815e-06,8.047422595636178e-06
2014-12-17,4.9060000000000076e-05,9.125938849052773e-07,9.522671382544701e-07,9.919399968083553e-07,2.102619669264172e-06,4.3230505399893815e-06,8.760203219493334e-06
2014-12-18,0.00015348000000000098,1.3886468541723929e-06,1.5076512089873262e-06,1.6266520093122239e-06,2.5917494061999946e-06,4.521243131216934e-06,9.552032157689183e-06
2014-12-19,6.59300000000005e-06,3.968056356828953e-07,8.530832640296637e-07,1.3093086428384026e-06,2.3802412136841866e-06,4.521243131216934e-06,9.94788761943255e-06
2014-12-22,0.00013654500000000007,3.968056356828953e-07,6.547081070618077e-07,9.125938849052773e-07,1.98363308512306e-06,4.1248480890931916e-06,1.0145800601879529e-05
2014-12-23,4.8240000000000175e-05,3.968056356828953e-07,7.538969202247614e-07,1.1109562016997643e-06,2.68428070993032e-06,5.829067019291756e-06,9.670792926241845e-06
2014-12-24,3.73866e-05,1.9840775800084032e-07,6.547081070618077e-07,1.1109562016997643e-06,2.657843413800265e-06,5.74981718526324e-06,9.472856345338343e-06
2014-12-26,2.00200000000008e-06,5.158396201299098e-07,3.5712685053646e-07,1.9840775800084032e-07,1.441538117541441e-06,3.9266357774181415e-06,9.35408967661644e-06
2014-12-29,0.00022457340000000007,1.9840775800084032e-07,3.5712685053646e-07,5.158396201299098e-07,1.3489779460140738e-06,3.0147321088414003e-06,8.641415304211364e-06
2014-12-30,0.00011870400000000073,1.9840775800084032e-07,6.943839288009457e-07,1.1902983632072761e-06,2.3009227463344217e-06,4.521243131216934e-06,7.730590269705573e-06
2014-12-31,2.560000000000409e-06,9.919399968083553e-07,1.3093086428384026e-06,1.6266520093122239e-06,2.6974992919370777e-06,4.8383307711397094e-06,8.562221393004776e-06
2015-01-02,0.0001326648,3.968056356828953e-07,5.951936339343433e-07,7.935717540874521e-07,1.9704121341224123e-06,4.3230505399893815e-06,8.839393195625433e-06
2015-01-05,6.826000000000054e-05,5.158396201299098e-07,4.1664487993031685e-07,3.174476701506279e-07,1.2828622211191743e-06,3.2129897926669315e-06,8.641415304211364e-06
2015-01-06,0.0,7.935717540874521e-07,9.919399968083553e-07,1.1902983632072761e-06,2.0629578694197903e-06,3.8077036568218148e-06,8.245430005215937e-06
2015-01-07,0.00030940999999999955,5.951936339343433e-07,7.935717540874521e-07,9.919399968083553e-07,1.8646429471580461e-06,3.6094755657689603e-06,9.868719673677973e-06
2015-01-08,2.1409999999999485e-05,5.158396201299098e-07,7.142216913447186e-07,9.125938849052773e-07,1.6530961488570028e-06,3.1336879029453257e-06,9.472856345338343e-06
2015-01-09,4.993999999999485e-06,7.142216913447186e-07,7.538969202247614e-07,7.935717540874521e-07,1.5340961385668095e-06,3.0147321088414003e-06,8.047422595636178e-06
2015-01-12,0.0,5.951936339343433e-07,6.547081070618077e-07,7.142216913447186e-07,1.5473185375203258e-06,3.2129897926669315e-06,7.453341314800355e-06
2015-01-13,0.00010044000000000025,7.935717540874521e-07,9.919399968083553e-07,1.1902983632072761e-06,1.9307490179976128e-06,3.411237611494755e-06,7.3345144275815954e-06
2015-01-14,2.868100000000002e-05,7.142216913447186e-07,9.522671382544701e-07,1.1902983632072761e-06,1.9043067214230547e-06,3.3319396677278235e-06,6.621478670032488e-06
2015-01-15,2.6591999999998894e-05,7.935717540874521e-07,9.522671382544701e-07,1.1109562016997643e-06,1.679540112986544e-06,2.8164645584638492e-06,6.0271847082127294e-06
2015-01-16,1.226999999999999e-05,7.142216913447186e-07,8.530832640296637e-07,9.919399968083553e-07,1.600207694352207e-06,2.8164645584638492e-06,6.344152519766055e-06
2015-01-20,3.2415999999999955e-05,3.174476701506279e-07,4.563230724397016e-07,5.951936339343433e-07,1.2299688514350038e-06,2.4992159535219827e-06,6.344152519766055e-06
2015-01-21,0.00011571100000000011,5.039363817349596e-07,7.479456611836355e-07,9.919399968083553e-07,1.6663181530152116e-06,3.0147321088414003e-06,6.423390532583895e-06
2015-01-22,9.030000000000149e-06,5.951936339343433e-07,6.943839288009457e-07,7.935717540874521e-07,1.5340961385668095e-06,3.0147321088414003e-06,6.423390532583895e-06
2015-01-23,0.0,5.951936339343433e-07,6.547081070618077e-07,7.142216913447186e-07,1.4150925735645359e-06,2.8164645584638492e-06,6.225292545458672e-06
2015-01-26,7.04799999999995e-06,7.935717540874521e-07,5.951936339343433e-07,3.968056356828953e-07,1.163851151675388e-06,2.6974992919370777e-06,6.225292545458672e-06
2015-01-27,3.6999999999953737e-07,9.125938849052773e-07,9.522671382544701e-07,9.919399968083553e-07,1.7324275145558232e-06,3.2129897926669315e-06,6.1460505926813624e-06
2015-01-28,8.583000000000028e-05,7.935717540874521e-07,7.935717540874521e-07,7.935717540874521e-07,1.5340961385668095e-06,3.0147321088414003e-06,6.225292545458672e-06
2015-01-29,8.308199999999995e-05,3.174476701506279e-07,4.563230724397016e-07,5.951936339343433e-07,1.2696389446453793e-06,2.6181871408681445e-06,6.0271847082127294e-06
2015-01-30,1.7090000000000855e-05,1.9840775800084032e-07,3.5712685053646e-07,5.158396201299098e-07,1.0183883496495127e-06,2.0232956745580566e-06,5.829067019291756e-06
2015-02-02,2.620000000000053e-05,1.9840775800084032e-07,2.976079318539604e-07,3.968056356828953e-07,8.067966108527003e-07,1.6266520093122239e-06,5.947938814809817e-06
2015-02-03,2.1000000000000185e-05,1.9840775800084032e-07,5.555168245408026e-07,9.125938849052773e-07,1.5076512089873262e-06,2.6974992919370777e-06,6.621478670032488e-06
2015-02-04,0.0002975199999999999,5.951936339343433e-07,5.951936339343433e-07,5.951936339343433e-07,1.2035219030259725e-06,2.419899854944063e-06,7.84940534459544e-06
2015-02-05,0.0003121900000000004,3.174476701506279e-07,4.563230724397016e-07,5.951936339343433e-07,1.2035219030259725e-06,2.419899854944063e-06,7.730590269705573e-06
2015-02-06,0.0002624340000000002,5.951936339343433e-07,7.538969202247614e-07,9.125938849052773e-07,1.7853142142421063e-06,3.530181567734658e-06,9.749964805072509e-06
2015-02-09,4.4915000000000406e-05,5.951936339343433e-07,4.960008697096896e-07,3.968056356828953e-07,1.2431922595812495e-06,2.935426272721031e-06,9.274909930301334e-06
2015-02-10,4.644000000000002e-05,5.158396201299098e-07,4.563230724397016e-07,3.968056356828953e-07,1.2431922595812495e-06,2.935426272721031e-06,9.274909930301334e-06
2015-02-11,0.00034409870000000006,7.142216913447186e-07,5.555168245408026e-07,3.968056356828953e-07,1.2035219030259725e-06,2.8164645584638492e-06,9.076953680020594e-06
2015-02-12,0.00023457999999999986,7.142216913447186e-07,6.150318905273622e-07,5.158396201299098e-07,1.2431922595812495e-06,2.6974992919370777e-06,9.076953680020594e-06
2015-02-13,8.739799999999982e-05,3.968056356828953e-07,3.968056356828953e-07,3.968056356828953e-07,1.1374037645062174e-06,2.6181871408681445e-06,8.760203219493334e-06
2015-02-17,0.00015084400000000002,3.174476701506279e-07,4.1664487993031685e-07,5.158396201299098e-07,1.2167453991018817e-06,2.6181871408681445e-06,8.839393195625433e-06
2015-02-18,8.120500000000002e-05,3.968056356828953e-07,5.951936339343433e-07,7.935717540874521e-07,1.4283153675354043e-06,2.6974992919370777e-06,8.047422595636178e-06
2015-02-19,0.00015529570000000009,5.951936339343433e-07,6.943839288009457e-07,7.935717540874521e-07,1.4018697358508803e-06,2.6181871408681445e-06,8.36422972749773e-06
2015-02-20,0.00011952900000000016,5.158396201299098e-07,5.555168245408026e-07,5.951936339343433e-07,1.2696389446453793e-06,2.6181871408681445e-06,8.44342757444494e-06
2015-02-23,1.0475100000000004e-05,7.142216913447186e-07,7.538969202247614e-07,7.935717540874521e-07,1.362200959365012e-06,2.4992159535219827e-06,8.245430005215937e-06
2015-02-24,2.881099999999968e-05,5.951936339343433e-07,7.538969202247614e-07,9.125938849052773e-07,1.5473185375203258e-06,2.8164645584638492e-06,7.532557270595319e-06
2015-02-25,0.00017202829999999995,5.951936339343433e-07,6.943839288009457e-07,7.935717540874521e-07,1.467983485659019e-06,2.8164645584638492e-06,7.453341314800355e-06
2015-02-26,0.00016806000000000004,5.951936339343433e-07,6.943839288009457e-07,7.935717540874521e-07,1.5340961385668095e-06,3.0147321088414003e-06,8.047422595636178e-06
2015-02-27,6.8429999999998666e-06,7.142216913447186e-07,6.547081070618077e-07,5.951936339343433e-07,1.3754239287511183e-06,2.935426272721031e-06,7.651378251427587e-06
2015-03-02,5.652899999999961e-05,7.142216913447186e-07,6.150318905273622e-07,5.158396201299098e-07,1.3225317876397469e-06,2.935426272721031e-06,7.730590269705573e-06
2015-03-03,1.4722999999999473e-05,3.968056356828953e-07,,,,3.1336879029453257e-06,7.730590269705573e-06
2015-03-04,0.0002020479999999998,3.174476701506279e-07,4.563230724397016e-07,5.951936339343433e-07,1.467983485659019e-06,3.2129897926669315e-06,9.908303843175759e-06
2015-03-05,4.503500000000013e-05,3.968056356828953e-07,3.968056356828953e-07,3.968056356828953e-07,1.3093086428384026e-06,3.1336879029453257e-06,9.274909930301334e-06
2015-03-06,0.00012992000000000038,3.968056356828953e-07,4.563230724397016e-07,5.158396201299098e-07,1.6530961488570028e-06,3.9266357774181415e-06,1.0383283204129512e-05
2015-03-09,9.490200000000001e-05,3.968056356828953e-07,3.968056356828953e-07,3.968056356828953e-07,1.481206103992605e-06,3.6491219730372393e-06,9.670792926241845e-06
2015-03-10,5.9180000000002425e-05,5.951936339343433e-07,5.951936339343433e-07,5.951936339343433e-07,1.7456492553691305e-06,4.04556434774328e-06,9.472856345338343e-06
2015-03-11,0.00019829700000000006,9.125938849052773e-07,8.134090228040236e-07,7.142216913447186e-07,1.82497877809773e-06,4.04556434774328e-06,9.472856345338343e-06
2015-03-12,0.00025442999999999993,9.919399968083553e-07,9.522671382544701e-07,9.125938849052773e-07,1.9571911393789776e-06,4.04556434774328e-06,9.393678959579432e-06
2015-03-13,2.4347999999999557e-05,1.1109562016997643e-06,1.1109562016997643e-06,1.1109562016997643e-06,2.1819420845670123e-06,4.3230505399893815e-06,9.393678959579432e-06
2015-03-16,1.642999999999957e-05,1.2299688514350038e-06,1.3291433438311628e-06,1.4283153675354043e-06,2.8296827021545568e-06,5.630939478251662e-06,9.59161947400311e-06
2015-03-17,4.747999999999732e-06,1.5076512089873262e-06,1.8051465455748428e-06,2.102619669264172e-06,3.4905339767465904e-06,6.26491293087561e-06,1.0304123909676832e-05
2015-03-18,2.22499999999997e-05,1.2299688514350038e-06,1.5671520534610295e-06,1.9043067214230547e-06,2.8164645584638492e-06,4.640153953516801e-06,8.28503030625427e-06
2015-03-19,1.0508999999999692e-05,1.9840775800084032e-07,3.968056356828953e-07,5.951936339343433e-07,2.0100748552298597e-06,4.8383307711397094e-06,9.274909930301334e-06
2015-03-20,1.3635999999999163e-05,1.9840775800084032e-07,2.579281586090332e-07,3.174476701506279e-07,1.5869854708139286e-06,4.1248480890931916e-06,8.8789875933859e-06
2015-03-23,0.0,1.9840775800084032e-07,1.9840775800084032e-07,1.9840775800084032e-07,1.3754239287511183e-06,3.7284136038540083e-06,8.681011669509076e-06
2015-03-24,8.038499999999966e-05,7.142216913447186e-07,7.538969202247614e-07,7.935717540874521e-07,2.0100748552298597e-06,4.441967277779568e-06,8.760203219493334e-06
2015-03-25,2.3439999999999572e-05,9.125938849052773e-07,9.125938849052773e-07,9.125938849052773e-07,2.1555014548813034e-06,4.640153953516801e-06,9.59161947400311e-06
2015-03-26,2.4680999999999922e-05,3.174476701506279e-07,8.729202363166877e-07,1.4283153675354043e-06,2.7371547755006276e-06,5.353544367148189e-06,1.0304123909676832e-05
2015-03-27,0.00019135500000000026,3.968056356828953e-07,9.522671382544701e-07,1.5076512089873262e-06,2.6181871408681445e-06,4.8383307711397094e-06,9.670792926241845e-06
2015-03-30,8.938999999999996e-05,1.9840775800084032e-07,6.547081070618077e-07,1.1109562016997643e-06,2.419899854944063e-06,5.0364977313144266e-06,9.789550154515325e-06
2015-03-31,9.87880000000007e-05,7.142216913447186e-07,1.0712845284199801e-06,1.4283153675354043e-06,2.7635915451629245e-06,5.432802083982224e-06,9.076953680020594e-06
2015-04-01,0.00011894500000000051,1.2299688514350038e-06,1.3688124493871356e-06,1.5076512089873262e-06,2.3802412136841866e-06,4.1248480890931916e-06,9.59161947400311e-06
2015-04-02,3.471699999999965e-05,1.3093086428384026e-06,9.522671382544701e-07,5.951936339343433e-07,1.7059839017008471e-06,3.9266357774181415e-06,9.59161947400311e-06
2015-04-06,1.1509999999999299e-05,7.935717540874521e-07,5.951936339343433e-07,3.968056356828953e-07,1.3754239287511183e-06,3.3319396677278235e-06,8.16622822230606e-06
2015-04-07,4.345200000000025e-05,7.935717540874521e-07,8.927571100159071e-07,9.919399968083553e-07,2.0100748552298597e-06,4.04556434774328e-06,8.48302590750194e-06
2015-04-08,0.00037059899999999967,7.935717540874521e-07,8.530832640296637e-07,9.125938849052773e-07,1.9571911393789776e-06,4.04556434774328e-06,8.48302590750194e-06
2015-04-09,5.098999999999729e-06,7.935717540874521e-07,8.927571100159071e-07,9.919399968083553e-07,1.943970100670711e-06,3.8473480914458236e-06,8.760203219493334e-06
2015-04-10,0.0,5.951936339343433e-07,6.943839288009457e-07,7.935717540874521e-07,1.8117573006293242e-06,3.8473480914458236e-06,9.076953680020594e-06
2015-04-13,8.832599999999968e-05,5.951936339343433e-07,5.555168245408026e-07,5.158396201299098e-07,1.6266520093122239e-06,3.8473480914458236e-06,8.760203219493334e-06
2015-04-14,4.794000000000022e-06,9.919399968083553e-07,7.935717540874521e-07,5.951936339343433e-07,1.5340961385668095e-06,3.411237611494755e-06,8.48302590750194e-06
2015-04-15,4.119999999999818e-07,9.125938849052773e-07,8.530832640296637e-07,7.935717540874521e-07,1.6398741011780515e-06,3.3319396677278235e-06,8.087024864655845e-06
2015-04-16,2.5415800000000042e-05,1.1109562016997643e-06,9.125938849052773e-07,7.142216913447186e-07,1.5473185375203258e-06,3.2129897926669315e-06,7.9682168760975e-06
2015-04-17,0.0,7.935717540874521e-07,7.538969202247614e-07,7.142216913447186e-07,1.5208736956484614e-06,3.1336879029453257e-06,8.28503030625427e-06
2015-04-20,2.1890999999999577e-05,5.951936339343433e-07,6.547081070618077e-07,7.142216913447186e-07,1.5208736956484614e-06,3.1336879029453257e-06,8.48302590750194e-06
2015-04-21,1.7920999999999953e-05,5.158396201299098e-07,7.538969202247614e-07,9.919399968083553e-07,1.943970100670711e-06,3.8473480914458236e-06,8.36422972749773e-06
2015-04-22,2.9866000000000788e-05,7.142216913447186e-07,8.530832640296637e-07,9.919399968083553e-07,1.9043067214230547e-06,3.7284136038540083e-06,8.681011669509076e-06
2015-04-23,9.575200000000016e-05,3.174476701506279e-07,6.547081070618077e-07,9.919399968083553e-07,1.8778642489891695e-06,3.6491219730372393e-06,8.562221393004776e-06
2015-04-24,4.254999999999884e-06,3.968056356828953e-07,5.951936339343433e-07,7.935717540874521e-07,1.7456492553691305e-06,3.6491219730372393e-06,8.48302590750194e-06
2015-04-27,1.8530000000004446e-06,3.174476701506279e-07,5.158396201299098e-07,7.142216913447186e-07,1.7192057299997288e-06,3.7284136038540083e-06,8.562221393004776e-06
2015-04-28,0.00010345900000000019,1.1904584051869449e-07,4.1664487993031685e-07,7.142216913447186e-07,1.5869854708139286e-06,3.3319396677278235e-06,8.562221393004776e-06
2015-04-29,6.373900000000016e-05,-3.9684516062177266e-07,-3.968273731835836e-08,3.174476701506279e-07,1.0580605496190998e-06,2.5388734108400257e-06,9.195728610356113e-06
2015-04-30,4.443000000000155e-05,-1.1904939767326539e-07,3.9682342078961597e-08,1.9840775800084032e-07,6.348700483105318e-07,1.5076512089873262e-06,9.195728610356113e-06
2015-05-01,3.6800000000006966e-06,1.1904584051869449e-07,2.182479903467538e-07,3.174476701506279e-07,8.464709178035434e-07,1.9043067214230547e-06,9.274909930301334e-06
2015-05-04,0.0,1.9840775800084032e-07,2.579281586090332e-07,3.174476701506279e-07,6.216446206686044e-07,1.2299688514350038e-06,9.076953680020594e-06
2015-05-05,8.814000000000044e-05,3.968056356828953e-07,4.563230724397016e-07,5.158396201299098e-07,1.2828622211191743e-06,2.8164645584638492e-06,9.274909930301334e-06
2015-05-06,0.0004216049999999994,7.142216913447186e-07,6.547081070618077e-07,5.951936339343433e-07,1.5076512089873262e-06,3.3319396677278235e-06,9.472856345338343e-06
2015-05-07,0.00024221400000000014,3.174476701506279e-07,3.5712685053646e-07,3.968056356828953e-07,1.335754888698304e-06,3.2129897926669315e-06,9.472856345338343e-06
2015-05-08,2.1319999999998285e-05,3.968056356828953e-07,3.5712685053646e-07,3.174476701506279e-07,1.256415623984708e-06,3.1336879029453257e-06,8.681011669509076e-06
2015-05-11,0.00019198200000000026,1.9840775800084032e-07,3.5712685053646e-07,5.158396201299098e-07,1.4150925735645359e-06,3.2129897926669315e-06,9.195728610356113e-06
2015-05-12,5.269399999999983e-05,3.174476701506279e-07,6.150318905273622e-07,9.125938849052773e-07,1.7853142142421063e-06,3.530181567734658e-06,9.195728610356113e-06
2015-05-13,0.00021745549999999998,3.968056356828953e-07,5.951936339343433e-07,7.935717540874521e-07,1.6663181530152116e-06,3.411237611494755e-06,8.760203219493334e-06
2015-05-14,0.0001143299999999993,5.158396201299098e-07,6.150318905273622e-07,7.142216913447186e-07,1.613429873703609e-06,3.411237611494755e-06,8.16622822230606e-06
2015-05-15,0.00011328960000000002,3.968056356828953e-07,4.960008697096896e-07,5.951936339343433e-07,1.467983485659019e-06,3.2129897926669315e-06,7.9682168760975e-06
2015-05-18,5.5050000000000064e-05,3.968056356828953e-07,4.563230724397016e-07,5.158396201299098e-07,1.2828622211191743e-06,2.8164645584638492e-06,7.9682168760975e-06
2015-05-19,0.00020015849999999993,3.968056356828953e-07,5.951936339343433e-07,7.935717540874521e-07,1.600207694352207e-06,3.2129897926669315e-06,8.16622822230606e-06
2015-05-20,0.00010548670000000003,7.935717540874521e-07,8.530832640296637e-07,9.125938849052773e-07,1.613429873703609e-06,3.0147321088414003e-06,7.9682168760975e-06
2015-05-21,0.00013572499999999973,7.935717540874521e-07,7.538969202247614e-07,7.142216913447186e-07,1.481206103992605e-06,3.0147321088414003e-06,7.453341314800355e-06
2015-05-22,1.057399999999974e-05,5.158396201299098e-07,6.547081070618077e-07,7.935717540874521e-07,1.600207694352207e-06,3.2129897926669315e-06,8.28503030625427e-06
2015-05-26,1.7659999999999204e-05,5.158396201299098e-07,5.555168245408026e-07,5.951936339343433e-07,1.4018697358508803e-06,3.0147321088414003e-06,8.760203219493334e-06
2015-05-27,0.00016339899999999984,3.968056356828953e-07,5.555168245408026e-07,7.142216913447186e-07,1.613429873703609e-06,3.411237611494755e-06,9.195728610356113e-06
2015-05-28,0.00017698999999999992,5.158396201299098e-07,4.1664487993031685e-07,3.174476701506279e-07,1.1241800050854067e-06,2.7371547755006276e-06,1.010621879204976e-05
2015-05-29,2.5261999999999854e-05,3.174476701506279e-07,2.182479903467538e-07,1.1904584051869449e-07,9.258183466531733e-07,2.5388734108400257e-06,9.908303843175759e-06
2015-06-01,9.60100000000001e-05,1.1904584051869449e-07,2.579281586090332e-07,3.968056356828953e-07,9.654914683299154e-07,2.102619669264172e-06,9.789550154515325e-06
2015-06-02,5.105099999999998e-05,3.968056356828953e-07,4.960008697096896e-07,5.951936339343433e-07,1.3093086428384026e-06,2.7371547755006276e-06,9.908303843175759e-06
2015-06-03,0.000182883,5.951936339343433e-07,5.951936339343433e-07,5.951936339343433e-07,1.3093086428384026e-06,2.7371547755006276e-06,1.010621879204976e-05
2015-06-04,1.570700000000022e-05,5.951936339343433e-07,5.555168245408026e-07,5.158396201299098e-07,1.256415623984708e-06,2.7371547755006276e-06,9.908303843175759e-06
2015-06-05,4.524800000000012e-05,5.951936339343433e-07,6.547081070618077e-07,7.142216913447186e-07,1.5208736956484614e-06,3.1336879029453257e-06,1.0581174559876061e-05
2015-06-08,0.0001767069999999999,5.951936339343433e-07,5.951936339343433e-07,5.951936339343433e-07,1.3754239287511183e-06,2.935426272721031e-06,1.010621879204976e-05
2015-06-09,2.5246299999999975e-05,5.158396201299098e-07,6.150318905273622e-07,7.142216913447186e-07,1.5869854708139286e-06,3.3319396677278235e-06,1.010621879204976e-05
2015-06-10,6.912000000000064e-05,1.9840775800084032e-07,4.563230724397016e-07,7.142216913447186e-07,1.613429873703609e-06,3.411237611494755e-06,1.0185382018690348e-05
2015-06-11,0.00029413599999999996,1.9840775800084032e-07,3.5712685053646e-07,5.158396201299098e-07,1.6530961488570028e-06,3.9266357774181415e-06,1.0304123909676832e-05
2015-06-12,6.219399999999979e-05,1.9840775800084032e-07,2.976079318539604e-07,3.968056356828953e-07,1.573763203532863e-06,3.9266357774181415e-06,1.0383283204129512e-05
2015-06-15,1.972499999999995e-05,3.174476701506279e-07,3.5712685053646e-07,3.968056356828953e-07,1.5473185375203258e-06,3.8473480914458236e-06,1.0185382018690348e-05
2015-06-16,1.3220999999999893e-05,1.9840775800084032e-07,3.5712685053646e-07,5.158396201299098e-07,1.7192057299997288e-06,4.1248480890931916e-06,1.010621879204976e-05
2015-06-17,1.9727999999999673e-05,1.9840775800084032e-07,3.5712685053646e-07,5.158396201299098e-07,1.7192057299997288e-06,4.1248480890931916e-06,9.908303843175759e-06
2015-06-18,0.00012789300000000045,-1.1904939767326539e-07,1.3888646810400473e-07,3.968056356828953e-07,1.2696389446453793e-06,3.0147321088414003e-06,9.195728610356113e-06
2015-06-19,0.0,1.1904584051869449e-07,2.182479903467538e-07,3.174476701506279e-07,9.125938849052773e-07,2.102619669264172e-06,8.760203219493334e-06
2015-06-22,0.0,-5.159064174753425e-07,-9.920758436976485e-08,3.174476701506279e-07,8.861448297370345e-07,2.0232956745580566e-06,9.195728610356113e-06
2015-06-23,7.992649999999997e-05,-5.159064174753425e-07,0.0,5.158396201299098e-07,1.481206103992605e-06,3.411237611494755e-06,1.2599105136512634e-05
2015-06-24,3.130100000000007e-05,1.9840775800084032e-07,2.976079318539604e-07,3.968056356828953e-07,1.335754888698304e-06,3.2129897926669315e-06,1.1412210934036437e-05
2015-06-25,3.700600000000002e-05,-3.174729661381548e-07,-5.952425419231133e-08,1.9840775800084032e-07,1.0448365268533877e-06,2.7371547755006276e-06,1.1293502064413374e-05
2015-06-26,0.0001798257,-1.1904939767326539e-07,3.9682342078961597e-08,1.9840775800084032e-07,1.1109562016997643e-06,2.935426272721031e-06,1.1412210934036437e-05
2015-06-29,9.152000000000118e-05,-1.9841763920780409e-07,0.0,1.9840775800084032e-07,1.3093086428384026e-06,3.530181567734658e-06,1.0581174559876061e-05
2015-06-30,6.171699999999976e-05,-9.920758436976485e-08,3.472070924104287e-07,7.935717540874521e-07,2.0365164501434663e-06,4.521243131216934e-06,1.0581174559876061e-05
2015-07-01,0.00024071999999999982,3.968056356828953e-07,4.563230724397016e-07,5.158396201299098e-07,1.9307490179976128e-06,4.759061227099792e-06,1.0897780285290537e-05
2015-07-02,0.0,3.174476701506279e-07,3.174476701506279e-07,3.174476701506279e-07,1.5869854708139286e-06,4.1248480890931916e-06,9.908303843175759e-06
2015-07-06,4.27470000000001e-05,3.174476701506279e-07,3.5712685053646e-07,3.968056356828953e-07,1.481206103992605e-06,3.6491219730372393e-06,9.393678959579432e-06
2015-07-07,9.443999999999945e-06,3.968056356828953e-07,4.960008697096896e-07,5.951936339343433e-07,1.467983485659019e-06,3.2129897926669315e-06,9.195728610356113e-06
2015-07-08,0.0002828299999999978,5.951936339343433e-07,5.951936339343433e-07,5.951936339343433e-07,1.467983485659019e-06,3.2129897926669315e-06,8.760203219493334e-06
2015-07-09,9.31899999999982e-06,5.951936339343433e-07,6.547081070618077e-07,7.142216913447186e-07,1.5473185375203258e-06,3.2129897926669315e-06,9.195728610356113e-06
2015-07-10,0.0,5.951936339343433e-07,5.951936339343433e-07,5.951936339343433e-07,1.573763203532863e-06,3.530181567734658e-06,9.987471002448345e-06
2015-07-13,9.218999999999894e-05,5.158396201299098e-07,1.9840775800084032e-07,-1.1904939767326539e-07,1.0580605496190998e-06,3.411237611494755e-06,1.010621879204976e-05
2015-07-14,4.544000000000423e-06,5.158396201299098e-07,5.555168245408026e-07,5.951936339343433e-07,1.7456492553691305e-06,4.04556434774328e-06,9.789550154515325e-06
2015-07-15,1.553939999999999e-05,9.919399968083553e-07,8.927571100159071e-07,7.935717540874521e-07,1.943970100670711e-06,4.243770743039832e-06,9.908303843175759e-06
2015-07-16,2.8458999999999776e-05,9.125938849052773e-07,8.134090228040236e-07,7.142216913447186e-07,1.8910855070775057e-06,4.243770743039832e-06,1.010621879204976e-05
2015-07-17,0.0,7.935717540874521e-07,7.935717540874521e-07,7.935717540874521e-07,2.0365164501434663e-06,4.521243131216934e-06,1.0304123909676832e-05
2015-07-20,2.3403200000000034e-05,9.125938849052773e-07,1.0117762778705242e-06,1.1109562016997643e-06,2.4859967135970606e-06,5.23465483537322e-06,1.1293502064413374e-05
2015-07-21,3.7937999999999514e-05,9.919399968083553e-07,1.2101336566150422e-06,1.4283153675354043e-06,2.7371547755006276e-06,5.353544367148189e-06,1.1491348215653119e-05
2015-07-22,0.0001001890000000001,1.4283153675354043e-06,1.4283153675354043e-06,1.4283153675354043e-06,2.6974992919370777e-06,5.23465483537322e-06,1.3311071974664301e-05
2015-07-23,8.165499999999992e-05,1.5076512089873262e-06,1.467983485659019e-06,1.4283153675354043e-06,2.6974992919370777e-06,5.23465483537322e-06,1.2599105136512634e-05
2015-07-24,4.2300000000009e-06,1.3093086428384026e-06,1.4084811601478009e-06,1.5076512089873262e-06,2.750373182314192e-06,5.23465483537322e-06,1.2599105136512634e-05
2015-07-27,1.8959999999994953e-06,1.6266520093122239e-06,1.467983485659019e-06,1.3093086428384026e-06,2.657843413800265e-06,5.353544367148189e-06,1.2322194780312046e-05
2015-07-28,5.659999999999346e-06,1.6266520093122239e-06,1.8646429471580461e-06,2.102619669264172e-06,3.358372490991357e-06,5.868691345334298e-06,1.2519989855741542e-05
2015-07-29,0.00013537199999999992,2.0232956745580566e-06,2.0629578694197903e-06,2.102619669264172e-06,3.358372490991357e-06,5.868691345334298e-06,1.271777511191452e-05
2015-07-30,7.874932e-05,1.9043067214230547e-06,2.3207525112756144e-06,2.7371547755006276e-06,3.8473480914458236e-06,6.066807063609403e-06,1.3746100195666244e-05
2015-07-31,1.0566999999999955e-05,1.2299688514350038e-06,1.884474883695475e-06,2.5388734108400257e-06,3.5698287639274184e-06,5.630939478251662e-06,1.2519989855741542e-05
2015-08-03,4.300000000000484e-07,9.919399968083553e-07,1.8646429471580461e-06,2.7371547755006276e-06,3.8077036568218148e-06,5.947938814809817e-06,1.271777511191452e-05
2015-08-04,2.550800000000004e-05,1.6266520093122239e-06,2.419899854944063e-06,3.2129897926669315e-06,4.56088046640879e-06,7.2552945338255626e-06,1.3825191132577075e-05
2015-08-05,0.0004216929999999999,2.0232956745580566e-06,2.6181871408681445e-06,3.2129897926669315e-06,4.759061227099792e-06,7.84940534459544e-06,1.4418323119214094e-05
2015-08-06,0.00027481899999999993,1.4283153675354043e-06,1.3688124493871356e-06,1.3093086428384026e-06,3.2922901040954855e-06,7.2552945338255626e-06,1.3311071974664301e-05
2015-08-07,3.544200000000011e-05,1.2299688514350038e-06,1.924138460340785e-06,2.6181871408681445e-06,4.574092823839138e-06,8.48302590750194e-06,1.4220622268190652e-05
2015-08-10,2.198999999999951e-05,7.935717540874521e-07,1.9043067214230547e-06,3.0147321088414003e-06,5.102551194458016e-06,9.274909930301334e-06,1.485323046224174e-05
2015-08-11,0.00017717299999999922,1.5076512089873262e-06,2.8164645584638492e-06,4.1248480890931916e-06,5.776233971799272e-06,9.076953680020594e-06,1.414153918077865e-05
2015-08-12,0.00023220160000000012,2.419899854944063e-06,3.2328150185723104e-06,4.04556434774328e-06,5.6573570530460415e-06,8.8789875933859e-06,1.3943824594297993e-05
2015-08-13,0.000147648,2.0232956745580566e-06,2.8362917574575874e-06,3.6491219730372393e-06,5.5252674275863e-06,9.274909930301334e-06,1.473462407686199e-05
2015-08-14,2.114000000000109e-06,1.2299688514350038e-06,2.4397290276922945e-06,3.6491219730372393e-06,5.5648947749897815e-06,9.393678959579432e-06,1.49322994242862e-05
2015-08-17,0.0001887690000000001,7.935717540874521e-07,1.8051465455748428e-06,2.8164645584638492e-06,4.970443173046846e-06,9.274909930301334e-06,1.473462407686199e-05
2015-08-18,0.00018068000000000034,7.142216913447186e-07,2.1819420845670123e-06,3.6491219730372393e-06,5.6573570530460415e-06,9.670792926241845e-06,1.49322994242862e-05
2015-08-19,6.573600000000027e-05,1.6266520093122239e-06,1.82497877809773e-06,2.0232956745580566e-06,4.4155416429880745e-06,9.195728610356113e-06,1.564384947738695e-05
2015-08-20,1.150000000001844e-06,3.174476701506279e-07,5.555168245408026e-07,7.935717540874521e-07,3.2922901040954855e-06,8.28503030625427e-06,1.5129964964444298e-05
2015-08-21,0.0001570299999999955,3.968056356828953e-07,8.134090228040236e-07,1.2299688514350038e-06,3.411237611494755e-06,7.770195688427961e-06,1.4220622268190652e-05
2015-08-24,2.4280000000001523e-05,7.935717540874521e-07,8.530832640296637e-07,9.125938849052773e-07,3.2262066209653995e-06,7.84940534459544e-06,1.3113316170487721e-05
2015-08-25,1.3929999999998804e-05,9.919399968083553e-07,1.7059839017008471e-06,2.419899854944063e-06,4.336263686122166e-06,8.16622822230606e-06,1.3825191132577075e-05
2015-08-26,7.918999999999982e-05,1.82497877809773e-06,2.1819420845670123e-06,2.5388734108400257e-06,4.30983735011381e-06,7.84940534459544e-06,1.350881796380321e-05
2015-08-27,0.00010120000000000268,3.968056356828953e-07,1.3489779460140738e-06,2.3009227463344217e-06,4.2966241162734065e-06,8.28503030625427e-06,1.3943824594297993e-05
2015-08-28,0.00012779549999999995,3.174476701506279e-07,1.3093086428384026e-06,2.3009227463344217e-06,4.428754482255215e-06,8.681011669509076e-06,1.473462407686199e-05
2015-08-31,0.0001137050000000004,1.1904584051869449e-07,2.579281586090332e-07,3.968056356828953e-07,3.39802139714962e-06,9.393678959579432e-06,1.5129964964444298e-05
2015-09-01,4.721000000000239e-05,3.968056356828953e-07,1.2498039474451161e-06,2.102619669264172e-06,4.904387519655273e-06,1.0502019196945156e-05,1.473462407686199e-05
2015-09-02,0.000166160000000002,3.968056356828953e-07,8.134090228040236e-07,1.2299688514350038e-06,4.111634241743545e-06,9.868719673677973e-06,1.3825191132577075e-05
2015-09-03,5.428300000000002e-05,3.968056356828953e-07,5.951936339343433e-07,7.935717540874521e-07,3.6623373544930615e-06,9.393678959579432e-06,1.342972074591664e-05
2015-09-04,6.927000000000148e-05,5.158396201299098e-07,9.721036169363373e-07,1.4283153675354043e-06,4.151275652342079e-06,9.59161947400311e-06,1.4022911606348387e-05
2015-09-08,0.00012867000000000087,5.158396201299098e-07,8.729202363166877e-07,1.2299688514350038e-06,4.151275652342079e-06,9.987471002448345e-06,1.4536938921061449e-05
2015-09-09,8.592999999999969e-05,1.2299688514350038e-06,1.5274849225477283e-06,1.82497877809773e-06,4.745849482956643e-06,1.0581174559876061e-05,1.4655551191511407e-05
2015-09-10,8.636700000000039e-05,7.935717540874521e-07,8.927571100159071e-07,9.919399968083553e-07,4.058778414250952e-06,1.0185382018690348e-05,1.473462407686199e-05
2015-09-11,0.0003151580000000003,1.2299688514350038e-06,1.2299688514350038e-06,1.2299688514350038e-06,4.019136083499575e-06,9.59161947400311e-06,1.4616014160528934e-05
2015-09-14,6.003999999999992e-05,7.142216913447186e-07,,,,9.59161947400311e-06,1.742216883293679e-05
2015-09-15,1.2820000000000192e-05,5.158396201299098e-07,1.5274849225477283e-06,2.5388734108400257e-06,5.3271247777431086e-06,1.0897780285290537e-05,1.7659218119137066e-05
2015-09-16,3.7943999999999825e-05,3.174476701506279e-07,1.4283153675354043e-06,2.5388734108400257e-06,4.957232130120559e-06,9.789550154515325e-06,1.8488779569114655e-05
2015-09-17,0.00015941000000000002,-5.159064174753425e-07,0.0,5.158396201299098e-07,2.5917494061999946e-06,6.740326825349641e-06,1.5446209431724256e-05
2015-09-18,8.23000000000143e-06,-5.952825653521288e-07,-4.4843793511883945e-07,-3.015987170007506e-07,1.1479827404237142e-06,4.04556434774328e-06,1.3627460846210582e-05
2015-09-21,1.0850999999999222e-05,-5.159064174753425e-07,-4.16688456406078e-07,-3.174729661381548e-07,7.671219086624603e-07,2.935426272721031e-06,1.4022911606348387e-05
2015-09-22,2.661999999999977e-05,-5.159064174753425e-07,-9.920758436976485e-08,3.174476701506279e-07,1.5605408925090103e-06,4.04556434774328e-06,1.3311071974664301e-05
2015-09-23,5.045000000000006e-05,-7.143497525730069e-07,-1.5873332082083635e-07,3.968056356828953e-07,1.481206103992605e-06,3.6491219730372393e-06,1.3231970831029116e-05
2015-09-24,0.0,-9.921870284257395e-07,-3.9684516062177266e-07,1.9840775800084032e-07,1.2035219030259725e-06,3.2129897926669315e-06,1.2401313988830154e-05
2015-09-25,4.38350000000001e-06,-7.143497525730069e-07,-6.151268494569706e-07,-5.159064174753425e-07,5.951936339343433e-07,2.8164645584638492e-06,1.3231970831029116e-05
2015-09-28,0.00028558999999999876,-7.937298542870508e-07,-4.563753442932139e-07,-1.1904939767326539e-07,8.33246192710746e-07,2.7371547755006276e-06,1.2836441552810385e-05
2015-09-29,5.9330000000000016e-05,-9.128029725413711e-07,-2.5794485791763577e-07,3.968056356828953e-07,1.6398741011780515e-06,4.1248480890931916e-06,1.271777511191452e-05
2015-09-30,6.17400000000011e-05,-4.0478246710051735e-07,-4.365103278836102e-08,3.174476701506279e-07,1.3489779460140738e-06,3.411237611494755e-06,1.2519989855741542e-05
2015-10-01,6.615199999999988e-05,-5.952825653521288e-07,-4.960626275307689e-07,-3.9684516062177266e-07,7.142216913447186e-07,2.935426272721031e-06,1.1807881623360217e-05
2015-10-02,9.553999999999986e-05,-9.128029725413711e-07,-3.9684516062177266e-07,1.1904584051869449e-07,8.200214236531167e-07,2.2216027000254712e-06,9.195728610356113e-06
2015-10-05,5.089999999999956e-05,-7.937298542870508e-07,-3.3731586657204105e-07,1.1904584051869449e-07,7.538969202247614e-07,2.0232956745580566e-06,9.472856345338343e-06
2015-10-06,3.570800000000018e-05,-7.937298542870508e-07,-2.9763016462514e-07,1.9840775800084032e-07,1.0448365268533877e-06,2.7371547755006276e-06,9.274909930301334e-06
2015-10-07,0.0004298119999999999,-1.1904939767326539e-07,,,,2.8164645584638492e-06,9.789550154515325e-06
2015-10-08,2.5390000000010543e-06,0.0,9.920511412353505e-08,1.9840775800084032e-07,1.1770747792017033e-06,3.1336879029453257e-06,9.670792926241845e-06
2015-10-09,3.9950800000000024e-05,1.9840775800084032e-07,2.579281586090332e-07,3.174476701506279e-07,1.1506274799621963e-06,2.8164645584638492e-06,9.908303843175759e-06
2015-10-13,9.575800000000047e-05,1.9840775800084032e-07,1.9840775800084032e-07,1.9840775800084032e-07,8.33246192710746e-07,2.102619669264172e-06,9.393678959579432e-06
2015-10-14,5.513999999999953e-05,-3.174729661381548e-07,,,,2.935426272721031e-06,8.36422972749773e-06
2015-10-15,5.3690000000000335e-05,3.174476701506279e-07,2.579281586090332e-07,1.9840775800084032e-07,1.2035219030259725e-06,3.2129897926669315e-06,8.48302590750194e-06
2015-10-16,0.0,1.4283153675354043e-06,8.134090228040236e-07,1.9840775800084032e-07,1.1109562016997643e-06,2.935426272721031e-06,8.681011669509076e-06
2015-10-19,1.393879999999999e-05,2.6181871408681445e-06,1.3688124493871356e-06,1.1904584051869449e-07,1.2167453991018817e-06,3.411237611494755e-06,8.760203219493334e-06
2015-10-20,2.6441000000000095e-05,4.3230505399893815e-06,2.5587019913952957e-06,7.935717540874521e-07,2.0761785131107047e-06,4.640153953516801e-06,8.8789875933859e-06
2015-10-21,0.00012308800000000036,3.1336879029453257e-06,1.6663181530152116e-06,1.9840775800084032e-07,1.6398741011780515e-06,4.521243131216934e-06,8.681011669509076e-06
2015-10-22,2.6109999999999328e-05,7.142216913447186e-07,4.563230724397016e-07,1.9840775800084032e-07,1.679540112986544e-06,4.640153953516801e-06,8.760203219493334e-06
2015-10-23,4.320000000000365e-06,5.951936339343433e-07,4.563230724397016e-07,3.174476701506279e-07,1.8646429471580461e-06,4.957232130120559e-06,9.393678959579432e-06
2015-10-26,7.12499999999997e-06,7.142216913447186e-07,7.142216913447186e-07,7.142216913447186e-07,2.393460804661629e-06,5.74981718526324e-06,9.59161947400311e-06
2015-10-27,0.0,1.9840775800084032e-07,4.960008697096896e-07,7.935717540874521e-07,2.948644021616431e-06,7.2552945338255626e-06,1.0897780285290537e-05
2015-10-28,9.597000000000078e-05,7.142216913447186e-07,1.2696389446453793e-06,1.82497877809773e-06,4.177703040175729e-06,8.8789875933859e-06,1.2915550549719157e-05
2015-10-29,0.00012256590000000003,9.125938849052773e-07,1.7258166278288911e-06,2.5388734108400257e-06,4.4816054016738605e-06,8.36422972749773e-06,1.2203513021447066e-05
2015-10-30,0.0,3.174476701506279e-07,1.7258166278288911e-06,3.1336879029453257e-06,5.181813904631127e-06,9.274909930301334e-06,1.3113316170487721e-05
2015-11-02,1.759999999999956e-06,3.968056356828953e-07,1.467983485659019e-06,2.5388734108400257e-06,4.917598737996798e-06,9.670792926241845e-06,1.3746100195666244e-05
2015-11-03,1.5840000000000038e-05,8.927571100159071e-07,1.815062674159762e-06,2.7371547755006276e-06,5.3271247777431086e-06,1.0502019196945156e-05,1.4220622268190652e-05
2015-11-04,0.0003516770000000003,2.8164645584638492e-06,2.7173270831237772e-06,2.6181871408681445e-06,5.379963781138031e-06,1.0897780285290537e-05,1.485323046224174e-05
2015-11-05,0.00019729810000000008,1.82497877809773e-06,1.8646429471580461e-06,1.9043067214230547e-06,4.904387519655273e-06,1.0897780285290537e-05,1.564384947738695e-05
2015-11-06,0.00011406729999999997,1.5076512089873262e-06,2.419899854944063e-06,3.3319396677278235e-06,6.2913263023656185e-06,1.2203513021447066e-05,1.7382659247111576e-05
2015-11-09,0.00023507300000000057,1.9043067214230547e-06,2.7173270831237772e-06,3.530181567734658e-06,6.383771723017517e-06,1.2084827727187886e-05,1.7461678026631233e-05
2015-11-10,0.000258753,2.3009227463344217e-06,3.768058827624543e-06,5.23465483537322e-06,7.994618957507527e-06,1.350881796380321e-05,1.7659218119137066e-05
2015-11-12,0.0002000400000000003,3.1336879029453257e-06,4.243770743039832e-06,5.353544367148189e-06,8.047422595636178e-06,1.342972074591664e-05,2.0186866643179258e-05
2015-11-13,8.229999999999696e-06,1.1109562016997643e-06,3.034558321068914e-06,4.957232130120559e-06,7.2420910650627945e-06,1.1807881623360217e-05,1.9476127564477252e-05
2015-11-16,0.00017155999999999942,1.4283153675354043e-06,2.8759458594596055e-06,4.3230505399893815e-06,6.753531957004455e-06,1.1610051190658055e-05,1.9199694788918364e-05
2015-11-17,0.00020630840000000002,1.9043067214230547e-06,3.867170160987143e-06,5.829067019291756e-06,8.298230319114808e-06,1.3231970831029116e-05,1.9278677539036337e-05
2015-11-18,8.122999999999811e-05,2.935426272721031e-06,4.144668777961158e-06,5.353544367148189e-06,7.743792119763171e-06,1.2519989855741542e-05,1.908121772786764e-05
2015-11-19,4.486599999999996e-05,2.3009227463344217e-06,3.1138621838788794e-06,3.9266357774181415e-06,6.687505860636378e-06,1.2203513021447066e-05,1.8765261672770706e-05
2015-11-20,0.00014968000000000013,2.102619669264172e-06,3.1138621838788794e-06,4.1248480890931916e-06,6.779942089307767e-06,1.2084827727187886e-05,1.8686268743905998e-05
2015-11-23,3.8688999999999954e-05,2.2216027000254712e-06,3.4310618508559543e-06,4.640153953516801e-06,7.3345144275815954e-06,1.271777511191452e-05,1.8962737143413122e-05
2015-11-24,2.6526000000000024e-05,3.3319396677278235e-06,4.937415483352581e-06,6.542244596952074e-06,9.208925606296603e-06,1.4536938921061449e-05,1.9397148728561575e-05
2015-11-25,0.000101703742,5.551685702931408e-06,6.502626969329128e-06,7.453341314800355e-06,1.0013859706115014e-05,1.5129964964444298e-05,1.9199694788918364e-05
2015-11-27,0.00022657500000000002,5.23465483537322e-06,6.046995935093946e-06,6.859171435502631e-06,9.486052423346436e-06,1.473462407686199e-05,1.8883748129860933e-05
2015-11-30,0.00012711800000000072,4.1248480890931916e-06,5.650752675778747e-06,7.176073064885102e-06,1.000066537604205e-05,1.564384947738695e-05,1.9278677539036337e-05
2015-12-01,8.337999999999922e-05,3.9266357774181415e-06,6.245102787350021e-06,8.562221393004776e-06,1.12539316552418e-05,1.6631902667541e-05,1.8883748129860933e-05
2015-12-02,0.0002685800000000009,7.659299524176433e-06,7.962276383777223e-06,8.265230204917984e-06,1.1160280120936505e-05,1.694407653296537e-05,1.963408053939908e-05
2015-12-03,3.967000000000033e-05,7.2552945338255626e-06,7.811780954325442e-06,8.368189657215197e-06,1.1532235195232943e-05,1.7852797907558227e-05,2.1327732581566394e-05
2015-12-04,8.440000000001918e-06,6.954244571089063e-06,7.861286657195876e-06,8.768122288005387e-06,1.2202194315413806e-05,1.9061471208559055e-05,2.262216053838806e-05
2015-12-07,6.943900000000013e-05,8.16622822230606e-06,9.017564886804053e-06,9.868719673677973e-06,1.3706554138348537e-05,2.1371150091376023e-05,2.574994052451096e-05
2015-12-08,8.423299999999953e-05,8.562221393004776e-06,9.868719673677973e-06,1.1174789657619755e-05,1.4919121372969357e-05,2.2397244406224814e-05,2.7484346222461653e-05
2015-12-09,6.429399999999946e-05,7.651378251427587e-06,8.958175208295671e-06,1.0264543672589e-05,1.3877917551807784e-05,2.109484877199641e-05,2.787842405926888e-05
2015-12-10,0.00012324700000000037,7.136461739776223e-06,8.403828847702854e-06,9.670792926241845e-06,1.354836598377318e-05,2.1292208812306868e-05,2.7563164908039894e-05
2015-12-11,0.0001595499999999979,5.630939478251662e-06,7.2949046776571436e-06,8.958175208295671e-06,1.2836441552810385e-05,2.0581666907881768e-05,2.638072086780241e-05
2015-12-14,6.650600000000003e-05,4.719425863441984e-06,6.601670299533069e-06,8.48302590750194e-06,1.2243074000606313e-05,1.975254116137748e-05,2.665665586776278e-05
2015-12-15,9.129999999999555e-06,8.245430005215937e-06,9.373884367169794e-06,1.0502019196945156e-05,1.4062454523733336e-05,2.117379396127106e-05,2.6853740596521902e-05
2015-12-16,9.278000000000064e-05,7.9682168760975e-06,9.33429488747528e-06,1.0699904655186998e-05,1.3864736012392243e-05,2.0186866643179258e-05,2.7484346222461653e-05
2015-12-17,0.00015777999999999973,7.374123783820963e-06,8.16622822230606e-06,8.958175208295671e-06,1.2256260906395866e-05,1.8844253035554814e-05,2.677490787483805e-05
2015-12-18,0.0,6.066807063609403e-06,6.760134506622606e-06,7.453341314800355e-06,1.1029691912245454e-05,1.8172776526270695e-05,2.5868219446056884e-05
2015-12-21,0.00013365999999999986,5.0364977313144266e-06,5.848879231606929e-06,6.661095115712001e-06,1.035689694739439e-05,1.7738231413710892e-05,2.5552801185213525e-05
2015-12-22,0.00010048399999999964,5.74981718526324e-06,7.057237907837077e-06,8.36422972749773e-06,1.1702373281741174e-05,1.8370281365198693e-05,2.5434512899158435e-05
2015-12-23,7.536999999999995e-05,7.770195688427961e-06,7.809800713465265e-06,7.84940534459544e-06,1.2098015156558617e-05,2.0581666907881768e-05,2.476414626717549e-05
2015-12-24,5.753999999999959e-06,6.066807063609403e-06,7.017625401006811e-06,7.9682168760975e-06,1.1636429149142202e-05,1.8962737143413122e-05,2.4724709422940805e-05
2015-12-28,2.2909999999997516e-06,4.8383307711397094e-06,6.4431997894853765e-06,8.047422595636178e-06,1.1860634746341248e-05,1.9476127564477252e-05,2.5552801185213525e-05
2015-12-29,0.00019444000000000058,4.957232130120559e-06,7.017625401006811e-06,9.076953680020594e-06,1.2783701348828558e-05,2.0186866643179258e-05,2.5355652090608416e-05
2015-12-30,0.00010203800000000048,3.411237611494755e-06,6.046995935093946e-06,8.681011669509076e-06,1.2005702233253146e-05,1.8646771692054642e-05,2.3935890552939654e-05
2015-12-31,2.7640000000005854e-06,5.23465483537322e-06,6.1460505926813624e-06,7.057237907837077e-06,1.1201170498242874e-05,1.9476127564477252e-05,2.4251436842481766e-05
2016-01-04,0.0002274600000000005,7.2552945338255626e-06,6.958205902352077e-06,6.661095115712001e-06,1.0053442433655135e-05,1.6829483904912124e-05,2.302855573632634e-05
2016-01-05,0.0,8.36422972749773e-06,8.522623846873856e-06,8.681011669509076e-06,1.2177138817071054e-05,1.9160202826773443e-05,2.2397244406224814e-05
2016-01-06,0.0003459499999999994,8.48302590750194e-06,8.582020018410574e-06,8.681011669509076e-06,1.1939763121304736e-05,1.8449280559273973e-05,2.657781924630953e-05
2016-01-07,2.748999999999807e-05,8.047422595636178e-06,8.047422595636178e-06,8.047422595636178e-06,1.1491348215653119e-05,1.8370281365198693e-05,2.547394271790182e-05
2016-01-08,3.07000000000085e-06,8.047422595636178e-06,8.047422595636178e-06,8.047422595636178e-06,1.1319882118998592e-05,1.785674841747742e-05,2.4843018784359572e-05
2016-01-11,0.0,7.453341314800355e-06,7.5127534293617515e-06,7.572164657965175e-06,1.080543954756763e-05,1.7264128139515833e-05,2.444864058337437e-05
2016-01-12,4.9689999999996334e-06,8.047422595636178e-06,8.36422972749773e-06,8.681011669509076e-06,1.2005702233253146e-05,1.8646771692054642e-05,2.444864058337437e-05
2016-01-13,0.00010908999999999919,8.681011669509076e-06,8.780000861241533e-06,8.8789875933859e-06,1.1979326719480099e-05,1.8172776526270695e-05,2.3541422543793544e-05
2016-01-14,1.9470000000000598e-05,8.48302590750194e-06,9.175933034510919e-06,9.868719673677973e-06,1.2098015156558617e-05,1.6552867428965e-05,2.1292208812306868e-05
2016-01-15,4.02699999999985e-05,7.572164657965175e-06,8.48302590750194e-06,9.393678959579432e-06,1.100330993630827e-05,1.4220622268190652e-05,1.8765261672770706e-05
2016-01-19,2.762000000000012e-06,8.16622822230606e-06,8.918581597683328e-06,9.670792926241845e-06,1.095054546018659e-05,1.350881796380321e-05,1.856777641373597e-05
2016-01-20,0.00014328999999999904,8.958175208295671e-06,9.670792926241845e-06,1.0383283204129512e-05,1.1491348215653119e-05,1.3706554138348537e-05,1.6552867428965e-05
2016-01-21,3.07240000000002e-05,1.0462440925840255e-05,1.087799316445981e-05,1.1293502064413374e-05,1.2533175844930966e-05,1.5011366817141436e-05,1.7461678026631233e-05
2016-01-22,0.0,9.868719673677973e-06,1.087799316445981e-05,1.1887011045930151e-05,1.3271521599245162e-05,1.603910015801624e-05,1.8172776526270695e-05
2016-01-25,7.810000000000455e-06,9.789550154515325e-06,1.064054004973336e-05,1.1491348215653119e-05,1.3007842394330282e-05,1.603910015801624e-05,1.785674841747742e-05
2016-01-26,4.199999999992404e-07,1.0383283204129512e-05,1.1431995401878225e-05,1.2480431626160637e-05,1.4207441862756909e-05,1.7659218119137066e-05,1.829128060437668e-05
2016-01-27,0.00012437000000000038,1.1293502064413374e-05,1.1887011045930151e-05,1.2480431626160637e-05,1.39965494434513e-05,1.7027055344120967e-05,1.785674841747742e-05
2016-01-28,9.01080000000002e-05,9.59161947400311e-06,1.1392426368050934e-05,1.3192419670016164e-05,1.4642372224926703e-05,1.754069523896007e-05,1.785674841747742e-05
2016-01-29,1.8380000000001867e-05,8.8789875933859e-06,1.0680116551808894e-05,1.2480431626160637e-05,1.39965494434513e-05,1.7027055344120967e-05,1.785674841747742e-05
2016-02-01,2.9390800000000017e-05,7.374123783820963e-06,9.829135110717147e-06,1.2282634586968655e-05,1.4009730546771237e-05,1.7461678026631233e-05,1.8686268743905998e-05
2016-02-02,2.6549999999996715e-05,8.36422972749773e-06,1.1036287378862752e-05,1.3706554138348537e-05,1.5222205526965737e-05,1.8251779636768717e-05,1.8370281365198693e-05
2016-02-03,0.0003404460000000003,1.2282634586968655e-05,1.2994657976106438e-05,1.3706554138348537e-05,1.5156319628673032e-05,1.8054268922984562e-05,2.1292208812306868e-05
2016-02-04,0.00019516499999999997,9.472856345338343e-06,1.064054004973336e-05,1.1807881623360217e-05,1.3627460846210582e-05,1.7264128139515833e-05,2.070009935906114e-05
2016-02-05,4.795999999999967e-05,8.958175208295671e-06,1.0264543672589e-05,1.1570483925193997e-05,1.356154856990699e-05,1.754069523896007e-05,2.109484877199641e-05
2016-02-08,9.985000000000029e-05,8.36422972749773e-06,9.631206396631953e-06,1.0897780285290537e-05,1.271777511191452e-05,1.6355272472790006e-05,1.998945183911971e-05
2016-02-09,0.0002008229,9.987471002448345e-06,1.1194575304518395e-05,1.2401313988830154e-05,1.3812009418856519e-05,1.6631902667541e-05,2.0186866643179258e-05
2016-02-10,0.00033591915,1.1095646087921907e-05,1.1748533524924554e-05,1.2401313988830154e-05,1.3812009418856519e-05,1.6631902667541e-05,2.038427166572987e-05
2016-02-11,0.00018324999999999939,1.0660328349842985e-05,1.1016500946148255e-05,1.1372641703921715e-05,1.2665033336967113e-05,1.5248559581237942e-05,1.8488779569114655e-05
2016-02-12,0.00010603999999999822,1.0185382018690348e-05,1.0838418628145163e-05,1.1491348215653119e-05,1.2770516188753689e-05,1.5327620698224464e-05,1.9199694788918364e-05
2016-02-16,0.00032505000000000034,8.681011669509076e-06,1.0027053992223145e-05,1.1372641703921715e-05,1.2823256567262575e-05,1.572290275042576e-05,1.9673567804856518e-05
2016-02-17,0.00013828000000000104,1.1095646087921907e-05,1.1689184542529318e-05,1.2282634586968655e-05,1.3864736012392243e-05,1.7027055344120967e-05,2.0581666907881768e-05
2016-02-18,5.227699999999988e-05,1.1095646087921907e-05,1.1491348215653119e-05,1.1887011045930151e-05,1.3812009418856519e-05,1.7659218119137066e-05,2.038427166572987e-05
2016-02-19,0.00014005080000000002,1.0383283204129512e-05,1.1036287378862752e-05,1.1689184542529318e-05,1.3746100195666244e-05,1.785674841747742e-05,2.0502709984659973e-05
2016-02-22,1.5399999999995279e-06,1.0897780285290537e-05,1.1550700145246395e-05,1.2203513021447066e-05,1.4115177802809242e-05,1.7935757794740326e-05,2.109484877199641e-05
2016-02-23,6.0400000000000384e-05,1.0185382018690348e-05,1.1649618063103162e-05,1.3113316170487721e-05,1.4826873792950224e-05,1.8251779636768717e-05,2.121326596937756e-05
2016-02-24,4.9608000000000464e-05,1.1174789657619755e-05,1.2144170816297262e-05,1.3113316170487721e-05,1.4800516949131648e-05,1.8172776526270695e-05,2.121326596937756e-05
2016-02-25,0.00024455999999999957,1.0581174559876061e-05,1.1788099022025378e-05,1.2994657976106438e-05,1.4721445371623787e-05,1.8172776526270695e-05,2.109484877199641e-05
2016-02-26,0.00011687399999999988,9.987471002448345e-06,1.1293502064413374e-05,1.2599105136512634e-05,1.4457862112182696e-05,1.8172776526270695e-05,2.263399787794107e-05
2016-02-29,9.320600000000019e-05,9.274909930301334e-06,1.1036287378862752e-05,1.279688646516064e-05,1.4813695392801307e-05,1.8844253035554814e-05,2.3817554251071016e-05
2016-03-01,0.0001831399999999983,9.472856345338343e-06,1.1372641703921715e-05,1.3271521599245162e-05,1.5314443954306256e-05,1.9397148728561575e-05,2.5355652090608416e-05
2016-03-02,0.00017597799999999938,1.1649618063103162e-05,1.2104608855034726e-05,1.2559547692525541e-05,1.4510580159221576e-05,1.8409781157968652e-05,2.618361273798442e-05
2016-03-03,0.00010810799999999999,9.631206396631953e-06,1.034370375352367e-05,1.1056073713655579e-05,1.3337438673710622e-05,1.7896253301952214e-05,2.5789367221973336e-05
2016-03-04,0.00016897099999999996,9.94788761943255e-06,1.044265164296121e-05,1.0937354231854712e-05,1.3363805198229883e-05,1.8212278277252025e-05,2.610476675579676e-05
2016-03-07,6.673310000000006e-05,1.0462440925840255e-05,1.0699904655186998e-05,1.0937354231854712e-05,1.342972074591664e-05,1.8409781157968652e-05,2.638072086780241e-05
2016-03-08,0.00019276000000000015,1.006663658875695e-05,1.1313287121783588e-05,1.2559547692525541e-05,1.4536938921061449e-05,1.8488779569114655e-05,2.598649485641147e-05
2016-03-09,0.00021318399999999994,1.073948056751206e-05,1.1392426368050934e-05,1.2045265176618969e-05,1.4233802630103654e-05,1.8607274248516603e-05,2.618361273798442e-05
2016-03-10,6.722109999999999e-05,1.0660328349842985e-05,1.1610051190658055e-05,1.2559547692525541e-05,1.4747802738579452e-05,1.9120710472941838e-05,2.6498981064992932e-05
2016-03-11,0.0002805900000000007,1.0660328349842985e-05,1.1669401351888098e-05,1.2678218846096101e-05,1.5064077540705156e-05,1.9831512952483976e-05,2.7405525977242107e-05
2016-03-14,6.676699999999991e-05,1.0660328349842985e-05,1.1708967634804779e-05,1.2757330984936033e-05,1.5248559581237942e-05,2.022634843013016e-05,2.7484346222461653e-05
2016-03-15,2.7397999999999876e-05,1.0145800601879529e-05,1.1906793156102324e-05,1.3667007688455968e-05,1.5986402332801575e-05,2.062114478285082e-05,2.7484346222461653e-05
2016-03-16,8.388600000000003e-05,1.1056073713655579e-05,1.1768316322546823e-05,1.2480431626160637e-05,1.4563297508596307e-05,1.872576540407067e-05,2.5671085959411144e-05
2016-03-17,9.928999999999667e-06,1.1333072080565998e-05,1.1352856941426737e-05,1.1372641703921715e-05,1.3653825451376278e-05,1.8212278277252025e-05,2.5079626968071977e-05
2016-03-18,0.0,1.1056073713655579e-05,1.1352856941426737e-05,1.1649618063103162e-05,1.3495635203142342e-05,1.7185105441797077e-05,2.4054223340286285e-05
2016-03-21,4.251000000000038e-06,1.006663658875695e-05,1.1016500946148255e-05,1.1966138897090417e-05,1.3746100195666244e-05,1.7303638900623142e-05,2.4369760258213802e-05
2016-03-22,0.0001468617,9.94788761943255e-06,1.1095646087921907e-05,1.2243074000606313e-05,1.4101997048543424e-05,1.781724314131594e-05,2.429087837163557e-05
2016-03-23,2.422000000000188e-06,1.1056073713655579e-05,1.1649618063103162e-05,1.2243074000606313e-05,1.4101997048543424e-05,1.781724314131594e-05,2.4054223340286285e-05
2016-03-24,3.945499999999998e-06,9.749964805072509e-06,1.0660328349842985e-05,1.1570483925193997e-05,1.3680189882014915e-05,1.7896253301952214e-05,2.417255261311091e-05
2016-03-28,1.037569999999999e-05,8.126626740212473e-06,9.532238352205624e-06,1.0937354231854712e-05,1.3363805198229883e-05,1.8212278277252025e-05,2.476414626717549e-05
2016-03-29,0.0002025430000000012,5.432802083982224e-06,7.393928314280984e-06,9.35408967661644e-06,1.2177138817071054e-05,1.781724314131594e-05,2.3265271697159307e-05
2016-03-30,0.0001071090000000002,5.512058224077521e-06,6.680903190892096e-06,7.84940534459544e-06,1.0370090097522322e-05,1.5406680246021764e-05,2.4369760258213802e-05
2016-03-31,9.079999999999852e-07,6.8195569593587635e-06,7.631575000610624e-06,8.44342757444494e-06,1.0726288640405812e-05,1.528809033590761e-05,2.3462524255002393e-05
2016-04-01,8.562999999999626e-06,8.245430005215937e-06,8.74040547960142e-06,9.235319467171266e-06,1.1385831490962062e-05,1.568337630986072e-05,2.397533520581696e-05
2016-04-04,0.00021097900000000003,7.017625401006811e-06,7.374123783820963e-06,7.730590269705573e-06,9.68398834855222e-06,1.358791361116829e-05,2.3383624403683356e-05
2016-04-05,2.5299999999988526e-06,7.651378251427587e-06,8.403828847702854e-06,9.156137360299965e-06,1.0897780285290537e-05,1.4378783733892675e-05,2.1963159831495105e-05
2016-04-06,0.00035338000000000036,7.453341314800355e-06,8.344430019624482e-06,9.235319467171266e-06,1.0845014411398068e-05,1.4062454523733336e-05,2.1844764920508908e-05
2016-04-07,3.7429999999999755e-05,7.84940534459544e-06,8.601818545228568e-06,9.35408967661644e-06,1.0831822833790028e-05,1.378564586040909e-05,2.085800381768088e-05
2016-04-08,1.1701000000000246e-05,7.651378251427587e-06,8.403828847702854e-06,9.156137360299965e-06,1.05679821085225e-05,1.3390171548222085e-05,2.0423751496689846e-05
2016-04-11,0.0,8.126626740212473e-06,8.44342757444494e-06,8.760203219493334e-06,1.019857573680838e-05,1.3073763831750185e-05,2.022634843013016e-05
2016-04-12,3.844299999999912e-05,8.44342757444494e-06,8.938378452283402e-06,9.433267849079385e-06,1.0976927785621982e-05,1.4062454523733336e-05,2.073957606030241e-05
2016-04-13,0.00014846599999999988,8.245430005215937e-06,8.799798404401926e-06,9.35408967661644e-06,1.0924162960002093e-05,1.4062454523733336e-05,2.085800381768088e-05
2016-04-14,0.0001002368,8.32463021360752e-06,8.681011669509076e-06,9.037361249575326e-06,1.0858205945485366e-05,1.449740071279848e-05,2.113432156214401e-05
2016-04-15,0.0,7.453341314800355e-06,8.245430005215937e-06,9.037361249575326e-06,1.0792247838953273e-05,1.4299703785969342e-05,2.0423751496689846e-05
2016-04-18,1.8642000000000138e-05,6.225292545458672e-06,7.275099654924233e-06,8.32463021360752e-06,1.010621879204976e-05,1.3667007688455968e-05,2.0147384464985763e-05
2016-04-19,0.0,6.542244596952074e-06,7.690984457520145e-06,8.839393195625433e-06,1.0554789613648197e-05,1.3983368296610621e-05,2.022634843013016e-05
2016-04-20,5.5566800000000005e-05,7.2552945338255626e-06,8.146427530553169e-06,9.037361249575326e-06,1.0686712597074433e-05,1.3983368296610621e-05,2.0147384464985763e-05
2016-04-21,2.357599999999998e-05,7.453341314800355e-06,8.344430019624482e-06,9.235319467171266e-06,1.095054546018659e-05,1.4378783733892675e-05,2.113432156214401e-05
2016-04-22,4.580889999999998e-06,7.3345144275815954e-06,8.344430019624482e-06,9.35408967661644e-06,1.1161599171805037e-05,1.4774159931008057e-05,2.125273758646351e-05
2016-04-25,3.8699999999991345e-07,6.8195569593587635e-06,8.384029336783172e-06,9.94788761943255e-06,1.1834258272225284e-05,1.5604322252560365e-05,2.133167964735172e-05
2016-04-26,0.0,6.344152519766055e-06,8.205829310492518e-06,1.006663658875695e-05,1.213757718332431e-05,1.6276231746381598e-05,2.1529027956823654e-05
2016-04-27,7.433900000000009e-05,7.136461739776223e-06,8.601818545228568e-06,1.006663658875695e-05,1.1913387170991996e-05,1.5604322252560365e-05,2.294964729032678e-05
2016-04-28,6.9988e-05,6.423390532583895e-06,7.591968203879418e-06,8.760203219493334e-06,1.100330993630827e-05,1.5485738225295975e-05,2.2042087817419898e-05
2016-04-29,9.737000000000114e-06,6.542244596952074e-06,7.3345144275815954e-06,8.126626740212473e-06,1.0554789613648197e-05,1.5406680246021764e-05,2.1963159831495105e-05
2016-05-02,6.4910000000008294e-06,4.204130252816185e-06,6.0271847082127294e-06,7.84940534459544e-06,1.0290930540834964e-05,1.5169496895506285e-05,2.17658330252668e-05
2016-05-03,2.706300000000078e-05,5.710191677055221e-06,7.136461739776223e-06,8.562221393004776e-06,1.0910971644406686e-05,1.5604322252560365e-05,2.1055375590606218e-05
2016-05-04,0.0002132999999999996,7.017625401006811e-06,7.671181403656746e-06,8.32463021360752e-06,1.0581174559876061e-05,1.509043264080745e-05,2.0344791443749344e-05
2016-05-05,0.00023308191,7.453341314800355e-06,7.591968203879418e-06,7.730590269705573e-06,1.0290930540834964e-05,1.5406680246021764e-05,2.0147384464985763e-05
2016-05-06,0.00013435499999999963,7.730590269705573e-06,7.690984457520145e-06,7.651378251427587e-06,1.0158994451225922e-05,1.5169496895506285e-05,2.0147384464985763e-05
2016-05-09,9.890499999999983e-06,8.44342757444494e-06,8.44342757444494e-06,8.44342757444494e-06,1.0422862261716404e-05,1.4378783733892675e-05,1.9831512952483976e-05
2016-05-10,2.0070000000000504e-05,9.94788761943255e-06,9.94788761943255e-06,9.94788761943255e-06,1.1530916266933033e-05,1.4695087830363107e-05,1.99499677044912e-05
2016-05-11,0.000549997,1.006663658875695e-05,1.010621879204976e-05,1.0145800601879529e-05,1.1557294749442448e-05,1.4378783733892675e-05,2.0028935582505625e-05
2016-05-12,9.580666999999999e-05,9.94788761943255e-06,1.034370375352367e-05,1.073948056751206e-05,1.1992514498126994e-05,1.449740071279848e-05,2.09369537000903e-05
2016-05-13,7.496399999999855e-05,9.037361249575326e-06,9.888511807609746e-06,1.073948056751206e-05,1.2018889924636511e-05,1.45764767369716e-05,2.09369537000903e-05
2016-05-16,0.00010581900000000005,8.32463021360752e-06,9.532238352205624e-06,1.073948056751206e-05,1.1926575167908737e-05,1.4299703785969342e-05,2.1450089806140937e-05
2016-05-17,0.00029550899999999936,8.522623846873856e-06,9.94788761943255e-06,1.1372641703921715e-05,1.263866218770282e-05,1.5169496895506285e-05,2.223940094192578e-05
2016-05-18,0.0001481626,9.829135110717147e-06,1.0502019196945156e-05,1.1174789657619755e-05,1.3047395387655314e-05,1.6789968441344172e-05,2.429087837163557e-05
2016-05-19,9.517000000000119e-06,9.94788761943255e-06,1.0996714414845954e-05,1.2045265176618969e-05,1.3759282127434602e-05,1.7185105441797077e-05,2.456695814267995e-05
2016-05-20,0.000158203,9.829135110717147e-06,1.1194575304518395e-05,1.2559547692525541e-05,1.4246982948495912e-05,1.7619710884098083e-05,2.5079626968071977e-05
2016-05-23,3.269000000000015e-05,9.631206396631953e-06,1.1293502064413374e-05,1.2955104459200228e-05,1.4774159931008057e-05,1.8409781157968652e-05,2.5789367221973336e-05
2016-05-24,2.678999999999876e-05,9.749964805072509e-06,1.1906793156102324e-05,1.4062454523733336e-05,1.5709727313906185e-05,1.900223106310328e-05,2.5395082690060633e-05
2016-05-25,7.737800000000034e-05,9.433267849079385e-06,1.11550039125774e-05,1.2875996247663224e-05,1.4655551191511407e-05,1.8212278277252025e-05,2.661723775210234e-05
2016-05-26,0.00013811362000000003,6.740326825349641e-06,9.195728610356113e-06,1.1649618063103162e-05,1.3772464015682218e-05,1.80147656052565e-05,2.5671085959411144e-05
2016-05-27,0.00017998299999999988,8.839393195625433e-06,1.0699904655186998e-05,1.2559547692525541e-05,1.4510580159221576e-05,1.8409781157968652e-05,2.610476675579676e-05
2016-05-31,5.8101699999999986e-05,7.730590269705573e-06,9.84892744138044e-06,1.1966138897090417e-05,1.4049273594940459e-05,1.8212278277252025e-05,2.657781924630953e-05
2016-06-01,0.00016969200000000015,1.0660328349842985e-05,1.1451779771354254e-05,1.2243074000606313e-05,1.4536938921061449e-05,1.9120710472941838e-05,2.681432443063514e-05
2016-06-02,0.00011651400000000029,7.453341314800355e-06,9.453062146391744e-06,1.1451779771354254e-05,1.3877917551807784e-05,1.872576540407067e-05,2.6498981064992932e-05
2016-06-03,1.4121000000000185e-05,7.3345144275815954e-06,9.393678959579432e-06,1.1451779771354254e-05,1.3166052011293061e-05,1.6592385244207364e-05,2.3383624403683356e-05
2016-06-06,2.5042999999999767e-05,7.3345144275815954e-06,8.997768425667019e-06,1.0660328349842985e-05,1.2612290863911468e-05,1.651334922181391e-05,2.3462524255002393e-05
2016-06-07,2.06169999999999e-05,8.047422595636178e-06,9.552032157689183e-06,1.1056073713655579e-05,1.3100132101095951e-05,1.7185105441797077e-05,2.294964729032678e-05
2016-06-08,0.00021635000000000014,7.861286657195876e-06,8.865129598856214e-06,9.868719673677973e-06,1.2243074000606313e-05,1.6987541840096654e-05,2.2752369338130407e-05
2016-06-09,4.142499999999988e-05,8.245430005215937e-06,9.195728610356113e-06,1.0145800601879529e-05,1.2401313988830154e-05,1.6908513656321844e-05,2.255508161708164e-05
2016-06-10,1.304400000000025e-05,7.453341314800355e-06,8.799798404401926e-06,1.0145800601879529e-05,1.2190325941130453e-05,1.6276231746381598e-05,2.1647432250526677e-05
2016-06-13,0.000297973,8.245430005215937e-06,9.294705014317728e-06,1.034370375352367e-05,1.2124389884737852e-05,1.568337630986072e-05,2.113432156214401e-05
2016-06-14,6.783700000000006e-05,8.641415304211364e-06,9.749964805072509e-06,1.0858205945485366e-05,1.2572733550708648e-05,1.5999576854497377e-05,2.133167964735172e-05
2016-06-15,7.4609e-05,9.433267849079385e-06,1.0046845339672927e-05,1.0660328349842985e-05,1.1900199130332467e-05,1.4378783733892675e-05,2.022634843013016e-05
2016-06-16,0.00016101400000000012,9.235319467171266e-06,9.84892744138044e-06,1.0462440925840255e-05,1.1636429149142202e-05,1.3983368296610621e-05,1.9831512952483976e-05
2016-06-17,5.481999999999796e-06,8.839393195625433e-06,9.690586043387128e-06,1.0541597075031106e-05,1.1755127801826859e-05,1.4181080920883105e-05,1.9831512952483976e-05
2016-06-20,7.800999999999988e-06,8.760203219493334e-06,9.650999710508756e-06,1.0541597075031106e-05,1.2058452737218062e-05,1.509043264080745e-05,2.113432156214401e-05
2016-06-21,8.52559999999997e-05,9.037361249575326e-06,1.0046845339672927e-05,1.1056073713655579e-05,1.2770516188753689e-05,1.619718945189419e-05,2.125273758646351e-05
2016-06-22,8.944000000000096e-06,1.006663658875695e-05,1.0502019196945156e-05,1.0937354231854712e-05,1.2625476547567516e-05,1.5999576854497377e-05,2.2160476864652168e-05
2016-06-23,1.2180000000000524e-05,1.0541597075031106e-05,1.1056073713655579e-05,1.1570483925193997e-05,1.3350621957730624e-05,1.6908513656321844e-05,2.294964729032678e-05
2016-06-24,0.0,9.631206396631953e-06,9.94788761943255e-06,1.0264543672589e-05,1.1768316322546823e-05,1.4774159931008057e-05,1.892324283248037e-05
2016-06-27,0.0,8.32463021360752e-06,9.195728610356113e-06,1.006663658875695e-05,1.1174789657619755e-05,1.3390171548222085e-05,1.7935757794740326e-05
2016-06-28,0.00021848999999999827,8.641415304211364e-06,9.650999710508756e-06,1.0660328349842985e-05,1.1636429149142202e-05,1.358791361116829e-05,1.7619710884098083e-05
2016-06-29,0.00013043000000000082,7.2552945338255626e-06,8.859190443688547e-06,1.0462440925840255e-05,1.1570483925193997e-05,1.378564586040909e-05,1.7935757794740326e-05
2016-06-30,2.0200000000001467e-06,7.3345144275815954e-06,8.938378452283402e-06,1.0541597075031106e-05,1.1689184542529318e-05,1.3983368296610621e-05,1.7501186828638993e-05
2016-07-01,0.0001855940000000003,9.235319467171266e-06,9.749964805072509e-06,1.0264543672589e-05,1.1438590202583754e-05,1.378564586040909e-05,1.7619710884098083e-05
2016-07-05,6.900799999999974e-05,1.006663658875695e-05,1.006663658875695e-05,1.006663658875695e-05,1.1240741431439716e-05,1.358791361116829e-05,1.7303638900623142e-05
2016-07-06,0.0003386169999999994,1.0541597075031106e-05,1.064054004973336e-05,1.073948056751206e-05,1.1781504799746045e-05,1.3864736012392243e-05,1.781724314131594e-05
2016-07-07,0.00010425080000000001,1.073948056751206e-05,1.0996714414845954e-05,1.12539316552418e-05,1.229582136175189e-05,1.4378783733892675e-05,1.80147656052565e-05
2016-07-08,4.060000000000175e-06,1.034370375352367e-05,1.0858205945485366e-05,1.1372641703921715e-05,1.2480431626160637e-05,1.4695087830363107e-05,1.8607274248516603e-05
2016-07-11,0.0,1.0541597075031106e-05,1.0996714414845954e-05,1.1451779771354254e-05,1.2691404311704346e-05,1.5169496895506285e-05,1.943663834214071e-05
2016-07-12,4.554999999999837e-06,1.12539316552418e-05,1.1748533524924554e-05,1.2243074000606313e-05,1.3324255345947833e-05,1.5485738225295975e-05,1.99499677044912e-05
2016-07-13,9.577120000000002e-05,1.1768316322546823e-05,1.2065046500975285e-05,1.2361754581080575e-05,1.344290372462531e-05,1.5604322252560365e-05,1.975254116137748e-05
2016-07-14,2.216200000000005e-05,1.1768316322546823e-05,1.2163951649490912e-05,1.2559547692525541e-05,1.3838372802776888e-05,1.6394792248020096e-05,2.0423751496689846e-05
2016-07-15,0.0,1.0462440925840255e-05,1.1511132290475956e-05,1.2559547692525541e-05,1.3970187106027154e-05,1.6789968441344172e-05,2.0147384464985763e-05
2016-07-18,3.904199999999998e-05,1.034370375352367e-05,1.11550039125774e-05,1.1966138897090417e-05,1.357473111229801e-05,1.6789968441344172e-05,2.0147384464985763e-05
2016-07-19,2.3400999999999934e-05,1.0145800601879529e-05,1.1511132290475956e-05,1.2875996247663224e-05,1.4312883886313799e-05,1.7185105441797077e-05,2.0028935582505625e-05
2016-07-20,0.00012186599999999999,1.1056073713655579e-05,1.1966138897090417e-05,1.2875996247663224e-05,1.4352423925556579e-05,1.7303638900623142e-05,2.1963159831495105e-05
2016-07-21,1.5827000000000375e-05,1.1135218069391328e-05,1.1906793156102324e-05,1.2678218846096101e-05,1.4088816250534819e-05,1.6908513656321844e-05,2.113432156214401e-05
2016-07-22,4.448000000000646e-06,1.0858205945485366e-05,1.1708967634804779e-05,1.2559547692525541e-05,1.4036092622404794e-05,1.6987541840096654e-05,2.125273758646351e-05
2016-07-25,5.2860000000001794e-06,1.0660328349842985e-05,1.1511132290475956e-05,1.2361754581080575e-05,1.3772464015682218e-05,1.6592385244207364e-05,2.1647432250526677e-05
2016-07-26,2.998520000000002e-05,8.958175208295671e-06,1.0858205945485366e-05,1.2757330984936033e-05,1.4075635408783427e-05,1.671093633826004e-05,2.1963159831495105e-05
2016-07-27,3.870999999999996e-05,9.552032157689183e-06,1.0957141057810205e-05,1.2361754581080575e-05,1.344290372462531e-05,1.5604322252560365e-05,2.1055375590606218e-05
2016-07-28,8.827300000000004e-05,7.136461739776223e-06,8.28503030625427e-06,9.433267849079385e-06,1.1280311971617607e-05,1.4971833316890226e-05,2.0344791443749344e-05
2016-07-29,4.296200000000012e-05,7.017625401006811e-06,8.641415304211364e-06,1.0264543672589e-05,1.1807881623360217e-05,1.4892765139329356e-05,1.975254116137748e-05
2016-08-01,3.2499999999999977e-06,7.730590269705573e-06,8.898784644717495e-06,1.006663658875695e-05,1.1768316322546823e-05,1.5169496895506285e-05,1.963408053939908e-05
2016-08-02,2.3974999999999864e-05,8.44342757444494e-06,9.94788761943255e-06,1.1451779771354254e-05,1.296828900843039e-05,1.5999576854497377e-05,1.975254116137748e-05
2016-08-03,0.00030266699999999995,1.0541597075031106e-05,1.0858205945485366e-05,1.1174789657619755e-05,1.2810071537971979e-05,1.6078623069626374e-05,2.0028935582505625e-05
2016-08-04,0.00024135349999999999,9.235319467171266e-06,9.84892744138044e-06,1.0462440925840255e-05,1.2374941094073222e-05,1.619718945189419e-05,1.99499677044912e-05
2016-08-05,2.1893999999999733e-05,9.235319467171266e-06,9.94788761943255e-06,1.0660328349842985e-05,1.2902365825961937e-05,1.7382659247111576e-05,2.1647432250526677e-05
2016-08-08,9.576879999999993e-05,1.0145800601879529e-05,1.0403072782105838e-05,1.0660328349842985e-05,1.2902365825961937e-05,1.7382659247111576e-05,2.1963159831495105e-05
2016-08-09,3.775510000000003e-05,9.94788761943255e-06,1.1056073713655579e-05,1.2163951649490912e-05,1.3877917551807784e-05,1.7303638900623142e-05,2.156849644574521e-05
2016-08-10,0.0003990319999999997,1.073948056751206e-05,1.1056073713655579e-05,1.1372641703921715e-05,1.3218787154212208e-05,1.6908513656321844e-05,2.113432156214401e-05
2016-08-11,0.00012866500000000003,1.12539316552418e-05,1.1451779771354254e-05,1.1649618063103162e-05,1.3601096066517826e-05,1.7501186828638993e-05,2.1647432250526677e-05
2016-08-12,5.314130000000003e-05,1.0462440925840255e-05,1.0818631212661245e-05,1.1174789657619755e-05,1.3113316170487721e-05,1.6987541840096654e-05,2.1450089806140937e-05
2016-08-15,0.000116868,1.006663658875695e-05,1.0818631212661245e-05,1.1570483925193997e-05,1.358791361116829e-05,1.7619710884098083e-05,2.1529027956823654e-05
2016-08-16,0.000170819,9.631206396631953e-06,1.0798843698811567e-05,1.1966138897090417e-05,1.3983368296610621e-05,1.80147656052565e-05,2.1647432250526677e-05
2016-08-17,0.000248002,1.0858205945485366e-05,1.1412210934036437e-05,1.1966138897090417e-05,1.4049273594940459e-05,1.8212278277252025e-05,2.318636793963158e-05
2016-08-18,2.5584999999999844e-05,1.1056073713655579e-05,1.1511132290475956e-05,1.1966138897090417e-05,1.3746100195666244e-05,1.7303638900623142e-05,2.255508161708164e-05
2016-08-19,0.0001342330000000001,1.1056073713655579e-05,1.1649618063103162e-05,1.2243074000606313e-05,1.4036092622404794e-05,1.7619710884098083e-05,2.318636793963158e-05
2016-08-22,1.7302499999999918e-05,9.037361249575326e-06,1.0403072782105838e-05,1.1768316322546823e-05,1.3719736201123212e-05,1.7619710884098083e-05,2.3068009373128362e-05
2016-08-23,2.7829000000000048e-05,1.0145800601879529e-05,1.1313287121783588e-05,1.2480431626160637e-05,1.4391963572668587e-05,1.8212278277252025e-05,2.3265271697159307e-05
2016-08-24,7.523399999999954e-05,1.1056073713655579e-05,1.1768316322546823e-05,1.2480431626160637e-05,1.4326063942915468e-05,1.80147656052565e-05,2.3146915474780982e-05
2016-08-25,1.7422999999999918e-05,1.0541597075031106e-05,1.1708967634804779e-05,1.2875996247663224e-05,1.4550118236700271e-05,1.7896253301952214e-05,2.3146915474780982e-05
2016-08-26,2.0583000000000016e-05,1.0541597075031106e-05,1.1748533524924554e-05,1.2955104459200228e-05,1.4840052149356353e-05,1.8607274248516603e-05,2.397533520581696e-05
2016-08-29,0.00013245700000000075,9.631206396631953e-06,1.1194575304518395e-05,1.2757330984936033e-05,1.4774159931008057e-05,1.88047575500061e-05,2.385700007545566e-05
2016-08-30,0.00016134700000000005,8.839393195625433e-06,1.11550039125774e-05,1.3469269551036334e-05,1.5314443954306256e-05,1.900223106310328e-05,2.3580871102213408e-05
2016-08-31,0.00018452000000000008,1.0462440925840255e-05,1.1768316322546823e-05,1.3073763831750185e-05,1.485323046224174e-05,1.8409781157968652e-05,2.3580871102213408e-05
2016-09-01,1.1070859999999993e-05,1.0264543672589e-05,1.1768316322546823e-05,1.3271521599245162e-05,1.4919121372969357e-05,1.8212278277252025e-05,2.3462524255002393e-05
2016-09-02,5.0205000000000215e-05,9.829135110717147e-06,1.1293502064413374e-05,1.2757330984936033e-05,1.45764767369716e-05,1.8212278277252025e-05,2.3383624403683356e-05
2016-09-06,2.114000000000022e-05,9.433267849079385e-06,1.1056073713655579e-05,1.2678218846096101e-05,1.4326063942915468e-05,1.7619710884098083e-05,2.2042087817419898e-05
2016-09-07,0.00023855691,9.829135110717147e-06,1.1649618063103162e-05,1.3469269551036334e-05,1.5380327237801694e-05,1.9199694788918364e-05,2.2160476864652168e-05
2016-09-08,5.609599999999984e-05,9.829135110717147e-06,1.1906793156102324e-05,1.3983368296610621e-05,1.593370381036685e-05,1.9831512952483976e-05,2.2476163793250237e-05
2016-09-09,1.5010000000002799e-05,9.35408967661644e-06,1.1708967634804779e-05,1.4062454523733336e-05,1.6144493717451525e-05,2.0305310830526224e-05,2.255508161708164e-05
2016-09-12,5.804000000000052e-05,8.958175208295671e-06,1.1807881623360217e-05,1.4655551191511407e-05,1.671093633826004e-05,2.0818528289723304e-05,2.223940094192578e-05
2016-09-13,0.00030246999999999913,8.641415304211364e-06,1.1451779771354254e-05,1.4260163223367428e-05,1.664507505494406e-05,2.1410620144157733e-05,2.294964729032678e-05
2016-09-14,6.793629999999999e-05,9.35408967661644e-06,1.12539316552418e-05,1.3152868116650396e-05,1.5604322252560365e-05,2.0502709984659973e-05,2.4369760258213802e-05
2016-09-15,0.00015689999999999975,7.84940534459544e-06,9.749964805072509e-06,1.1649618063103162e-05,1.4167900384443044e-05,1.9199694788918364e-05,2.3778108035887868e-05
2016-09-16,9.801000000000254e-06,7.453341314800355e-06,9.453062146391744e-06,1.1451779771354254e-05,1.414153918077865e-05,1.951561639512711e-05,2.417255261311091e-05
2016-09-19,1.3939800000000005e-05,5.947938814809817e-06,8.047422595636178e-06,1.0145800601879529e-05,1.3166052011293061e-05,1.9199694788918364e-05,2.417255261311091e-05
2016-09-20,1.1362299999999998e-05,4.640153953516801e-06,8.304830309002753e-06,1.1966138897090417e-05,1.4616014160528934e-05,1.9910483178398053e-05,2.4488080160089964e-05
2016-09-21,1.0750000000000343e-05,4.8383307711397094e-06,7.096850020760215e-06,9.35408967661644e-06,1.2203513021447066e-05,1.7896253301952214e-05,2.456695814267995e-05
2016-09-22,7.206900000000013e-05,3.6094755657689603e-06,5.37335894401636e-06,7.136461739776223e-06,9.987471002448345e-06,1.568337630986072e-05,2.3265271697159307e-05
2016-09-23,0.0,3.8077036568218148e-06,5.571499294587667e-06,7.3345144275815954e-06,1.0158994451225922e-05,1.580195445494148e-05,2.3068009373128362e-05
2016-09-26,8.292800000000121e-05,3.9266357774181415e-06,5.7300044804531325e-06,7.532557270595319e-06,1.0383283204129512e-05,1.6078623069626374e-05,2.2870737281799336e-05
2016-09-27,4.620500000000055e-05,5.11576175554751e-06,7.92861342602258e-06,1.073948056751206e-05,1.2928735229955635e-05,1.7303638900623142e-05,2.2870737281799336e-05
2016-09-28,0.00022190299999999986,5.829067019291756e-06,8.502824926370778e-06,1.1174789657619755e-05,1.3324255345947833e-05,1.7619710884098083e-05,2.3265271697159307e-05
2016-09-29,3.496700000000033e-05,4.640153953516801e-06,7.354319154995181e-06,1.006663658875695e-05,1.2414500370816484e-05,1.7106081176665455e-05,2.294964729032678e-05
2016-09-30,4.812999999999346e-06,7.92861342602258e-06,9.59161947400311e-06,1.12539316552418e-05,1.3403354657715028e-05,1.769872496226732e-05,2.3462524255002393e-05
2016-10-03,0.00012213999999999975,9.156137360299965e-06,1.0660328349842985e-05,1.2163951649490912e-05,1.4049273594940459e-05,1.781724314131594e-05,2.429087837163557e-05
2016-10-04,9.040799999999929e-05,1.0462440925840255e-05,1.1768316322546823e-05,1.3073763831750185e-05,1.5024544563368991e-05,1.892324283248037e-05,2.476414626717549e-05
2016-10-05,0.00039742499999999986,1.0145800601879529e-05,1.1550700145246395e-05,1.2955104459200228e-05,1.4879586957228241e-05,1.872576540407067e-05,2.5079626968071977e-05
2016-10-06,2.5273600000000015e-05,9.94788761943255e-06,1.1451779771354254e-05,1.2955104459200228e-05,1.473462407686199e-05,1.829128060437668e-05,2.527678972130687e-05
2016-10-07,4.19769999999999e-05,9.94788761943255e-06,1.1451779771354254e-05,1.2955104459200228e-05,1.470826662286484e-05,1.8212278277252025e-05,2.527678972130687e-05
2016-10-11,6.7299999999999305e-06,9.829135110717147e-06,1.1590267606997884e-05,1.3350621957730624e-05,1.5037722266075804e-05,1.8409781157968652e-05,2.5671085959411144e-05
2016-10-12,8.272899999999992e-05,1.0145800601879529e-05,1.2163951649490912e-05,1.4181080920883105e-05,1.5854654719982264e-05,1.9199694788918364e-05,2.7208468542427866e-05
2016-10-13,3.496500000000008e-05,9.749964805072509e-06,1.0699904655186998e-05,1.1649618063103162e-05,1.3601096066517826e-05,1.7501186828638993e-05,2.598649485641147e-05
2016-10-14,2.97700000000009e-07,9.829135110717147e-06,1.0937354231854712e-05,1.2045265176618969e-05,1.39965494434513e-05,1.7896253301952214e-05,2.610476675579676e-05
2016-10-17,2.635099999999998e-05,9.037361249575326e-06,1.064054004973336e-05,1.2243074000606313e-05,1.4036092622404794e-05,1.7619710884098083e-05,2.5789367221973336e-05
2016-10-18,0.0,9.35408967661644e-06,1.1570483925193997e-05,1.378564586040909e-05,1.5525266626514878e-05,1.900223106310328e-05,2.5789367221973336e-05
2016-10-19,0.00014028999999999995,9.552032157689183e-06,1.1451779771354254e-05,1.3350621957730624e-05,1.5103610125688505e-05,1.8607274248516603e-05,2.5395082690060633e-05
2016-10-20,0.0001362519999999999,9.552032157689183e-06,1.1352856941426737e-05,1.3152868116650396e-05,1.49322994242862e-05,1.8488779569114655e-05,2.5592229833337754e-05
2016-10-21,4.50710000000001e-06,9.631206396631953e-06,1.1392426368050934e-05,1.3152868116650396e-05,1.4905943277909728e-05,1.8409781157968652e-05,2.5789367221973336e-05
2016-10-24,5.3880000000002676e-06,8.522623846873856e-06,1.073948056751206e-05,1.2955104459200228e-05,1.4774159931008057e-05,1.8409781157968652e-05,2.5907644973122146e-05
2016-10-25,3.0272999999999932e-05,8.126626740212473e-06,1.0897780285290537e-05,1.3667007688455968e-05,1.5485738225295975e-05,1.9120710472941838e-05,2.598649485641147e-05
2016-10-26,1.3068999999999885e-05,9.552032157689183e-06,1.1313287121783588e-05,1.3073763831750185e-05,1.509043264080745e-05,1.9120710472941838e-05,2.598649485641147e-05
2016-10-27,4.100599999999968e-05,6.938399206068979e-06,9.195728610356113e-06,1.1451779771354254e-05,1.4101997048543424e-05,1.9397148728561575e-05,2.610476675579676e-05
2016-10-28,5.662699999999963e-05,6.740326825349641e-06,9.096749747694588e-06,1.1451779771354254e-05,1.4075635408783427e-05,1.931816832700939e-05,2.5671085959411144e-05
2016-10-31,3.261660000000002e-06,7.017625401006811e-06,9.631206396631953e-06,1.2243074000606313e-05,1.4774159931008057e-05,1.9831512952483976e-05,2.5868219446056884e-05
2016-11-01,1.0244000000000399e-05,7.84940534459544e-06,1.1056073713655579e-05,1.4260163223367428e-05,1.6210363276369932e-05,2.010790189532763e-05,2.5395082690060633e-05
2016-11-02,0.00013342199999999936,9.156137360299965e-06,1.1708967634804779e-05,1.4260163223367428e-05,1.6249884489116795e-05,2.022634843013016e-05,2.527678972130687e-05
2016-11-03,0.0003501320000000004,9.433267849079385e-06,1.2104608855034726e-05,1.4774159931008057e-05,1.665824739860433e-05,2.0423751496689846e-05,2.476414626717549e-05
2016-11-04,2.4655999999999853e-05,9.631206396631953e-06,1.2203513021447066e-05,1.4774159931008057e-05,1.665824739860433e-05,2.0423751496689846e-05,2.4054223340286285e-05
2016-11-07,9.280000000000399e-06,1.073948056751206e-05,1.3449495197548345e-05,1.6157667716454327e-05,1.7777737473245736e-05,2.1015902018195476e-05,2.4488080160089964e-05
2016-11-08,0.0004827900000000003,1.0541597075031106e-05,1.3904280499632549e-05,1.7264128139515833e-05,1.892324283248037e-05,2.223940094192578e-05,2.5789367221973336e-05
2016-11-09,6.769000000000046e-05,1.1570483925193997e-05,1.4378783733892675e-05,1.7185105441797077e-05,1.88047575500061e-05,2.2042087817419898e-05,2.8311864664454234e-05
2016-11-10,9.49150000000001e-05,1.1570483925193997e-05,1.518926271404375e-05,1.88047575500061e-05,2.0278990204181113e-05,2.3225820013683673e-05,2.862706458062192e-05
2016-11-14,0.00013912826000000002,1.1570483925193997e-05,1.6078623069626374e-05,2.0581666907881768e-05,2.2134168491616535e-05,2.5237357951235495e-05,3.051774059326107e-05
2016-11-15,0.00023490900000000016,1.184744653115466e-05,1.5920529071067335e-05,1.998945183911971e-05,2.1502715413568296e-05,2.4527519346673188e-05,3.0123923739244773e-05
2016-11-16,0.00027177699999999996,1.2361754581080575e-05,1.5465973877581973e-05,1.856777641373597e-05,2.0463230936185184e-05,2.4251436842481766e-05,2.9730067954591988e-05
2016-11-17,5.952599999999985e-05,1.1768316322546823e-05,1.4517169866001822e-05,1.7264128139515833e-05,1.9660405426558114e-05,2.444864058337437e-05,3.0045155697155934e-05
2016-11-18,0.0001536049999999998,1.1135218069391328e-05,1.4161310099902735e-05,1.7185105441797077e-05,1.9476127564477252e-05,2.4054223340286285e-05,3.0123923739244773e-05
2016-11-21,1.520699999999972e-05,1.0462440925840255e-05,1.3983368296610621e-05,1.7501186828638993e-05,1.9476127564477252e-05,2.3423074524631105e-05,3.0320837032249415e-05
2016-11-22,4.7306e-05,9.433267849079385e-06,1.4457862112182696e-05,1.9476127564477252e-05,2.1200108676788787e-05,2.464583456363023e-05,3.0320837032249415e-05
2016-11-23,3.303250000000007e-05,1.3350621957730624e-05,1.6612144004835017e-05,1.987099826106231e-05,2.1529027956823654e-05,2.4843018784359572e-05,3.08327660516472e-05
2016-11-25,2.2525999999999276e-05,1.3350621957730624e-05,1.6612144004835017e-05,1.987099826106231e-05,2.1594808554237233e-05,2.504019324645057e-05,3.1423371657401944e-05
2016-11-28,0.00012314699999999967,1.1966138897090417e-05,1.5327620698224464e-05,1.8686268743905998e-05,2.037111163533112e-05,2.3738661430350305e-05,3.0714634423612e-05
2016-11-29,0.00024145000000000004,9.94788761943255e-06,1.45764767369716e-05,1.9199694788918364e-05,2.0779052370523132e-05,2.3935890552939654e-05,3.0438980336500165e-05
2016-11-30,0.00022788000000000018,1.45764767369716e-05,1.688875636540743e-05,1.9199694788918364e-05,2.0844845351808416e-05,2.4133109912671813e-05,3.08327660516472e-05
2016-12-01,3.771999999999977e-05,1.2757330984936033e-05,1.5782191675972612e-05,1.88047575500061e-05,2.0555348107409444e-05,2.4054223340286285e-05,3.114776660306795e-05
2016-12-02,0.0,1.2757330984936033e-05,1.5782191675972612e-05,1.88047575500061e-05,2.062114478285082e-05,2.4251436842481766e-05,3.0714634423612e-05
2016-12-05,9.950900000000023e-05,1.2243074000606313e-05,1.5465973877581973e-05,1.8686268743905998e-05,2.0542188641892167e-05,2.4251436842481766e-05,3.1423371657401944e-05
2016-12-06,2.561799999999982e-05,1.3746100195666244e-05,1.6868998976571348e-05,1.998945183911971e-05,2.1607964543424174e-05,2.4843018784359572e-05,3.1423371657401944e-05
2016-12-07,0.00022896000000000027,1.45764767369716e-05,1.7283883569030323e-05,1.998945183911971e-05,2.1607964543424174e-05,2.4843018784359572e-05,3.3155309874022265e-05
2016-12-08,0.000122446,1.4971833316890226e-05,1.7580203257372418e-05,2.0186866643179258e-05,2.170005525137242e-05,2.4724709422940805e-05,3.3155309874022265e-05
2016-12-09,7.296999999999859e-06,1.5564794635603008e-05,1.8488779569114655e-05,2.1410620144157733e-05,2.266030295072774e-05,2.51584932400295e-05,3.378491897221281e-05
2016-12-12,5.617899999999995e-05,1.5564794635603008e-05,1.8034517313081366e-05,2.0502709984659973e-05,2.1950005015147767e-05,2.4843018784359572e-05,3.3745571318188894e-05
2016-12-13,0.00017130599999999954,1.7382659247111576e-05,1.943663834214071e-05,2.1489559076881548e-05,2.3041706991966393e-05,2.6144189941845752e-05,3.4453769639952725e-05
2016-12-14,6.508399999999998e-05,1.9278677539036337e-05,2.0344791443749344e-05,2.1410620144157733e-05,2.2989101708725812e-05,2.6144189941845752e-05,3.5279841943847146e-05
2016-12-15,4.520199999999983e-05,1.8488779569114655e-05,1.9239186359820692e-05,1.998945183911971e-05,2.1910540305425386e-05,2.574994052451096e-05,3.5594491108348336e-05
2016-12-16,2.7408000000000033e-05,1.8172776526270695e-05,1.908121772786764e-05,1.998945183911971e-05,2.18710752049045e-05,2.5631658091329612e-05,3.5358506564442393e-05
2016-12-19,2.5539999999999678e-05,1.7461678026631233e-05,1.852827818704661e-05,1.9594592882699047e-05,2.1410620144157733e-05,2.504019324645057e-05,3.496516792811377e-05
2016-12-20,0.0001384349999999997,1.785674841747742e-05,1.93774037748895e-05,2.0897478954395865e-05,2.2581387211006998e-05,2.5947070109832993e-05,3.508317359646185e-05
2016-12-21,3.3454000000000036e-05,1.8054268922984562e-05,1.921944062321934e-05,2.038427166572987e-05,2.2213093090028835e-05,2.5868219446056884e-05,3.425706051074506e-05
2016-12-22,0.00013369800000000002,1.6355272472790006e-05,1.8330781180520006e-05,2.0305310830526224e-05,2.2081551223962492e-05,2.5631658091329612e-05,3.394230570186174e-05
2016-12-23,9.47299999999999e-05,1.6671419698965906e-05,1.862702301935748e-05,2.0581666907881768e-05,2.2331477055992366e-05,2.5828793529081295e-05,3.394230570186174e-05
2016-12-27,9.321000000000069e-06,1.7975261895841754e-05,1.9179948856695717e-05,2.038427166572987e-05,2.2107859944719976e-05,2.5552801185213525e-05,3.425706051074506e-05
2016-12-28,0.0001734579999999996,1.8686268743905998e-05,1.9495872028763017e-05,2.0305310830526224e-05,2.1752677557440592e-05,2.464583456363023e-05,3.4178374139548495e-05
2016-12-29,4.896999999999996e-05,1.5446209431724256e-05,1.6868998976571348e-05,1.829128060437668e-05,2.0305310830526224e-05,2.4330319510212917e-05,3.244688069070634e-05
2016-12-30,4.780400000000025e-05,1.6671419698965906e-05,1.8271530169533534e-05,1.987099826106231e-05,2.1423776741524847e-05,2.4527519346673188e-05,3.2328796912617364e-05
2017-01-03,3.074800000000058e-05,1.8488779569114655e-05,1.908121772786764e-05,1.9673567804856518e-05,2.133167964735172e-05,2.464583456363023e-05,3.284046801055318e-05
2017-01-04,0.00022070400000000039,1.9476127564477252e-05,2.0344791443749344e-05,2.121326596937756e-05,2.2528775849517402e-05,2.51584932400295e-05,3.457179045573966e-05
2017-01-05,1.3348799999999997e-05,1.9673567804856518e-05,2.022634843013016e-05,2.0779052370523132e-05,2.2002624019856754e-05,2.444864058337437e-05,3.295853662499404e-05
2017-01-06,0.0002962119999999997,1.9792027252663047e-05,2.0186866643179258e-05,2.0581666907881768e-05,2.17658330252668e-05,2.4133109912671813e-05,3.3352073405268357e-05
2017-01-09,5.283000000000024e-06,1.975254116137748e-05,1.9811770151534347e-05,1.987099826106231e-05,2.0897478954395865e-05,2.294964729032678e-05,3.2053254485742144e-05
2017-01-10,6.460009999999998e-06,2.0265829825838466e-05,2.0423751496689846e-05,2.0581666907881768e-05,2.167374383788001e-05,2.385700007545566e-05,3.2053254485742144e-05
2017-01-11,8.762599999999994e-05,2.0186866643179258e-05,2.0285570377032158e-05,2.038427166572987e-05,2.1502715413568296e-05,2.3738661430350305e-05,3.213198283802399e-05
2017-01-12,2.2331e-05,2.0660622266577278e-05,2.0581666907881768e-05,2.0502709984659973e-05,2.1515871706956347e-05,2.3541422543793544e-05,3.165958938788904e-05
2017-01-13,0.0,2.0581666907881768e-05,2.0779052370523132e-05,2.0976428054764185e-05,2.2002624019856754e-05,2.4054223340286285e-05,3.165958938788904e-05
2017-01-17,0.0,2.0463230936185184e-05,2.0719837758642612e-05,2.0976428054764185e-05,2.2002624019856754e-05,2.4054223340286285e-05,3.114776660306795e-05
2017-01-18,0.00016808800000000005,1.8370281365198693e-05,1.963408053939908e-05,2.0897478954395865e-05,2.2081551223962492e-05,2.444864058337437e-05,3.1423371657401944e-05
2017-01-19,1.8359999999999817e-05,1.7975261895841754e-05,1.9278677539036337e-05,2.0581666907881768e-05,2.1936850155279686e-05,2.464583456363023e-05,3.193515904054145e-05
2017-01-20,2.634399999999976e-05,1.8251779636768717e-05,1.8962737143413122e-05,1.9673567804856518e-05,2.1265894705191357e-05,2.444864058337437e-05,3.1620220738659555e-05
2017-01-23,2.869599999999993e-05,1.8251779636768717e-05,1.8864000631557687e-05,1.9476127564477252e-05,2.1002744073905788e-05,2.4054223340286285e-05,3.0635878059070976e-05
2017-01-24,4.580000000000556e-07,1.8488779569114655e-05,1.933791357422443e-05,2.0186866643179258e-05,2.154218416317022e-05,2.4251436842481766e-05,3.122651284970246e-05
2017-01-25,4.347999999999505e-06,1.8962737143413122e-05,1.93774037748895e-05,1.9792027252663047e-05,2.123958042421492e-05,2.4133109912671813e-05,3.1423371657401944e-05
2017-01-26,1.9350499999999963e-05,1.908121772786764e-05,1.953536066379158e-05,1.998945183911971e-05,2.1436933295593263e-05,2.4330319510212917e-05,3.114776660306795e-05
2017-01-27,5.576490000000001e-05,1.93576587235178e-05,1.987099826106231e-05,2.038427166572987e-05,2.18710752049045e-05,2.4843018784359572e-05,3.122651284970246e-05
2017-01-30,4.791999999999991e-05,1.9160202826773443e-05,1.973279796896321e-05,2.0305310830526224e-05,2.1857920084356053e-05,2.49613246325886e-05,3.0911518524190384e-05
2017-01-31,6.0532999999999984e-06,1.856777641373597e-05,1.953536066379158e-05,2.0502709984659973e-05,2.2121014239928627e-05,2.5355652090608416e-05,3.0320837032249415e-05
2017-02-01,0.00022465420000000004,1.9476127564477252e-05,1.998945183911971e-05,2.0502709984659973e-05,2.2252554802815183e-05,2.574994052451096e-05,3.295853662499404e-05
2017-02-02,5.9253199999999956e-05,1.908121772786764e-05,1.953536066379158e-05,1.998945183911971e-05,2.173952204609364e-05,2.5237357951235495e-05,3.236815856078046e-05
2017-02-03,8.661899999999959e-05,1.9160202826773443e-05,1.9574848907577547e-05,1.998945183911971e-05,2.167374383788001e-05,2.504019324645057e-05,3.2053254485742144e-05
2017-02-06,4.001999999999912e-06,1.9160202826773443e-05,1.987099826106231e-05,2.0581666907881768e-05,2.1963159831495105e-05,2.4724709422940805e-05,3.122651284970246e-05
2017-02-07,4.327859999999999e-05,2.038427166572987e-05,2.09369537000903e-05,2.1489559076881548e-05,2.2647150436094776e-05,2.49613246325886e-05,3.114776660306795e-05
2017-02-08,0.0003179287,2.085800381768088e-05,2.117379396127106e-05,2.1489559076881548e-05,2.2568234435915713e-05,2.4724709422940805e-05,3.102964431467292e-05
2017-02-09,0.0001748899999999996,1.987099826106231e-05,2.0680360861558e-05,2.1489559076881548e-05,2.271291257560648e-05,2.51584932400295e-05,3.1344629301433e-05
2017-02-10,5.984799999999993e-05,1.9673567804856518e-05,2.048297050927239e-05,2.1292208812306868e-05,2.2673455422062005e-05,2.5434512899158435e-05,3.154148227335618e-05
2017-02-13,0.0002516359999999995,1.9673567804856518e-05,2.0542188641892167e-05,2.1410620144157733e-05,2.2791825710077873e-05,2.5552801185213525e-05,3.185642679892631e-05
2017-02-14,0.0002767869999999997,1.998945183911971e-05,2.09369537000903e-05,2.188423028171016e-05,2.3344173892159148e-05,2.6262457160086683e-05,3.2761753657073456e-05
2017-02-15,0.0001450799999999997,2.0463230936185184e-05,2.087774143499921e-05,2.1292208812306868e-05,2.3015404437165543e-05,2.64595613892471e-05,3.295853662499404e-05
2017-02-16,0.00010008300000000005,1.987099826106231e-05,2.0325051185876575e-05,2.0779052370523132e-05,2.2541928755170915e-05,2.6065343179393352e-05,3.1738325519281574e-05
2017-02-17,2.0530999999999848e-05,1.9673567804856518e-05,2.022634843013016e-05,2.0779052370523132e-05,2.2607692631293475e-05,2.6262457160086683e-05,3.193515904054145e-05
2017-02-21,8.790000000005044e-07,1.8765261672770706e-05,1.973279796896321e-05,2.070009935906114e-05,2.262084527626662e-05,2.64595613892471e-05,3.1738325519281574e-05
2017-02-22,9.205900000000002e-05,1.8370281365198693e-05,1.963408053939908e-05,2.0897478954395865e-05,2.2818129741031257e-05,2.665665586776278e-05,3.1620220738659555e-05
2017-02-23,0.0001139736,1.6157667716454327e-05,1.8271530169533534e-05,2.038427166572987e-05,2.2344630612902705e-05,2.6262457160086683e-05,3.122651284970246e-05
2017-02-24,0.000231284,1.5564794635603008e-05,1.7975261895841754e-05,2.038427166572987e-05,2.219993909879925e-05,2.5828793529081295e-05,3.0635878059070976e-05
2017-02-27,0.0001444457,1.6750452585645448e-05,1.8469030113044127e-05,2.0186866643179258e-05,2.2476163793250237e-05,2.705081557663469e-05,3.0911518524190384e-05
2017-02-28,3.04760000000002e-05,1.5960053158847742e-05,1.8686268743905998e-05,2.1410620144157733e-05,2.3528272937500816e-05,2.7760204800886257e-05,3.1620220738659555e-05
2017-03-01,0.00019402999999999955,1.8488779569114655e-05,2.180529916850915e-05,2.5119060299116924e-05,2.7103367258529687e-05,3.106901879990076e-05,3.6498969063325504e-05
2017-03-02,8.468099999999965e-05,1.9476127564477252e-05,2.2890464930425125e-05,2.630187878605028e-05,2.849573431285002e-05,3.287982460409289e-05,3.86217193881766e-05
2017-03-03,2.8371099999999997e-05,2.1686899566386586e-05,2.4803582720833717e-05,2.791782969935319e-05,2.9572514738562816e-05,3.287982460409289e-05,3.822870279446278e-05
2017-03-06,1.988899999999993e-05,2.1292208812306868e-05,2.5059910156111087e-05,2.882405186599435e-05,3.0307709782073644e-05,3.3273369159037e-05,3.86217193881766e-05
2017-03-07,6.32409999999999e-05,2.1371150091376023e-05,2.565137207422019e-05,2.9927000713803054e-05,3.121338858336209e-05,3.378491897221281e-05,3.9525510454607726e-05
2017-03-08,0.0003382160000000001,2.0976428054764185e-05,2.4902172147678314e-05,2.882405186599435e-05,3.0649004228111565e-05,3.429640311347626e-05,4.0546940498709105e-05
2017-03-09,1.0320100000000003e-05,1.908121772786764e-05,2.4054223340286285e-05,2.9021029412268362e-05,3.0977144395816225e-05,3.488649554084233e-05,4.082189615961518e-05
2017-03-10,1.8737000000000007e-05,2.2476163793250237e-05,2.6006207083595356e-05,2.9533125460945442e-05,3.1423371657401944e-05,3.520117576982784e-05,4.1018281443871984e-05
2017-03-13,0.0003287121000000001,2.7287292685862496e-05,2.8449767696114847e-05,2.9611903626713953e-05,3.1908915132827786e-05,3.6498969063325504e-05,4.184299394793811e-05
2017-03-14,4.426400000000002e-05,2.677490787483805e-05,2.870586066361369e-05,3.0635878059070976e-05,3.2696157174383345e-05,3.681352196704957e-05,4.152883788477446e-05
2017-03-15,3.2923000000000674e-05,2.7760204800886257e-05,2.8489167685608052e-05,2.921799722055418e-05,3.11871399210073e-05,3.5122508042606526e-05,4.0232682221086336e-05
2017-03-16,3.629499999999999e-05,2.689315637249834e-05,2.7957234949527177e-05,2.9021029412268362e-05,3.088526787298207e-05,3.4611129950734565e-05,3.940763628951238e-05
2017-03-17,5.0789999999998475e-06,2.736611527009991e-05,2.809515025625764e-05,2.882405186599435e-05,3.060962559175984e-05,3.4178374139548495e-05,3.90146972173433e-05
2017-03-20,2.8699000000000086e-05,2.7484346222461653e-05,2.825276190399073e-05,2.9021029412268362e-05,3.0819640488122246e-05,3.441442859086763e-05,3.932905157522093e-05
2017-03-21,8.666000000000056e-05,2.768139001307901e-05,2.9158907900450615e-05,3.0635878059070976e-05,3.235503805454343e-05,3.579113421814384e-05,3.881821314788425e-05
2017-03-22,3.3325000000000065e-05,3.008453991282245e-05,3.0242072882824544e-05,3.039959962447547e-05,3.200076805343066e-05,3.520117576982784e-05,3.830730921472458e-05
2017-03-23,1.1224999999999907e-05,2.8666462816850924e-05,2.9533125460945442e-05,3.039959962447547e-05,3.204013294255681e-05,3.5319174448211754e-05,3.838591408422687e-05
2017-03-24,0.0,2.8469467739711263e-05,2.9434650563375797e-05,3.039959962447547e-05,3.1961402775282366e-05,3.508317359646185e-05,3.850381848069517e-05
2017-03-27,0.0,2.886344815444808e-05,2.9848228778162067e-05,3.08327660516472e-05,3.259120055587594e-05,3.610574300805247e-05,3.870031805486285e-05
2017-03-28,1.0780999999999638e-05,2.898163468212367e-05,3.0202690224356843e-05,3.1423371657401944e-05,3.311595600163919e-05,3.6498969063325504e-05,4.0232682221086336e-05
2017-03-29,0.00020253799999999994,2.9769455285322266e-05,3.0242072882824544e-05,3.0714634423612e-05,3.248624117246912e-05,3.602709313943464e-05,4.1136107967965074e-05
2017-03-30,3.357400000000019e-05,2.9769455285322266e-05,3.0301146140887525e-05,3.08327660516472e-05,3.248624117246912e-05,3.579113421814384e-05,4.082189615961518e-05
2017-03-31,2.0090000000002987e-06,2.917860443796272e-05,2.9651292125398854e-05,3.0123923739244773e-05,3.198764633727258e-05,3.571247813893841e-05,4.0546940498709105e-05
2017-04-03,4.886700000000018e-05,2.8272462921696828e-05,2.9237693465855585e-05,3.0202690224356843e-05,3.19745245778158e-05,3.551583114669299e-05,4.0350531979926885e-05
2017-04-04,0.00015620940000000006,2.9375564456479708e-05,3.055712013777523e-05,3.1738325519281574e-05,3.3260251633304705e-05,3.6302360886919516e-05,4.062550119532382e-05
2017-04-05,0.0001015320000000001,3.05964992930452e-05,3.1167453310665394e-05,3.1738325519281574e-05,3.3391424945516945e-05,3.669556753838066e-05,4.062550119532382e-05
2017-04-06,0.0002854270000000002,3.0675256436074605e-05,3.1344629301433e-05,3.2013889726290046e-05,3.361440966553886e-05,3.681352196704957e-05,4.0939728491729e-05
2017-04-07,3.3973000000000293e-06,3.0163307176422904e-05,3.128557151321765e-05,3.240751982014345e-05,3.413903037130517e-05,3.7599795594811525e-05,4.1960796085538377e-05
2017-04-10,6.591640000000009e-05,3.0163307176422904e-05,3.10887058967424e-05,3.2013889726290046e-05,3.391607501201932e-05,3.7717723256669444e-05,4.1960796085538377e-05
2017-04-11,0.00014123900000000003,3.0163307176422904e-05,3.1344629301433e-05,3.252560126520976e-05,3.4125915695515374e-05,3.732461747518734e-05,4.1253931007734224e-05
2017-04-12,1.45150000000001e-05,3.0675256436074605e-05,3.1443057003199826e-05,3.221070963443928e-05,3.387672865340363e-05,3.72066781770819e-05,4.0939728491729e-05
2017-04-13,4.293000000000699e-06,3.008453991282245e-05,3.104933160602563e-05,3.2013889726290046e-05,3.3640642341348226e-05,3.689215631275111e-05,4.0232682221086336e-05
2017-04-17,4.931999999999159e-06,2.9769455285322266e-05,3.0990269440422935e-05,3.221070963443928e-05,3.391607501201932e-05,3.732461747518734e-05,4.050765956953306e-05
2017-04-18,2.7904000000000036e-05,2.9769455285322266e-05,3.124619916805571e-05,3.272239589713344e-05,3.4125915695515374e-05,3.6931472903622975e-05,3.980053661223337e-05
2017-04-19,0.0001332080000000001,2.949373579386183e-05,3.0714634423612e-05,3.193515904054145e-05,3.345700998225176e-05,3.6498969063325504e-05,3.972195964729863e-05
2017-04-20,2.16190000000005e-05,2.8469467739711263e-05,2.988761494071568e-05,3.130525754002633e-05,3.307660174067806e-05,3.661692931244964e-05,3.940763628951238e-05
2017-04-21,0.0,2.839066698134829e-05,2.9710374143343543e-05,3.102964431467292e-05,3.278799194772475e-05,3.6302360886919516e-05,3.881821314788425e-05
2017-04-24,1.886000000000075e-05,2.8666462816850924e-05,3.0045155697155934e-05,3.1423371657401944e-05,3.3483243694565346e-05,3.7599795594811525e-05,3.9996972245104345e-05
2017-04-25,0.0,2.7957234949527177e-05,3.039959962447547e-05,3.284046801055318e-05,3.4702920595375275e-05,3.842521593733217e-05,4.082189615961518e-05
2017-04-26,1.323740000000001e-05,2.9060423752946818e-05,3.08327660516472e-05,3.260432028451277e-05,3.45455639099157e-05,3.842521593733217e-05,4.23534447242524e-05
2017-04-27,0.00010342800000000003,2.7563164908039894e-05,2.9749761668584895e-05,3.193515904054145e-05,3.4125915695515374e-05,3.850381848069517e-05,4.203932890911588e-05
2017-04-28,9.602000000000048e-06,2.657781924630953e-05,2.9158907900450615e-05,3.1738325519281574e-05,3.407345656070149e-05,3.8739616806893196e-05,4.23534447242524e-05
2017-05-01,3.348000000000023e-06,2.547394271790182e-05,2.870586066361369e-05,3.193515904054145e-05,3.416525959343275e-05,3.86217193881766e-05,4.266753577675253e-05
2017-05-02,0.0,2.6696073593512892e-05,3.036021852298454e-05,3.402099673532888e-05,3.572558759334932e-05,3.913258300802802e-05,4.247123177059109e-05
2017-05-03,0.00019927300000000003,2.917860443796272e-05,3.1797376596642835e-05,3.441442859086763e-05,3.609263480441882e-05,3.944692806534533e-05,4.29423451373534e-05
2017-05-04,5.450629999999995e-05,2.7563164908039894e-05,3.114776660306795e-05,3.47291461055832e-05,3.6433434082550065e-05,3.983982451361001e-05,4.3570409650861563e-05
2017-05-05,1.479999999999971e-05,2.7484346222461653e-05,3.136431503625303e-05,3.524050905090448e-05,3.6865945036490544e-05,4.011482897614549e-05,4.3648910754034986e-05
2017-05-08,0.0002469082,2.7563164908039894e-05,3.1443057003199826e-05,3.5319174448211754e-05,3.702321010701226e-05,4.04290965494436e-05,4.4159130228038634e-05
2017-05-09,4.183220000000007e-05,2.8075448361919442e-05,3.211230089572581e-05,3.614506736004941e-05,3.770462035546096e-05,4.082189615961518e-05,4.455156228999613e-05
2017-05-10,0.000412204,2.7563164908039894e-05,3.154148227335618e-05,3.551583114669299e-05,3.732461747518734e-05,4.0939728491729e-05,4.466928437163453e-05
2017-05-11,0.0003105,2.657781924630953e-05,3.075401202212724e-05,3.492583192854504e-05,3.6931472903622975e-05,4.0939728491729e-05,4.455156228999613e-05
2017-05-12,1.903400000000002e-05,2.638072086780241e-05,3.055712013777523e-05,3.47291461055832e-05,3.666935496893231e-05,4.0546940498709105e-05,4.384515674571432e-05
2017-05-15,0.00011771600000000035,2.7484346222461653e-05,3.124619916805571e-05,3.500450353932649e-05,3.6879050696159155e-05,4.062550119532382e-05,4.39628997010999e-05
2017-05-16,0.00019639259999999997,2.7957234949527177e-05,3.2053254485742144e-05,3.614506736004941e-05,3.774392892985645e-05,4.0939728491729e-05,4.37666595090036e-05
2017-05-17,0.0003057199999999989,2.8075448361919442e-05,3.185642679892631e-05,3.563382050675301e-05,3.697078910658291e-05,3.9643381132714595e-05,4.243196980868724e-05
2017-05-18,1.8457999999999843e-05,2.8784655188074382e-05,3.250592126757823e-05,3.622371489964138e-05,3.7560485598442384e-05,4.0232682221086336e-05,4.274605467102788e-05
2017-05-19,2.488199999999951e-05,2.7484346222461653e-05,3.1797376596642835e-05,3.610574300805247e-05,3.7547382180092015e-05,4.04290965494436e-05,4.313862593341433e-05
2017-05-22,1.6920999999999603e-05,2.638072086780241e-05,3.104933160602563e-05,3.571247813893841e-05,3.7586692305691116e-05,4.133247776527682e-05,4.37666595090036e-05
2017-05-23,2.4333999999999988e-05,2.677490787483805e-05,3.189579311424495e-05,3.701010492140888e-05,3.8857510737067e-05,4.254975453377163e-05,4.474776382723533e-05
2017-05-24,4.061699999999974e-05,2.9966386097646236e-05,3.3352073405268357e-05,3.6734886069256234e-05,3.8569319415593384e-05,4.223565419558817e-05,4.6199354990283936e-05
2017-05-25,0.0001335939999999999,2.8272462921696828e-05,3.2545281165807793e-05,3.681352196704957e-05,3.8687218384847455e-05,4.243196980868724e-05,4.580708520363075e-05
2017-05-26,0.00012650740000000001,2.8666462816850924e-05,3.280111102821337e-05,3.6931472903622975e-05,3.8765815759456146e-05,4.243196980868724e-05,4.580708520363075e-05
2017-05-30,0.00015557199999999987,2.8666462816850924e-05,3.280111102821337e-05,3.6931472903622975e-05,3.880511386533669e-05,4.254975453377163e-05,4.568939673621486e-05
2017-05-31,0.0001518844,3.425706051074506e-05,3.6439987629144355e-05,3.86217193881766e-05,3.986601623262587e-05,4.23534447242524e-05,4.557170479224659e-05
2017-06-01,0.00012436099999999992,3.228943487543212e-05,3.5358506564442393e-05,3.842521593733217e-05,3.960409129399878e-05,4.1960796085538377e-05,4.568939673621486e-05
2017-06-02,1.553199999999996e-05,3.209261885639414e-05,3.5358506564442393e-05,3.86217193881766e-05,3.969576698126254e-05,4.184299394793811e-05,4.557170479224659e-05
2017-06-05,3.661500000000004e-05,3.19745245778158e-05,3.520117576982784e-05,3.842521593733217e-05,3.9630284562885976e-05,4.203932890911588e-05,4.5885542250712064e-05
2017-06-06,2.5289999999998126e-06,3.158085170040792e-05,3.520117576982784e-05,3.881821314788425e-05,4.016720862654033e-05,4.2863830111317114e-05,4.576785610077572e-05
2017-06-07,0.00020551300000000005,3.2171346430631687e-05,3.5810797995416976e-05,3.944692806534533e-05,4.0782617941381716e-05,4.345265509586582e-05,4.6199354990283936e-05
2017-06-08,3.90988e-05,3.0990269440422935e-05,3.522084245899393e-05,3.944692806534533e-05,4.0952820757889086e-05,4.39628997010999e-05,4.647392086343238e-05
2017-06-09,2.343999999999827e-06,3.165958938788904e-05,3.569281387649781e-05,3.972195964729863e-05,4.126702224160894e-05,4.4355351090707984e-05,4.71798605234941e-05
2017-06-12,7.263350000000007e-05,3.177769300144462e-05,3.5594491108348336e-05,3.940763628951238e-05,4.099209729857556e-05,4.4159130228038634e-05,4.749357133881915e-05
2017-06-13,0.00025631800000000017,3.3666874844628936e-05,3.6754545189143784e-05,3.983982451361001e-05,4.141102297428034e-05,4.455156228999613e-05,4.761120652685413e-05
2017-06-14,7.007140000000003e-05,3.579113421814384e-05,3.7855301117550866e-05,3.991839915418183e-05,4.133247776527682e-05,4.4159130228038634e-05,4.690534329632179e-05
2017-06-15,0.00017899400000000003,3.398165141277332e-05,3.710839276149791e-05,4.0232682221086336e-05,4.164664931138873e-05,4.447307896970898e-05,4.7375932677784505e-05
2017-06-16,7.81209e-06,3.3273369159037e-05,3.659726951354969e-05,3.991839915418183e-05,4.139793221380472e-05,4.4355351090707984e-05,4.7101428960028e-05
2017-06-19,1.2399999999999217e-05,3.2564960969372336e-05,3.624337654195564e-05,3.991839915418183e-05,4.152883788477446e-05,4.474776382723533e-05,4.7807257455456664e-05
2017-06-20,1.0180000000000258e-05,3.19745245778158e-05,3.610574300805247e-05,4.0232682221086336e-05,4.184299394793811e-05,4.5061666191337224e-05,4.7885675125813876e-05
2017-06-21,8.373360000000005e-05,3.34701268600579e-05,3.636134435858196e-05,3.9250465311058136e-05,4.0952820757889086e-05,4.4355351090707984e-05,4.8120918876737306e-05
2017-06-22,1.0832799999999955e-05,3.126588538937547e-05,3.4552120562469923e-05,3.783564742820822e-05,3.977434446289507e-05,4.3648910754034986e-05,4.7728838241667404e-05
2017-06-23,0.0,2.9572514738562816e-05,3.3706223275808966e-05,3.783564742820822e-05,3.9708863335929934e-05,4.345265509586582e-05,4.761120652685413e-05
2017-06-26,1.0774700000000038e-05,3.106901879990076e-05,3.449311030023772e-05,3.79142616035999e-05,3.976124832361094e-05,4.345265509586582e-05,4.761120652685413e-05
2017-06-27,0.0,3.425706051074506e-05,3.724599166421427e-05,4.0232682221086336e-05,4.171209859848979e-05,4.466928437163453e-05,4.792488338223322e-05
2017-06-28,0.0001994280000000015,3.488649554084233e-05,3.7403241734512704e-05,3.991839915418183e-05,4.139793221380472e-05,4.4355351090707984e-05,4.7807257455456664e-05
2017-06-29,3.378100000000009e-05,3.4178374139548495e-05,3.7403241734512704e-05,4.062550119532382e-05,4.203932890911588e-05,4.4865480111955236e-05,4.8316944726511935e-05
2017-06-30,5.029300000000008e-05,3.3155309874022265e-05,3.6734886069256234e-05,4.031124911429984e-05,4.1960796085538377e-05,4.525784261089072e-05,4.8826566804160976e-05
2017-07-03,8.750200000000015e-05,3.508317359646185e-05,3.779633975886654e-05,4.050765956953306e-05,4.209168326463342e-05,4.525784261089072e-05,4.921853943473664e-05
2017-07-05,0.0005376490000000001,3.838591408422687e-05,3.991839915418183e-05,4.145029499813546e-05,4.27591410030459e-05,4.5375543826331466e-05,4.863056602677496e-05
2017-07-06,0.0003510330000000006,3.716736430181555e-05,3.8995049246537405e-05,4.082189615961518e-05,4.227491809216666e-05,4.517937320214216e-05,4.863056602677496e-05
2017-07-07,1.2314999999999722e-05,3.665624861937111e-05,3.8739616806893196e-05,4.082189615961518e-05,4.219638991220798e-05,4.494395570286969e-05,4.800329873755338e-05
2017-07-10,0.0,3.704942034854497e-05,3.903434509133774e-05,4.1018281443871984e-05,4.226183016964313e-05,4.474776382723533e-05,4.7885675125813876e-05
2017-07-11,2.1915900000000045e-05,3.724599166421427e-05,3.954515580972817e-05,4.184299394793811e-05,4.2955430824553886e-05,4.517937320214216e-05,4.749357133881915e-05
2017-07-12,8.22969999999994e-05,3.716736430181555e-05,3.9309405154508426e-05,4.145029499813546e-05,4.252358045131466e-05,4.466928437163453e-05,4.749357133881915e-05
2017-07-13,2.5226000000000155e-05,3.7363929798805984e-05,3.919152459563868e-05,4.1018281443871984e-05,4.230109380820579e-05,4.4865480111955236e-05,4.768962805590249e-05
2017-07-14,1.6440000000000378e-05,3.6459648204312245e-05,3.8641369200176356e-05,4.082189615961518e-05,4.203932890911588e-05,4.447307896970898e-05,4.749357133881915e-05
2017-07-17,4.0777339999999996e-05,3.704942034854497e-05,3.919152459563868e-05,4.133247776527682e-05,4.220947804967068e-05,4.39628997010999e-05,4.768962805590249e-05
2017-07-18,2.095680000000009e-05,3.7363929798805984e-05,3.980053661223337e-05,4.223565419558817e-05,4.2772227291987264e-05,4.384515674571432e-05,4.7375932677784505e-05
2017-07-19,8.802499999999939e-05,3.9250465311058136e-05,4.164664931138873e-05,4.4041393071569956e-05,4.4119884895721384e-05,4.42768639052904e-05,4.8316944726511935e-05
2017-07-20,6.5425257e-05,3.897540117869802e-05,4.205896187303715e-05,4.514013791823146e-05,4.477392330204388e-05,4.4041393071569956e-05,4.823853554403179e-05
2017-07-21,0.0,3.8661018915364664e-05,4.239270745998169e-05,4.6120904122703976e-05,4.5401699179770105e-05,4.39628997010999e-05,4.8120918876737306e-05
2017-07-24,1.988309999999998e-05,3.8346611843209644e-05,4.243196980868724e-05,4.651314301495901e-05,4.582016148546586e-05,4.4433836730028986e-05,4.863056602677496e-05
2017-07-25,0.0,3.877891517123366e-05,4.2510493345693234e-05,4.6238579844981587e-05,4.595092194326078e-05,4.5375543826331466e-05,4.9022557939704114e-05
2017-07-26,9.62499999999976e-07,3.968267058374053e-05,4.21178601845984e-05,4.455156228999613e-05,4.46823643882599e-05,4.494395570286969e-05,4.843455560710197e-05
2017-07-27,0.00010977049999999998,3.9643381132714595e-05,4.164664931138873e-05,4.3648910754034986e-05,4.4054475149657435e-05,4.4865480111955236e-05,4.8316944726511935e-05
2017-07-28,3.722299999999986e-05,3.9250465311058136e-05,4.0939728491729e-05,4.262827574930128e-05,4.333489706054294e-05,4.474776382723533e-05,4.800329873755338e-05
2017-07-31,4.1461999999999706e-06,3.877891517123366e-05,4.076297868693679e-05,4.274605467102788e-05,4.3518074722692646e-05,4.5061666191337224e-05,4.8199330374032456e-05
2017-08-01,3.608999999999904e-06,3.8464517402969634e-05,4.0645141127226836e-05,4.282457201809642e-05,4.363582734434601e-05,4.525784261089072e-05,4.800329873755338e-05
2017-08-02,0.0001932473,3.944692806534533e-05,4.099864335094239e-05,4.254975453377163e-05,4.3426486944220244e-05,4.517937320214216e-05,4.8199330374032456e-05
2017-08-03,0.00018154900000000003,3.917187749657991e-05,4.099864335094239e-05,4.282457201809642e-05,4.3570409650861563e-05,4.5061666191337224e-05,4.8120918876737306e-05
2017-08-04,1.7295999999999978e-05,3.917187749657991e-05,4.084153512362576e-05,4.2510493345693234e-05,4.336106581348531e-05,4.5061666191337224e-05,4.839535236600412e-05
2017-08-07,2.6873999999999865e-05,3.8857510737067e-05,4.0291607536158125e-05,4.172518832712413e-05,4.2968516468899765e-05,4.5454009371725945e-05,4.851296093222324e-05
2017-08-08,0.00012230500000000007,3.917187749657991e-05,4.0448737449683136e-05,4.172518832712413e-05,4.317788093244346e-05,4.608167810959962e-05,4.8591364714356544e-05
2017-08-09,0.0001512757,3.976124832361094e-05,4.0645141127226836e-05,4.152883788477446e-05,4.2772227291987264e-05,4.525784261089072e-05,4.7807257455456664e-05
2017-08-10,0.0003439499999999991,3.976124832361094e-05,4.048801895972787e-05,4.121465704831628e-05,4.260210218265392e-05,4.5375543826331466e-05,4.7807257455456664e-05
2017-08-11,6.754800000000017e-05,3.917187749657991e-05,4.0095186429889296e-05,4.1018281443871984e-05,4.236653234590548e-05,4.5061666191337224e-05,4.7375932677784505e-05
2017-08-14,5.3459999999999966e-05,3.716736430181555e-05,3.889680793833783e-05,4.062550119532382e-05,4.206550617280591e-05,4.494395570286969e-05,4.7807257455456664e-05
2017-08-15,0.00022075240000000003,3.724599166421427e-05,3.903434509133774e-05,4.082189615961518e-05,4.2340357059744704e-05,4.5375543826331466e-05,4.878736741997791e-05
2017-08-16,0.00030258499999999996,3.807148530099447e-05,3.905399286852074e-05,4.0036258209585895e-05,4.164664931138873e-05,4.4865480111955236e-05,4.914014799362043e-05
2017-08-17,4.547000000000058e-05,3.787495470986002e-05,3.8759266037580176e-05,3.9643381132714595e-05,4.1253931007734224e-05,4.447307896970898e-05,4.874816765010337e-05
2017-08-18,2.4100999999999897e-05,3.7757031701834975e-05,3.889680793833783e-05,4.0036258209585895e-05,4.1476476132507045e-05,4.4355351090707984e-05,4.863056602677496e-05
2017-08-21,2.9308999999999932e-05,3.704942034854497e-05,3.809113782704543e-05,3.913258300802802e-05,4.074333933568042e-05,4.39628997010999e-05,4.823853554403179e-05
2017-08-22,3.673199999999939e-05,3.748186444219037e-05,3.87985642080757e-05,4.011482897614549e-05,4.169900882722288e-05,4.4865480111955236e-05,4.863056602677496e-05
2017-08-23,8.864600000000038e-05,3.8661018915364664e-05,3.90932881320083e-05,3.9525510454607726e-05,4.1031373451794195e-05,4.4041393071569956e-05,4.843455560710197e-05
2017-08-24,2.110300000000018e-05,3.8857510737067e-05,3.9643381132714595e-05,4.04290965494436e-05,4.169900882722288e-05,4.423761973271212e-05,4.870896749475939e-05
2017-08-25,0.00010968700000000002,3.8857510737067e-05,3.958444622953472e-05,4.031124911429984e-05,4.152883788477446e-05,4.39628997010999e-05,4.863056602677496e-05
2017-08-28,3.9795399999999995e-05,3.917187749657991e-05,3.9957685893377004e-05,4.074333933568042e-05,4.190844001006333e-05,4.423761973271212e-05,4.8826566804160976e-05
2017-08-29,0.00013775719999999992,3.897540117869802e-05,3.9957685893377004e-05,4.0939728491729e-05,4.21178601845984e-05,4.447307896970898e-05,4.839535236600412e-05
2017-08-30,0.00025869900000000026,3.767841442381403e-05,3.905399286852074e-05,4.04290965494436e-05,4.154192821514968e-05,4.37666595090036e-05,4.851296093222324e-05
2017-08-31,9.805800000000069e-05,3.704942034854497e-05,3.8346611843209644e-05,3.9643381132714595e-05,4.0612407853357624e-05,4.254975453377163e-05,4.8316944726511935e-05
2017-09-01,6.615399999999969e-05,3.748186444219037e-05,3.870031805486285e-05,3.991839915418183e-05,4.1031373451794195e-05,4.325638976987456e-05,4.851296093222324e-05
2017-09-05,0.0,3.976124832361094e-05,3.980053661223337e-05,3.983982451361001e-05,4.1136107967965074e-05,4.3727410310667736e-05,4.8120918876737306e-05
2017-09-06,7.033000000000039e-06,4.1253931007734224e-05,4.164664931138873e-05,4.203932890911588e-05,4.3347981458552454e-05,4.596399775280702e-05,4.8826566804160976e-05
2017-09-07,0.00022419623999999998,3.8150094823219405e-05,3.974160403386051e-05,4.133247776527682e-05,4.2641362468121e-05,4.525784261089072e-05,4.7807257455456664e-05
2017-09-08,4.160999999999987e-05,3.787495470986002e-05,3.960409129399878e-05,4.133247776527682e-05,4.260210218265392e-05,4.514013791823146e-05,4.768962805590249e-05
2017-09-11,1.5460000000000126e-05,3.795356810964989e-05,3.9643381132714595e-05,4.133247776527682e-05,4.274605467102788e-05,4.557170479224659e-05,4.8591364714356544e-05
2017-09-12,5.997499999999987e-05,3.8464517402969634e-05,3.983982451361001e-05,4.121465704831628e-05,4.2772227291987264e-05,4.5885542250712064e-05,4.929692933375307e-05
2017-09-13,1.7050599999999996e-05,3.877891517123366e-05,3.9996972245104345e-05,4.121465704831628e-05,4.279839974086208e-05,4.596399775280702e-05,5.00415564601564e-05
2017-09-14,0.00032236760000000004,3.897540117869802e-05,4.031124911429984e-05,4.164664931138873e-05,4.315171097601933e-05,4.616012974967276e-05,5.0668502961093154e-05
2017-09-15,0.00012340000000000007,3.8150094823219405e-05,3.954515580972817e-05,4.0939728491729e-05,4.271988187820597e-05,4.6277804313321624e-05,5.113864810391e-05
2017-09-18,3.621800000000019e-05,3.697078910658291e-05,3.8759266037580176e-05,4.0546940498709105e-05,4.252358045131466e-05,4.647392086343238e-05,5.1452047381106425e-05
2017-09-19,1.095099999999993e-05,3.7560485598442384e-05,3.938799025626771e-05,4.121465704831628e-05,4.313862593341433e-05,4.69837787198113e-05,5.137369987284757e-05
2017-09-20,1.0756000000000003e-06,3.905399286852074e-05,4.0193398193499874e-05,4.133247776527682e-05,4.3347981458552454e-05,4.7375932677784505e-05,5.1961268634936886e-05
2017-09-21,3.117000000000007e-05,3.897540117869802e-05,3.989875563936707e-05,4.082189615961518e-05,4.287691605631139e-05,4.69837787198113e-05,5.1569565754805424e-05
2017-09-22,2.1276999999999993e-05,3.8150094823219405e-05,3.938799025626771e-05,4.062550119532382e-05,4.266753577675253e-05,4.6748467816604133e-05,5.125617572176999e-05
2017-09-25,0.0,3.748186444219037e-05,3.8955753013825145e-05,4.04290965494436e-05,4.2615188987404906e-05,4.69837787198113e-05,5.106029443258109e-05
2017-09-26,7.49407e-05,3.7757031701834975e-05,3.9996972245104345e-05,4.223565419558817e-05,4.384515674571432e-05,4.7062212599202624e-05,5.125617572176999e-05
2017-09-27,0.0,3.897540117869802e-05,4.050765956953306e-05,4.203932890911588e-05,4.3753576485894285e-05,4.71798605234941e-05,5.164790941170061e-05
2017-09-28,0.000209276,3.807148530099447e-05,3.989875563936707e-05,4.172518832712413e-05,4.350499088334736e-05,4.7062212599202624e-05,5.125617572176999e-05
2017-09-29,2.6286000000000365e-05,3.748186444219037e-05,3.960409129399878e-05,4.172518832712413e-05,4.354424227281939e-05,4.71798605234941e-05,5.125617572176999e-05
2017-10-02,4.6429999999999215e-06,3.716736430181555e-05,3.919152459563868e-05,4.121465704831628e-05,4.323022032926005e-05,4.725829054308406e-05,5.102111701904555e-05
2017-10-03,4.184600000000033e-05,3.748186444219037e-05,3.9702315163925306e-05,4.192152909343605e-05,4.387132214755951e-05,4.7768048041518796e-05,5.113864810391e-05
2017-10-04,6.380399999999999e-05,3.9368344126211596e-05,4.080225709901519e-05,4.223565419558817e-05,4.414604849345416e-05,4.796409125273904e-05,5.1961268634936886e-05
2017-10-05,0.00017397900000000032,3.9957685893377004e-05,4.1096832847031806e-05,4.223565419558817e-05,4.4185293567977624e-05,4.808171254944149e-05,5.274455888670815e-05
2017-10-06,0.0003029962,4.007554378659961e-05,4.115574538321454e-05,4.223565419558817e-05,4.431610769128902e-05,4.847375846250834e-05,5.3057831874703254e-05
2017-10-10,3.508799999999996e-05,4.0468378253111226e-05,4.1607379222874386e-05,4.274605467102788e-05,4.482624173673955e-05,4.8983360483978444e-05,5.384090659799057e-05
2017-10-11,1.7536999999999978e-05,4.0468378253111226e-05,4.184299394793811e-05,4.321713554444884e-05,4.520552984343951e-05,4.9179343907024275e-05,5.5328324693126874e-05
2017-10-12,8.781899999999983e-05,3.877891517123366e-05,4.070406034273333e-05,4.262827574930128e-05,4.4852400696404615e-05,4.929692933375307e-05,5.540659447622609e-05
2017-10-13,1.4233400000000025e-05,3.7560485598442384e-05,4.0036258209585895e-05,4.2510493345693234e-05,4.477392330204388e-05,4.929692933375307e-05,5.501523018369703e-05
2017-10-16,2.0113999999999896e-05,3.795356810964989e-05,4.0350531979926885e-05,4.274605467102788e-05,4.499627190490685e-05,4.949289733358064e-05,5.560226220735487e-05
2017-10-17,2.408999999999658e-07,3.748186444219037e-05,4.0468378253111226e-05,4.345265509586582e-05,4.557170479224659e-05,4.980642608587438e-05,5.552399626806981e-05
2017-10-18,3.651899999999994e-05,3.9250465311058136e-05,4.1234294076542e-05,4.321713554444884e-05,4.527092069550598e-05,4.937531769022563e-05,5.571965823381042e-05
2017-10-19,8.039989999999997e-05,3.8857510737067e-05,4.099864335094239e-05,4.313862593341433e-05,4.5283998737044584e-05,4.9571281834692726e-05,5.540659447622609e-05
2017-10-20,6.958599999999995e-05,3.917187749657991e-05,4.135211421263385e-05,4.353115851918332e-05,4.5650166474509035e-05,4.988480441925347e-05,5.591531059168098e-05
2017-10-23,2.2223000000000034e-05,3.917187749657991e-05,4.1253931007734224e-05,4.333489706054294e-05,4.55193961457212e-05,4.988480441925347e-05,5.568052660942513e-05
2017-10-24,2.3777e-05,3.944692806534533e-05,4.1941162637781915e-05,4.4433836730028986e-05,4.635625209181704e-05,5.019830233443656e-05,5.591531059168098e-05
2017-10-25,0.0,3.944692806534533e-05,4.164664931138873e-05,4.384515674571432e-05,4.596399775280702e-05,5.019830233443656e-05,5.591531059168098e-05
2017-10-26,8.250000000000878e-07,3.905399286852074e-05,4.1391386817357656e-05,4.3727410310667736e-05,4.595092194326078e-05,5.039422600594534e-05,5.611095334212557e-05
2017-10-27,2.2829999999987582e-06,3.858241947329866e-05,4.099864335094239e-05,4.341340280400452e-05,4.563708963467583e-05,5.008074350687508e-05,5.587618088864765e-05
2017-10-30,8.005600000000022e-05,3.7757031701834975e-05,4.0645141127226836e-05,4.353115851918332e-05,4.56109358264456e-05,4.97672363410917e-05,5.587618088864765e-05
2017-10-31,3.2956e-05,3.8661018915364664e-05,4.209822751088943e-05,4.5532473371689974e-05,4.721907572635686e-05,5.05901400433828e-05,5.630658648625442e-05
2017-11-01,1.4149999999998365e-06,4.105755733907479e-05,4.3550784133428166e-05,4.6042451710137655e-05,4.7728838241667404e-05,5.109947146086924e-05,5.681518771050165e-05
2017-11-02,0.00011026760000000001,3.9957685893377004e-05,4.300123039158166e-05,4.6042451710137655e-05,4.7728838241667404e-05,5.109947146086924e-05,5.701078627984302e-05
2017-11-03,9.645599999999997e-05,4.007554378659961e-05,4.325638976987456e-05,4.643469832554814e-05,4.805557478371192e-05,5.129535082404324e-05,5.791041604052971e-05
2017-11-06,8.041100000000007e-05,4.0468378253111226e-05,4.3648910754034986e-05,4.682690632851205e-05,4.838228453318827e-05,5.1491220557586814e-05,5.849702168370108e-05
2017-11-07,4.360229999999995e-06,4.074333933568042e-05,4.439459410354729e-05,4.80425058364542e-05,4.95320897768714e-05,5.250958797975436e-05,5.880984271633416e-05
2017-11-08,2.0490000000000178e-05,4.145029499813546e-05,4.4885099154567953e-05,4.8316944726511935e-05,4.984561544518762e-05,5.290119845979824e-05,5.998270289375718e-05
2017-11-09,0.00024212300000000034,4.184299394793811e-05,4.5238225403698706e-05,4.863056602677496e-05,5.018524041378036e-05,5.329277045240666e-05,6.006088129795195e-05
2017-11-10,0.00034984269999999997,4.1253931007734224e-05,4.4885099154567953e-05,4.851296093222324e-05,5.025054958895936e-05,5.372345520049393e-05,6.0569003537125354e-05
2017-11-13,1.9794899999999935e-05,4.137175056340148e-05,4.4649664266316336e-05,4.792488338223322e-05,4.995011851915976e-05,5.399750307555351e-05,6.076441791424969e-05
2017-11-14,0.0001544039999999999,4.176445725434519e-05,4.5944384022167384e-05,5.011993016812433e-05,5.1752365224588814e-05,5.501523018369703e-05,6.119429580997426e-05
2017-11-15,0.00021981300000000013,4.23534447242524e-05,4.5944384022167384e-05,4.95320897768714e-05,5.125617572176999e-05,5.470211106861633e-05,6.1077060983461e-05
2017-11-16,0.0003383499999999994,4.223565419558817e-05,4.598361138707929e-05,4.9728046210839594e-05,5.16609665379697e-05,5.552399626806981e-05,6.217111857154123e-05
2017-11-17,3.622599999999988e-05,4.184299394793811e-05,4.598361138707929e-05,5.011993016812433e-05,5.201349277617062e-05,5.579792032994746e-05,6.260084472953231e-05
2017-11-20,3.2490000000000036e-05,4.164664931138873e-05,4.5885542250712064e-05,5.011993016812433e-05,5.209182770471443e-05,5.6032697394625686e-05,6.310864316905196e-05
2017-11-21,1.6697999999999887e-05,4.176445725434519e-05,4.670924798144682e-05,5.164790941170061e-05,5.351464416691876e-05,5.724549188856898e-05,6.338204629385835e-05
2017-11-22,8.93354000000001e-05,4.5454009371725945e-05,4.8199330374032456e-05,5.094276103645434e-05,5.300562142052101e-05,5.71281408126012e-05,6.267897177902881e-05
2017-11-24,3.328400000000018e-05,4.482624173673955e-05,4.747396513660185e-05,5.011993016812433e-05,5.241820666257446e-05,5.701078627984302e-05,6.299146465793548e-05
2017-11-27,0.00010698799999999997,4.502242974835369e-05,4.727789780689662e-05,4.95320897768714e-05,5.202654870450907e-05,5.701078627984302e-05,6.306958404822538e-05
2017-11-28,3.9596999999998855e-05,4.384515674571432e-05,4.749357133881915e-05,5.113864810391e-05,5.311004164476607e-05,5.7049904841566246e-05,6.299146465793548e-05
2017-11-29,0.00013053340000000003,4.6042451710137655e-05,4.843455560710197e-05,5.0825224172879047e-05,5.296646313102116e-05,5.724549188856898e-05,6.318676026206838e-05
2017-11-30,0.0003878340000000001,4.474776382723533e-05,4.7395539362504735e-05,5.00415564601564e-05,5.233987815089769e-05,5.693254800442915e-05,6.369448403731326e-05
2017-12-01,4.381099999999994e-05,4.4355351090707984e-05,4.714064493471781e-05,4.992399300762784e-05,5.226154809934158e-05,5.693254800442915e-05,6.36554306592263e-05
2017-12-04,2.406799999999992e-05,4.502242974835369e-05,4.843455560710197e-05,5.1843761814440725e-05,5.404970053368707e-05,5.8457917327503495e-05,6.498303081436951e-05
2017-12-05,4.1776999999999787e-05,4.5650166474509035e-05,4.874816765010337e-05,5.1843761814440725e-05,5.404970053368707e-05,5.8457917327503495e-05,6.560763079432874e-05
2017-12-06,2.614192e-05,4.6042451710137655e-05,4.85325620223076e-05,5.102111701904555e-05,5.3331925535138325e-05,5.794952577065082e-05,6.584183054525461e-05
2017-12-07,0.00020479400000000033,4.5650166474509035e-05,4.829734257549845e-05,5.094276103645434e-05,5.321445913253342e-05,5.775397328178222e-05,6.595892525873559e-05
2017-12-08,9.904100000000023e-05,4.4433836730028986e-05,4.7532783454151684e-05,5.062932169486167e-05,5.273150531093229e-05,5.693254800442915e-05,6.552956115135622e-05
2017-12-11,4.840000000000313e-06,4.5532473371689974e-05,4.82777403281176e-05,5.102111701904555e-05,5.3018674098348484e-05,5.701078627984302e-05,6.615407546739505e-05
2017-12-12,3.7061000000000125e-05,4.721907572635686e-05,5.008074350687508e-05,5.2940357390784953e-05,5.4845627051047785e-05,5.865343527000633e-05,6.64662959211082e-05
2017-12-13,3.3086499999999996e-05,4.8120918876737306e-05,4.978683126166672e-05,5.1452047381106425e-05,5.3579898790623304e-05,5.783219542898621e-05,6.572473239052634e-05
2017-12-14,0.00016721900000000013,4.7532783454151684e-05,4.968885569511805e-05,5.1843761814440725e-05,5.39061558781917e-05,5.802774407870359e-05,6.623213287459961e-05
2017-12-15,5.441699999999931e-05,4.8826566804160976e-05,5.037463407231435e-05,5.192210007987086e-05,5.402360188999644e-05,5.822328313120906e-05,6.66614212812e-05
2017-12-18,4.1021999999999934e-05,4.8826566804160976e-05,5.098193922026262e-05,5.313614627322494e-05,5.4871720310600836e-05,5.8340601956530236e-05,6.685653708582429e-05
2017-12-19,1.3687000000000074e-05,4.8120918876737306e-05,5.137369987284757e-05,5.462382744481076e-05,5.6267460625925025e-05,5.955269424884335e-05,6.724674003266706e-05
2017-12-20,0.0001292804000000001,4.823853554403179e-05,5.139328689440781e-05,5.4545542282902204e-05,5.631962835428439e-05,5.986543241132125e-05,6.736379346516941e-05
2017-12-21,1.860000000001097e-07,4.655236478057212e-05,4.994358715726399e-05,5.3331925535138325e-05,5.577183313532075e-05,6.0647170438077325e-05,6.755887487819301e-05
2017-12-22,7.850700000000023e-06,4.525784261089072e-05,4.894416264233925e-05,5.262707516551224e-05,5.5237008002695376e-05,6.045175031044181e-05,6.783197281023945e-05
2017-12-26,4.374489999999995e-05,4.6042451710137655e-05,4.95320897768714e-05,5.3018674098348484e-05,5.545877347734596e-05,6.0334493632741015e-05,6.802703130204257e-05
2017-12-27,7.04322e-05,4.643469832554814e-05,5.1726251528050327e-05,5.701078627984302e-05,5.8053816506919986e-05,6.013905816804055e-05,6.783197281023945e-05
2017-12-28,0.0001878079999999998,4.643469832554814e-05,5.094276103645434e-05,5.544572879112586e-05,5.7075983669108155e-05,6.0334493632741015e-05,6.845612637285114e-05
2017-12-29,6.175899999999977e-05,4.9728046210839594e-05,5.227460321477473e-05,5.481953362052039e-05,5.669782395956169e-05,6.045175031044181e-05,6.833910502734852e-05
2018-01-02,4.587600000000025e-05,4.890496441523062e-05,5.2255020525526774e-05,5.560226220735487e-05,5.762359962369068e-05,6.166320062339636e-05,7.063989418742977e-05
2018-01-03,6.850000000002687e-07,5.1217000234249355e-05,5.327319276671183e-05,5.5328324693126874e-05,5.7780047501676535e-05,6.267897177902881e-05,7.134156544497117e-05
2018-01-04,0.0002020590000000001,5.00415564601564e-05,5.268581745898615e-05,5.5328324693126874e-05,5.78061215505965e-05,6.275709729641754e-05,7.102972680805841e-05
2018-01-05,0.0,4.95320897768714e-05,5.243126126464048e-05,5.5328324693126874e-05,5.774093610799724e-05,6.256178063024365e-05,7.091278102677734e-05
2018-01-08,1.790400000000001e-05,5.062932169486167e-05,5.317530289516981e-05,5.571965823381042e-05,5.7858269136845664e-05,6.213205025895618e-05,7.028901221461936e-05
2018-01-09,0.0002995790000000001,5.0825224172879047e-05,5.397792885242225e-05,5.71281408126012e-05,5.910960649391228e-05,6.306958404822538e-05,7.021103424653674e-05
2018-01-10,6.691000000000075e-06,5.1217000234249355e-05,5.366472820345081e-05,5.611095334212557e-05,5.8197211812105465e-05,6.23664543890623e-05,7.001608264878278e-05
2018-01-11,7.733099999999993e-05,5.1530393348819814e-05,5.407579900618131e-05,5.66195795381752e-05,5.860129809009962e-05,6.256178063024365e-05,6.970414025042615e-05
2018-01-12,0.0,5.141287381960069e-05,5.417366675608548e-05,5.693254800442915e-05,5.8979277187898305e-05,6.306958404822538e-05,7.00940644324799e-05
2018-01-16,1.83799999999997e-05,5.168708066238814e-05,5.399750307555351e-05,5.630658648625442e-05,5.8562194757527664e-05,6.306958404822538e-05,7.00940644324799e-05
2018-01-17,0.0,5.1530393348819814e-05,5.423238625201776e-05,5.693254800442915e-05,5.934418850239709e-05,6.416309471890536e-05,6.986011450238472e-05
2018-01-18,8.4855e-05,5.043340958410525e-05,5.358642419417414e-05,5.673694559393816e-05,5.925296380682177e-05,6.428023877802502e-05,6.966514573325533e-05
2018-01-19,2.2780000000000022e-05,4.980642608587438e-05,5.315572463238105e-05,5.6502210025177746e-05,5.899231031025742e-05,6.396784696605096e-05,6.986011450238472e-05
2018-01-22,1.4165999999999485e-05,4.914014799362043e-05,5.262707516551224e-05,5.611095334212557e-05,5.873163976066742e-05,6.396784696605096e-05,7.005507373136766e-05
2018-01-23,3.915100000000029e-05,4.9022557939704114e-05,5.3018674098348484e-05,5.701078627984302e-05,5.95005688353023e-05,6.447547122312436e-05,6.927517957100449e-05
2018-01-24,0.0,4.933612370483509e-05,5.3038253034598526e-05,5.673694559393816e-05,5.925296380682177e-05,6.428023877802502e-05,6.966514573325533e-05
2018-01-25,2.8526000000000072e-06,4.792488338223322e-05,5.207877199020494e-05,5.622833438123642e-05,5.8940177564581475e-05,6.435833290407977e-05,6.986011450238472e-05
2018-01-26,1.852999999999924e-05,4.851296093222324e-05,5.227460321477473e-05,5.6032697394625686e-05,5.884894361840587e-05,6.447547122312436e-05,7.025002342131437e-05
2018-01-29,5.5954999999999894e-05,4.95320897768714e-05,5.252916941800301e-05,5.552399626806981e-05,5.84448824569872e-05,6.428023877802502e-05,7.005507373136766e-05
2018-01-30,6.885999999999871e-05,4.890496441523062e-05,5.321445913253342e-05,5.75192976255412e-05,6.01781460278783e-05,6.549052575621772e-05,7.005507373136766e-05
2018-01-31,3.103940000000004e-05,5.759752438017074e-05,5.765619343822692e-05,5.7714861632307546e-05,6.030843612481185e-05,6.549052575621772e-05,7.457545195665993e-05
2018-02-01,0.00019339679999999992,5.5289189224927426e-05,5.6952107717389566e-05,5.861433244902514e-05,6.069928085339349e-05,6.486590741672238e-05,7.449755783417444e-05
2018-02-02,5.9770000000000656e-05,5.497609163995776e-05,5.675650626724149e-05,5.853612565598354e-05,6.058203146053209e-05,6.467069410232007e-05,7.395225633399782e-05
2018-02-05,1.939999999998887e-06,5.497609163995776e-05,5.689342829051647e-05,5.880984271633416e-05,6.066019810591072e-05,6.435833290407977e-05,7.305624182141202e-05
2018-02-06,0.00010314000000000156,5.478039315431893e-05,5.7401954613789385e-05,6.002179228747906e-05,6.210600450429204e-05,6.627116100466068e-05,7.305624182141202e-05
2018-02-07,2.7163000000000187e-05,5.341023454619176e-05,5.716725822191293e-05,6.092074251551338e-05,6.3251856669444e-05,6.790999735284409e-05,7.4458610201944e-05
2018-02-08,0.0001456500000000041,5.200043680519961e-05,5.65608952138863e-05,6.11161396422144e-05,6.347317649990636e-05,6.818307122014033e-05,7.465334455614148e-05
2018-02-09,0.0003166800000000015,5.180459210407662e-05,5.665870194104805e-05,6.150690515038804e-05,6.377258964507249e-05,6.830009714842156e-05,7.395225633399782e-05
2018-02-12,3.2759999999999734e-05,5.239209732965655e-05,5.71476995652187e-05,6.189763233765966e-05,6.467069410232007e-05,7.021103424653674e-05,7.566580980356008e-05
2018-02-13,5.20500000000001e-05,5.160873777576569e-05,5.746062655154205e-05,6.33039330297791e-05,6.584183054525461e-05,7.091278102677734e-05,7.617194596476473e-05
2018-02-14,0.0002798499999999999,5.1726251528050327e-05,5.71281408126012e-05,6.252271614815008e-05,6.532136795778243e-05,7.091278102677734e-05,7.737862664303208e-05
2018-02-15,0.00023519999999999965,5.141287381960069e-05,5.716725822191293e-05,6.29133437359819e-05,6.581580903053386e-05,7.161440423297805e-05,7.800128661861194e-05
2018-02-16,9.152349999999999e-05,5.27053980310388e-05,5.800818964551979e-05,6.33039330297791e-05,6.620611390872888e-05,7.200414152297441e-05,7.776780053059262e-05
2018-02-20,6.942200000000041e-05,5.407579900618131e-05,5.873163976066742e-05,6.338204629385835e-05,6.625815167038418e-05,7.200414152297441e-05,7.85849419846496e-05
2018-02-21,1.8961999999999972e-05,5.489781339917954e-05,5.986543241132125e-05,6.482686551900763e-05,6.746783807409784e-05,7.274453736161313e-05,7.889618989120883e-05
2018-02-22,8.555900000000003e-05,5.2822879442970816e-05,5.877074143034733e-05,6.470973753036624e-05,6.735078769803948e-05,7.262764190207882e-05,7.897399806910954e-05
2018-02-23,6.229999999999777e-05,5.399750307555351e-05,5.935722043104441e-05,6.470973753036624e-05,6.735078769803948e-05,7.262764190207882e-05,7.877947477563652e-05
2018-02-26,0.0001188500000000002,5.368430396535118e-05,5.923993153711393e-05,6.478782323871002e-05,6.746783807409784e-05,7.282246576267859e-05,7.91685118661789e-05
2018-02-27,0.00013824999999999948,5.399750307555351e-05,5.9963158053122356e-05,6.591989407001009e-05,6.849513272433327e-05,7.364062196590915e-05,7.95575109744373e-05
2018-02-28,0.00010419999999999874,5.935722043104441e-05,6.232738799161197e-05,6.529534304378082e-05,6.784497700684788e-05,7.293935550678476e-05,8.130753713309069e-05
2018-03-01,0.0001534699999999993,5.8692537707294434e-05,6.140921736630389e-05,6.4124045933589e-05,6.685653708582429e-05,7.23159039086596e-05,8.017983056363143e-05
2018-03-02,9.887600000000035e-05,5.8379707464029096e-05,6.154597959340258e-05,6.470973753036624e-05,6.731177014196454e-05,7.251074301284355e-05,8.045206482210077e-05
2018-03-05,8.189999999999933e-06,5.896624402268458e-05,6.22883212111347e-05,6.560763079432874e-05,6.797501663791117e-05,7.270557258953758e-05,8.06465064764339e-05
2018-03-06,5.631300000000011e-05,5.947450587262537e-05,6.283522128214258e-05,6.619310436217773e-05,6.870316014939704e-05,7.371853284321439e-05,8.06465064764339e-05
2018-03-07,6.69113e-05,6.174134606062864e-05,6.402642229663691e-05,6.631018875258299e-05,6.884617270408455e-05,7.39133033709205e-05,8.033539527474431e-05
2018-03-08,0.0003155689999999999,6.154597959340258e-05,6.373353703259532e-05,6.591989407001009e-05,6.858614605942392e-05,7.39133033709205e-05,8.01409384370011e-05
2018-03-09,2.521999999999941e-05,6.154597959340258e-05,6.373353703259532e-05,6.591989407001009e-05,6.858614605942392e-05,7.39133033709205e-05,7.982978775511462e-05
2018-03-12,2.0360000000001818e-06,6.213205025895618e-05,6.416309471890536e-05,6.619310436217773e-05,6.870316014939704e-05,7.371853284321439e-05,7.971309998455745e-05
2018-03-13,6.117399999999978e-05,6.353826822813602e-05,6.572473239052634e-05,6.790999735284409e-05,7.028901221461936e-05,7.504278471426318e-05,7.982978775511462e-05
2018-03-14,0.0002737800000000004,6.732477603654807e-05,6.816356656447198e-05,6.900218054584073e-05,7.13805435585968e-05,7.613301469633349e-05,8.002425977871042e-05
2018-03-15,6.22261e-05,6.670044520662444e-05,6.820257578010747e-05,6.970414025042615e-05,7.195217875355375e-05,7.644445419208168e-05,8.072428048144786e-05
2018-03-16,3.1898999999999946e-05,6.670044520662444e-05,6.833910502734852e-05,6.997709118450324e-05,7.219899587274092e-05,7.663909151545134e-05,8.091870885218455e-05
2018-03-19,9.900000000000186e-06,6.650532175767054e-05,6.804653662606519e-05,6.958715555427375e-05,7.213404548167546e-05,7.722294644385563e-05,8.122977451252567e-05
2018-03-20,1.5430000000000088e-05,6.650532175767054e-05,6.865115431153868e-05,7.079583181268667e-05,7.297831799268906e-05,7.733970716361505e-05,8.122977451252567e-05
2018-03-21,0.00010542400000000001,6.70126228503598e-05,6.785147908927591e-05,6.869015875365925e-05,7.134156544497117e-05,7.663909151545134e-05,8.049095391227112e-05
2018-03-22,3.565999999999986e-05,6.591989407001009e-05,6.685653708582429e-05,6.779295996595103e-05,7.05099415041488e-05,7.593835264874116e-05,8.010204593045245e-05
2018-03-23,1.0820000000001662e-05,6.619310436217773e-05,6.709066343968395e-05,6.79880203675598e-05,7.036698865681146e-05,7.512066817838559e-05,7.936301616751074e-05
2018-03-26,0.0,6.689555910033285e-05,6.779295996595103e-05,6.869015875365925e-05,7.093876927477538e-05,7.54321868114971e-05,7.98686829190931e-05
2018-03-27,2.180000000000931e-06,6.549052575621772e-05,6.765641200279227e-05,6.982112151177056e-05,7.192619711471337e-05,7.613301469633349e-05,7.98686829190931e-05
2018-03-28,0.00024233000000000024,6.463165029169105e-05,6.64662959211082e-05,6.830009714842156e-05,7.091278102677734e-05,7.613301469633349e-05,8.29013364889164e-05
2018-03-29,5.977999999999886e-05,6.381164187474475e-05,6.564666504216277e-05,6.7480843459089e-05,7.023702707198431e-05,7.574368109031226e-05,8.20850798783912e-05
2018-04-02,7.940000000001418e-06,6.611504619025155e-05,6.69540914053357e-05,6.779295996595103e-05,7.034099667913019e-05,7.54321868114971e-05,8.189070841679857e-05
2018-04-03,4.135000000000076e-05,6.638824310134517e-05,6.769542618401125e-05,6.900218054584073e-05,7.118564917729664e-05,7.554900001971454e-05,8.17740809884171e-05
2018-04-04,6.878999999999913e-05,6.584183054525461e-05,6.652483453262192e-05,6.720772145762943e-05,6.975613234616596e-05,7.484806939328514e-05,8.115201037406372e-05
2018-04-05,0.00014306500000000038,6.560763079432874e-05,6.650532175767054e-05,6.740281051187402e-05,7.005507373136766e-05,7.53543094365039e-05,8.146305782141816e-05
2018-04-06,1.9160000000000704e-05,6.599795606510028e-05,6.683702593535124e-05,6.767591914114135e-05,7.002907971864758e-05,7.473123563306316e-05,8.072428048144786e-05
2018-04-09,0.0002955919999999999,6.529534304378082e-05,6.638824310134517e-05,6.7480843459089e-05,7.002907971864758e-05,7.512066817838559e-05,8.115201037406372e-05
2018-04-10,3.378999999999882e-05,6.4124045933589e-05,6.621261866612826e-05,6.830009714842156e-05,7.088679260913722e-05,7.605515101860583e-05,8.134641787416186e-05
2018-04-11,4.3386999999999766e-05,6.4124045933589e-05,6.617358996252598e-05,6.822208024481746e-05,7.076984263232333e-05,7.586048516672328e-05,8.122977451252567e-05
2018-04-12,0.00011907300000000079,6.443642549935902e-05,6.656385979564305e-05,6.869015875365925e-05,7.134156544497117e-05,7.663909151545134e-05,8.204620634466586e-05
2018-04-13,2.3788999999999755e-05,6.4124045933589e-05,6.66614212812e-05,6.919718175812939e-05,7.180927764327549e-05,7.702833764056116e-05,8.243492461645907e-05
2018-04-16,3.327800000000117e-05,6.4124045933589e-05,6.656385979564305e-05,6.900218054584073e-05,7.174432089884775e-05,7.722294644385563e-05,8.286247091815468e-05
2018-04-17,0.0,6.431928603234383e-05,6.740281051187402e-05,7.048395045883282e-05,7.314715102912928e-05,7.846821775103763e-05,8.37562831448313e-05
2018-04-18,0.0,6.560763079432874e-05,6.845612637285114e-05,7.130258695009495e-05,7.37574877103242e-05,7.866275624079933e-05,8.47664381911084e-05
2018-04-19,0.00011955500000000036,6.521726728148103e-05,6.851463575685557e-05,7.180927764327549e-05,7.419894959026507e-05,7.897399806910954e-05,8.569866174834573e-05
2018-04-20,4.49049999999996e-05,6.482686551900763e-05,6.79490090511603e-05,7.106870797235487e-05,7.369256272005131e-05,7.893509417011835e-05,8.639768630902545e-05
2018-04-23,0.0,6.552956115135622e-05,6.865115431153868e-05,7.177030372362836e-05,7.422491641295714e-05,7.912960986633522e-05,8.698011311003562e-05
2018-04-24,2.4679999999999147e-05,6.572473239052634e-05,6.956765777088592e-05,7.340688019330521e-05,7.566580980356008e-05,8.017983056363143e-05,8.717423645920874e-05
2018-04-25,0.0,6.502207118175285e-05,6.896317915816574e-05,7.290039263962989e-05,7.518556990215863e-05,7.97519962878468e-05,8.841640198276046e-05
2018-04-26,0.0,6.33429898533322e-05,6.761739743943451e-05,7.1887224338818e-05,7.434176502063572e-05,7.924631472611132e-05,8.798945126198277e-05
2018-04-27,6.454600000000018e-05,6.30305245445939e-05,6.716870250045304e-05,7.130258695009495e-05,7.388733451740848e-05,7.905180472733697e-05,8.787300221579919e-05
2018-04-30,3.174700000000037e-05,6.392879626737624e-05,6.75003514571948e-05,7.106870797235487e-05,7.373151784118015e-05,7.905180472733697e-05,8.787300221579919e-05
2018-05-01,4.592000000000311e-06,6.373353703259532e-05,6.831960113573565e-05,7.290039263962989e-05,7.526345057518036e-05,7.998536613329499e-05,8.837759017121805e-05
2018-05-02,0.0,6.631018875258299e-05,6.900218054584073e-05,7.169235474080438e-05,7.435474798778152e-05,7.967420330157182e-05,8.787300221579919e-05
2018-05-03,0.00011442300000000022,6.580279820944668e-05,6.890467636067044e-05,7.200414152297441e-05,7.449755783417444e-05,7.947971419097755e-05,8.756245478624969e-05
2018-05-04,0.00017299999999999954,6.552956115135622e-05,6.88656740184257e-05,7.219899587274092e-05,7.47182538927138e-05,7.97519962878468e-05,8.775654976611591e-05
2018-05-07,2.0206000000000043e-05,6.572473239052634e-05,6.894367832099846e-05,7.216002576515557e-05,7.47182538927138e-05,7.982978775511462e-05,8.795063529132285e-05
2018-05-08,1.1012900000000004e-05,6.580279820944668e-05,6.97431343859023e-05,7.367957759507604e-05,7.587346318604915e-05,8.02576136784694e-05,8.806708206865466e-05
2018-05-09,0.0001156650000000009,6.631018875258299e-05,7.021103424653674e-05,7.410806437802009e-05,7.639254929991957e-05,8.095759338777597e-05,8.833877798175571e-05
2018-05-10,0.00025847000000000023,6.572473239052634e-05,7.001608264878278e-05,7.430281586562337e-05,7.639254929991957e-05,8.056873095352302e-05,8.845521341616092e-05
2018-05-11,0.0003327550000000001,6.533438035116745e-05,7.011355963992827e-05,7.488701321878288e-05,7.678181950998564e-05,8.056873095352302e-05,8.864926491236602e-05
2018-05-14,4.1292000000000065e-05,6.552956115135622e-05,7.00940644324799e-05,7.465334455614148e-05,7.671694378275085e-05,8.084093864235697e-05,8.89209211307751e-05
2018-05-15,4.6616999999999666e-05,6.490494893185428e-05,7.00940644324799e-05,7.527643053939492e-05,7.748241006333423e-05,8.189070841679857e-05,8.965818037443007e-05
2018-05-16,0.0002706360000000003,6.603698648910417e-05,7.046445706371252e-05,7.488701321878288e-05,7.722294644385563e-05,8.189070841679857e-05,8.954178008924174e-05
2018-05-17,0.00030370989999999997,6.603698648910417e-05,7.0503443758696e-05,7.496489972780296e-05,7.73007873038356e-05,8.196845813945863e-05,9.00461567676647e-05
2018-05-18,7.952300000000018e-05,6.552956115135622e-05,7.00940644324799e-05,7.465334455614148e-05,7.709320829785149e-05,8.196845813945863e-05,9.012374751327101e-05
2018-05-21,3.0508999999999745e-05,6.572473239052634e-05,7.03474946894822e-05,7.496489972780296e-05,7.756024585447996e-05,8.274587193124461e-05,9.11322897303446e-05
2018-05-22,1.5891000000000082e-05,6.490494893185428e-05,7.054243007220684e-05,7.617194596476473e-05,7.867572513564625e-05,8.367856830160392e-05,9.062805053217105e-05
2018-05-23,2.8798000000000018e-05,6.880716978918677e-05,7.210156988901595e-05,7.53932483141817e-05,7.779374410499251e-05,8.259040130709216e-05,9.012374751327101e-05
2018-05-24,3.756599999999973e-05,6.790999735284409e-05,7.140003247241289e-05,7.488701321878288e-05,7.724889356608422e-05,8.196845813945863e-05,8.911494994778835e-05
2018-05-25,0.00011373700000000004,6.638824310134517e-05,7.048395045883282e-05,7.457545195665993e-05,7.683371933131511e-05,8.134641787416186e-05,8.849402447141941e-05
2018-05-29,4.13600000000007e-05,6.677849191061291e-05,7.046445706371252e-05,7.414701543706492e-05,7.595133041449209e-05,7.95575109744373e-05,8.47275908091305e-05
2018-05-30,0.00017472000000000147,6.919718175812939e-05,7.239384069368526e-05,7.558793699491417e-05,7.765105235568726e-05,8.17740809884171e-05,8.6747152605815e-05
2018-05-31,0.0002192269999999998,6.869015875365925e-05,7.198465556368383e-05,7.527643053939492e-05,7.744349159755082e-05,8.17740809884171e-05,8.736835035083601e-05
2018-06-01,9.580999999999999e-05,6.818307122014033e-05,7.163389200282033e-05,7.508172663661661e-05,7.748241006333423e-05,8.227944185845715e-05,8.876569127402867e-05
2018-06-04,2.171599999999975e-05,6.869015875365925e-05,7.1887224338818e-05,7.508172663661661e-05,7.763808012506423e-05,8.274587193124461e-05,8.989097074385555e-05
2018-06-05,6.17139e-05,6.927517957100449e-05,7.291987412072487e-05,7.656123772714629e-05,7.88702534944008e-05,8.348427456184027e-05,8.965818037443007e-05
2018-06-06,3.335800000000069e-05,7.106870797235487e-05,7.367957759507604e-05,7.628873748721787e-05,7.875353761899184e-05,8.367856830160392e-05,9.039530322407785e-05
2018-06-07,0.0001776201,6.98991071113042e-05,7.288091106327776e-05,7.586048516672328e-05,7.829961004302e-05,8.317338486985015e-05,9.016254231930532e-05
2018-06-08,4.175799999999981e-05,6.978212813968376e-05,7.272505502320392e-05,7.566580980356008e-05,7.813099519982103e-05,8.305679498099572e-05,8.996856451126689e-05
2018-06-11,3.4619999999998662e-06,7.12636080737461e-05,7.321208490740361e-05,7.515960933957011e-05,7.749538280066304e-05,8.216282580830736e-05,9.055046960670943e-05
2018-06-12,4.456300000000007e-05,7.067887916578641e-05,7.332896322176374e-05,7.597728581920649e-05,7.804019963630893e-05,8.216282580830736e-05,9.078320785138594e-05
2018-06-13,3.8523000000000376e-05,7.12636080737461e-05,7.367957759507604e-05,7.609408304776188e-05,7.809208306874815e-05,8.20850798783912e-05,9.148134102843208e-05
2018-06-14,0.00030219500000000033,7.056192308607656e-05,7.317312470744852e-05,7.578261616281168e-05,7.757321833845587e-05,8.115201037406372e-05,9.105471862258518e-05
2018-06-15,0.0001010738999999999,7.12636080737461e-05,7.362114400866204e-05,7.597728581920649e-05,7.776780053059262e-05,8.134641787416186e-05,9.086078424536126e-05
2018-06-18,1.876800000000017e-05,7.177030372362836e-05,7.37574877103242e-05,7.574368109031226e-05,7.794940200356315e-05,8.235718399585146e-05,9.11322897303446e-05
2018-06-19,4.4789999999999414e-05,7.173132942295268e-05,7.404963707546841e-05,7.636659660037459e-05,7.874056897727577e-05,8.348427456184027e-05,9.105471862258518e-05
2018-06-20,9.750000000000644e-07,7.247177595415266e-05,7.422491641295714e-05,7.597728581920649e-05,7.854603428669726e-05,8.367856830160392e-05,9.225690111924756e-05
2018-06-21,9.315100000000052e-05,7.274453736161313e-05,7.436123945558926e-05,7.597728581920649e-05,7.827366976242978e-05,8.286247091815468e-05,9.167524520425907e-05
2018-06-22,2.7614000000000024e-05,7.177030372362836e-05,7.352375279379153e-05,7.527643053939492e-05,7.761213553703072e-05,8.227944185845715e-05,9.132621089324999e-05
2018-06-25,0.0,6.997709118450324e-05,7.23159039086596e-05,7.465334455614148e-05,7.715807789887563e-05,8.216282580830736e-05,9.124864356069295e-05
2018-06-26,0.0,6.947016742309131e-05,7.282246576267859e-05,7.617194596476473e-05,7.861088023886076e-05,8.348427456184027e-05,9.132621089324999e-05
2018-06-27,0.0,7.017204469006444e-05,7.282246576267859e-05,7.5471124928006e-05,7.77807723388868e-05,8.239605449578136e-05,9.093835912898918e-05
2018-06-28,0.00013534700000000007,6.919718175812939e-05,7.233538824791275e-05,7.5471124928006e-05,7.791048809902001e-05,8.278473863931879e-05,9.082199623722254e-05
2018-06-29,6.183320000000003e-05,6.919718175812939e-05,7.233538824791275e-05,7.5471124928006e-05,7.793643074438528e-05,8.286247091815468e-05,9.10935043652028e-05
2018-07-02,4.331099999999987e-05,7.332896322176374e-05,7.469229028500557e-05,7.605515101860583e-05,7.853306496974355e-05,8.348427456184027e-05,9.128742741570939e-05
2018-07-03,7.57000000000535e-07,7.504278471426318e-05,7.640552558640934e-05,7.776780053059262e-05,7.95445449495169e-05,8.309565865638469e-05,9.089957187602415e-05
2018-07-05,0.00023716299999999857,7.305624182141202e-05,7.496489972780296e-05,7.687264375366709e-05,7.884431692861682e-05,8.278473863931879e-05,9.089957187602415e-05
2018-07-06,6.981399999999964e-05,7.196516950935816e-05,7.432229049064709e-05,7.667801783917128e-05,7.880541176352729e-05,8.305679498099572e-05,9.078320785138594e-05
2018-07-09,0.00028180200000000113,7.305624182141202e-05,7.506225572306846e-05,7.706726016154519e-05,7.912960986633522e-05,8.325110956697301e-05,9.117107471801056e-05
2018-07-10,2.2616000000000042e-05,7.39133033709205e-05,7.580208355650875e-05,7.768996879420342e-05,7.992054254724046e-05,8.437794732674142e-05,9.136499399331477e-05
2018-07-11,4.690000000003372e-07,7.403016111773297e-05,7.554900001971454e-05,7.706726016154519e-05,7.941488237772631e-05,8.41059811820255e-05,9.155890383105714e-05
2018-07-12,0.00010412600000000126,7.414701543706492e-05,7.586048516672328e-05,7.757321833845587e-05,8.005018866463764e-05,8.499951452911603e-05,9.206302524855658e-05
2018-07-13,4.041999999999891e-06,7.383539630234637e-05,7.564634174417328e-05,7.74564644616671e-05,7.995943682548301e-05,8.496066941954261e-05,9.217935190308779e-05
2018-07-16,5.3145500000000056e-05,7.403016111773297e-05,7.593835264874116e-05,7.784563074686446e-05,8.01539025214737e-05,8.47664381911084e-05,9.287724051842972e-05
2018-07-17,1.4883000000000257e-05,7.441966218890705e-05,7.685318159000865e-05,7.92852155864221e-05,8.146305782141816e-05,8.581517435857222e-05,9.318737400376698e-05
2018-07-18,0.0,7.465334455614148e-05,7.665855472493988e-05,7.866275624079933e-05,8.081501490186938e-05,8.511604758543179e-05,9.450517207554299e-05
2018-07-19,9.925199999999976e-05,7.383539630234637e-05,7.609408304776188e-05,7.835149009771669e-05,8.036132213606884e-05,8.437794732674142e-05,9.400135956982858e-05
2018-07-20,4.125549999999998e-05,7.254970969028385e-05,7.515960933957011e-05,7.776780053059262e-05,7.990757770359735e-05,8.418368768903228e-05,9.388508609808888e-05
2018-07-23,0.0,7.371853284321439e-05,7.549059384381884e-05,7.72618670639158e-05,7.97001344656767e-05,8.457219749380407e-05,9.438891330515453e-05
2018-07-24,4.7738000000000294e-05,7.39133033709205e-05,7.638606114102053e-05,7.885728523260305e-05,8.124273505449864e-05,8.600935447122815e-05,9.419514114950012e-05
2018-07-25,9.898999999998978e-06,7.453650508582044e-05,7.656123772714629e-05,7.85849419846496e-05,8.099647754411521e-05,8.581517435857222e-05,9.415638558762929e-05
2018-07-26,0.0,7.434176502063572e-05,7.62498073600959e-05,7.815693640944588e-05,8.071131825260203e-05,8.581517435857222e-05,9.458267603790205e-05
2018-07-27,2.303999999999848e-06,7.414701543706492e-05,7.621087685261152e-05,7.827366976242978e-05,8.077612897472441e-05,8.577633720041611e-05,9.446641952903789e-05
2018-07-30,8.535199999999948e-05,7.461439844669293e-05,7.642498993676305e-05,7.82347590246868e-05,8.08539004495401e-05,8.608702386680989e-05,9.466017849257824e-05
2018-07-31,3.5628999999999696e-05,7.461439844669293e-05,7.724240680140326e-05,7.98686829190931e-05,8.214986825860748e-05,8.670832453105959e-05,9.477642934818675e-05
2018-08-01,0.0,7.601621860908736e-05,7.778725822737975e-05,7.95575109744373e-05,8.204620634466586e-05,8.701893853646503e-05,9.535763275536624e-05
2018-08-02,0.00010277700000000008,7.403016111773297e-05,7.644445419208168e-05,7.885728523260305e-05,8.154081588940265e-05,8.690246112208477e-05,9.497017323734092e-05
2018-08-03,0.00012826400000000033,7.434176502063572e-05,7.6600164811369e-05,7.885728523260305e-05,8.15019370450365e-05,8.678598030242846e-05,9.485392803432191e-05
2018-08-06,9.387100000000015e-05,7.461439844669293e-05,7.687264375366709e-05,7.912960986633522e-05,8.168336840586043e-05,8.678598030242846e-05,9.48151788797702e-05
2018-08-07,7.851000000000125e-06,7.473123563306316e-05,7.774834273899245e-05,8.076316691463248e-05,8.308270414003616e-05,8.771773152660423e-05,9.512516156595652e-05
2018-08-08,2.8018200000000002e-05,7.554900001971454e-05,7.815693640944588e-05,8.076316691463248e-05,8.308270414003616e-05,8.771773152660423e-05,9.512516156595652e-05
2018-08-09,0.00029545799999999996,7.484806939328514e-05,7.770942687068683e-05,8.056873095352302e-05,8.295315666040359e-05,8.771773152660423e-05,9.493142521321829e-05
2018-08-10,0.00028694700000000007,7.504278471426318e-05,7.768996879420342e-05,8.033539527474431e-05,8.261631349903986e-05,8.717423645920874e-05,9.407887333257037e-05
2018-08-13,1.7411999999999636e-05,7.54321868114971e-05,7.784563074686446e-05,8.02576136784694e-05,8.24737943578846e-05,8.690246112208477e-05,9.438891330515453e-05
2018-08-14,8.884300000000078e-05,7.621087685261152e-05,7.899344987616352e-05,8.17740809884171e-05,8.379513999789978e-05,8.783418511071339e-05,9.458267603790205e-05
2018-08-15,0.00017519900000000001,7.663909151545134e-05,7.895454616702047e-05,8.126865601254529e-05,8.335474013798638e-05,8.75236346555841e-05,9.574505459952753e-05
2018-08-16,0.00030967300000000163,7.632766723397744e-05,7.870166279899671e-05,8.10742447179269e-05,8.322520150305657e-05,8.75236346555841e-05,9.593875139590757e-05
2018-08-17,8.244700000000025e-05,7.601621860908736e-05,7.813748051810343e-05,8.02576136784694e-05,8.26422255224557e-05,8.740717199451353e-05,9.551260601359246e-05
2018-08-20,3.733899999999995e-05,7.531537017824164e-05,7.772888485235718e-05,8.01409384370011e-05,8.252562009003483e-05,8.729070592905508e-05,9.508641504907267e-05
2018-08-21,3.738599999999993e-05,7.562687358952935e-05,7.864330281925902e-05,8.165745014587777e-05,8.371742591273268e-05,8.783418511071339e-05,9.539637663502631e-05
2018-08-22,2.725119999999996e-05,7.622644910121323e-05,7.904013382553643e-05,8.185183298659027e-05,8.380809219810104e-05,8.771773152660423e-05,9.508641504907267e-05
2018-08-23,6.349199999999985e-05,7.621087685261152e-05,7.893509417011835e-05,8.165745014587777e-05,8.361380477439617e-05,8.75236346555841e-05,9.520265346951717e-05
2018-08-24,1.1009999999999666e-05,7.621087685261152e-05,7.922686415362534e-05,8.224057022099274e-05,8.415778568848786e-05,8.798945126198277e-05,9.539637663502631e-05
2018-08-27,0.00011175600000000018,7.650284638738292e-05,7.9664479071484e-05,8.282360496836283e-05,8.461104639079231e-05,8.818352544293084e-05,9.590001279002891e-05
2018-08-28,5.7966999999999914e-06,7.628873748721787e-05,7.992702495340787e-05,8.356199319470292e-05,8.541383880134035e-05,8.911494994778835e-05,9.628738190259334e-05
2018-08-29,8.422099999999978e-05,7.691156779565667e-05,8.017983056363143e-05,8.34454146767527e-05,8.540089181985344e-05,8.930896931680365e-05,9.648105233717175e-05
2018-08-30,0.00016262799999999973,7.702833764056116e-05,7.984923538462141e-05,8.266813737756173e-05,8.48182341111059e-05,8.911494994778835e-05,9.605496495423971e-05
2018-08-31,0.00010486870000000001,7.601621860908736e-05,7.932411606681455e-05,8.262926953195304e-05,8.48182341111059e-05,8.919255882910981e-05,9.624864668600353e-05
2018-09-04,8.871800000000022e-05,7.621087685261152e-05,7.967420330157182e-05,8.313452195252147e-05,8.528436709420717e-05,8.95805805620764e-05,9.717818796728395e-05
2018-09-05,8.259999999999951e-06,7.85849419846496e-05,8.121033362007424e-05,8.383399647216017e-05,8.597051920578025e-05,9.024013079850235e-05,9.706200716563806e-05
2018-09-06,0.000295137,7.761213553703072e-05,8.062706273803677e-05,8.363971031166706e-05,8.580222868115328e-05,9.012374751327101e-05,9.706200716563806e-05
2018-09-07,8.150199999999979e-05,7.737862664303208e-05,8.06465064764339e-05,8.391170828381256e-05,8.611291332871751e-05,9.051167857765385e-05,9.845595324931011e-05
2018-09-10,0.0,7.691156779565667e-05,8.031595001800618e-05,8.371742591273268e-05,8.604818935831204e-05,9.070562994706322e-05,9.845595324931011e-05
2018-09-11,6.689400000000007e-05,7.71840254436551e-05,8.086038133714446e-05,8.453334821800773e-05,8.673420995641834e-05,9.11322897303446e-05,9.884307396457181e-05
2018-09-12,1.1732900000000011e-05,7.85849419846496e-05,8.15213765146261e-05,8.445564852999077e-05,8.661772421802993e-05,9.093835912898918e-05,9.981071123377205e-05
2018-09-13,0.00026293699999999955,7.85849419846496e-05,8.136585810247787e-05,8.414483462493294e-05,8.654006516706225e-05,9.132621089324999e-05,0.00010000421049149999
2018-09-14,0.00014668460000000002,7.897399806910954e-05,8.175464275161914e-05,8.453334821800773e-05,8.688951897695141e-05,9.159768466626694e-05,0.00010039118081839327
2018-09-17,1.5232999999999913e-05,7.877947477563652e-05,8.175464275161914e-05,8.47275908091305e-05,8.705776358453043e-05,9.171402490704139e-05,0.00010050726458810111
2018-09-18,3.915600000000026e-05,7.897399806910954e-05,8.216282580830736e-05,8.534910347357538e-05,8.771773152660423e-05,9.245076755659554e-05,0.0001007781135664576
2018-09-19,3.5770000000000506e-06,8.056873095352302e-05,8.280417185124733e-05,8.503835925988135e-05,8.761421437197825e-05,9.276093423760123e-05,0.00010089418606407108
2018-09-20,4.428300000000086e-05,7.959640879651175e-05,8.237661929322293e-05,8.515489117999486e-05,8.778242838247685e-05,9.30323102785735e-05,0.00010089418606407108
2018-09-21,2.1284799999999997e-05,7.998536613329499e-05,8.264870350216391e-05,8.531026177216461e-05,8.791181894252098e-05,9.310984289556679e-05,0.00010085549560723273
2018-09-24,0.0,8.06465064764339e-05,8.297906649312736e-05,8.531026177216461e-05,8.78471241876344e-05,9.29160085241243e-05,0.00010097156585064937
2018-09-25,6.929000000000006e-05,8.084093864235697e-05,8.389228047289699e-05,8.69412873052422e-05,8.907614494035876e-05,9.334243169467626e-05,0.00010116500874279843
2018-09-26,0.0,8.313452195252147e-05,8.498009202173584e-05,8.68248076206779e-05,8.893385667940734e-05,9.314860863818275e-05,0.00010104894413442977
2018-09-27,0.000185803,8.274587193124461e-05,8.439737276955128e-05,8.604818935831204e-05,8.835171542020959e-05,9.295477615278713e-05,0.00010097156585064937
2018-09-28,4.2214646999999996e-05,8.294020168064797e-05,8.463047069717788e-05,8.632002296926622e-05,8.855870872359617e-05,9.30323102785735e-05,0.0001007394219822988
2018-10-01,6.497000000000273e-06,8.332883274797531e-05,8.496066941954261e-05,8.659183803572112e-05,8.886917851724796e-05,9.341995827716332e-05,0.00010104894413442977
2018-10-02,3.374970000000004e-05,8.391170828381256e-05,8.558214573084477e-05,8.725188315072963e-05,8.95805805620764e-05,9.423389633456125e-05,0.00010112632091563434
2018-10-03,0.0,8.43390961569046e-05,8.579575582667864e-05,8.725188315072963e-05,8.968404664266849e-05,9.454392424523839e-05,0.00010213208235665405
2018-10-04,0.00023009600000000081,8.453334821800773e-05,8.587342938604081e-05,8.721305999404017e-05,8.969697971372703e-05,9.466017849257824e-05,0.00010244149634708322
2018-10-05,1.5644999999999895e-05,8.461104639079231e-05,8.581517435857222e-05,8.701893853646503e-05,8.959351396908843e-05,9.473767943979361e-05,0.00010263486789030551
2018-10-09,0.00028284999999999986,8.488297806441558e-05,8.633943894609253e-05,8.779536762748563e-05,9.02659932890959e-05,9.520265346951717e-05,0.00010290557228564978
2018-10-10,8.329999999993898e-06,8.52325772335849e-05,8.72324716196804e-05,8.923136270300169e-05,9.148134102843208e-05,9.597748962542063e-05,0.00010460672177003971
2018-10-11,5.840000000000012e-06,8.363971031166706e-05,8.628119073161855e-05,8.89209211307751e-05,9.119693116677041e-05,9.574505459952753e-05,0.00010387222358976267
2018-10-12,0.00010386999999999896,8.371742591273268e-05,8.641710190748775e-05,8.911494994778835e-05,9.132621089324999e-05,9.574505459952753e-05,0.00010364024866360566
2018-10-15,2.9754999999999365e-05,8.44944985634033e-05,8.703835110779323e-05,8.95805805620764e-05,9.193376942717713e-05,9.663598190745581e-05,0.00010437478960345636
2018-10-16,2.7110000000000328e-05,8.468874304856655e-05,8.765950345801521e-05,9.062805053217105e-05,9.260585391523968e-05,9.655851787537806e-05,0.0001040655257120715
2018-10-17,3.79816e-05,8.612585799672168e-05,8.69412873052422e-05,9.062805053217105e-05,9.264462456171074e-05,9.667471335861322e-05,0.0001040655257120715
2018-10-18,9.114999999999991e-05,8.600935447122815e-05,8.68248076206779e-05,9.062805053217105e-05,9.264462456171074e-05,9.667471335861322e-05,0.00010425881845721463
2018-10-19,2.9187700000000012e-05,8.558214573084477e-05,8.68248076206779e-05,9.058926025828917e-05,9.270924146753678e-05,9.694582297625765e-05,0.00010445210182563613
2018-10-22,2.4259999999999907e-05,8.519373439619393e-05,8.690246112208477e-05,9.070562994706322e-05,9.278678037105692e-05,9.694582297625765e-05,0.00010441344590206292
2018-10-23,4.881400000000032e-05,8.507720361206061e-05,8.670832453105959e-05,9.179158318017855e-05,9.358792736491317e-05,9.717818796728395e-05,0.00010391088476446875
2018-10-24,0.0,8.670832453105959e-05,8.705776358453043e-05,9.179158318017855e-05,9.354916589621176e-05,9.706200716563806e-05,0.0001032922609494058
2018-10-25,0.0,8.600935447122815e-05,8.701893853646503e-05,9.159768466626694e-05,9.341995827716332e-05,9.706200716563806e-05,0.00010371757513949476
2018-10-26,2.3999999999996247e-06,8.492182393138314e-05,8.600935447122815e-05,9.128742741570939e-05,9.313568676594386e-05,9.682963539892064e-05,0.00010286690135519194
2018-10-29,1.3583999999999645e-05,8.531026177216461e-05,8.562098478193114e-05,9.078320785138594e-05,9.286431776600601e-05,9.702327947902489e-05,0.00010348559120942902
2018-10-30,9.253000000000039e-05,8.492182393138314e-05,8.531026177216461e-05,9.171402490704139e-05,9.363960873653987e-05,9.748798687736482e-05,0.00010356292068691708
2018-10-31,3.24899999999996e-05,8.612585799672168e-05,8.833877798175571e-05,9.15201226183715e-05,9.360084777076949e-05,9.775904116593459e-05,0.00010437478960345636
2018-11-01,2.672000000000091e-05,8.659183803572112e-05,8.880449930526169e-05,9.120985932820069e-05,9.339411625064464e-05,9.775904116593459e-05,0.0001040655257120715
2018-11-02,8.653099999999993e-05,8.58928475391263e-05,8.899853379151779e-05,9.128742741570939e-05,9.351040405047861e-05,9.795264008327642e-05,0.00010495459470871715
2018-11-05,2.4637000000000096e-05,8.53879447964001e-05,8.888211423352388e-05,9.10935043652028e-05,9.338119517443566e-05,9.795264008327642e-05,0.00010507054560582318
2018-11-06,7.853599999999971e-05,8.639768630902545e-05,8.868807407758084e-05,9.279970337505716e-05,9.4789345900681e-05,9.876565283040151e-05,0.00010565024948383517
2018-11-07,9.679999999998024e-06,8.709658825445388e-05,8.942537640344028e-05,9.260585391523968e-05,9.459559321833844e-05,9.857209341324058e-05,0.00010715708496822351
2018-11-08,0.0005291440000000001,8.639768630902545e-05,8.942537640344028e-05,9.248953971208174e-05,9.458267603790205e-05,9.876565283040151e-05,0.00010723434322401637
2018-11-09,0.00016616900000000073,8.62035251212312e-05,8.938657441914799e-05,9.237322211363974e-05,9.446641952903789e-05,9.86495183084024e-05,0.0001069253012118132
2018-11-13,3.1988000000000155e-05,8.686363456056334e-05,8.950297923848716e-05,9.217935190308779e-05,9.433724165175406e-05,9.86495183084024e-05,0.00010661623522811858
2018-11-14,0.00025427,8.748481414677656e-05,9.10935043652028e-05,9.318737400376698e-05,9.504766815515708e-05,9.876565283040151e-05,0.00010607531206385801
2018-11-15,0.00033050000000000093,8.608702386680989e-05,9.070562994706322e-05,9.279970337505716e-05,9.472476272009978e-05,9.857209341324058e-05,0.00010568889341033838
2018-11-16,7.479600000000024e-05,8.577633720041611e-05,9.008495232931679e-05,9.237322211363974e-05,9.429848747188885e-05,9.81462295943647e-05,0.00010472268279082542
2018-11-19,2.8020000000000128e-05,8.616469174804742e-05,9.016254231930532e-05,9.237322211363974e-05,9.429848747188885e-05,9.81462295943647e-05,0.00010414284393545081
2018-11-20,7.430999999999757e-05,8.565982345443146e-05,8.969697971372703e-05,9.38075685650297e-05,9.546094893053692e-05,9.876565283040151e-05,0.00010422016065825268
2018-11-21,8.391999999999991e-05,8.756245478624969e-05,9.148134102843208e-05,9.438891330515453e-05,9.595166418097101e-05,9.907532834163568e-05,0.0001045294125479046
2018-11-23,5.467999999999966e-05,8.717423645920874e-05,9.136499399331477e-05,9.427265114259065e-05,9.590001279002891e-05,9.915274345884129e-05,0.00010441344590206292
2018-11-26,0.0001153899999999982,8.616469174804742e-05,9.117107471801056e-05,9.407887333257037e-05,9.577088138312817e-05,9.915274345884129e-05,0.00010479998826329329
2018-11-27,8.773000000000114e-06,8.608702386680989e-05,9.078320785138594e-05,9.431140557381035e-05,9.600331490244862e-05,9.938497978612126e-05,0.00010499324538271182
2018-11-28,6.338000000000177e-05,9.016254231930532e-05,9.21018011774688e-05,9.361376813465938e-05,9.54351201378767e-05,9.907532834163568e-05,0.00010479998826329329
2018-11-29,0.0002466529999999999,9.016254231930532e-05,9.140377671590372e-05,9.279970337505716e-05,9.485392803432191e-05,9.895920284530568e-05,0.00010499324538271182
2018-11-30,0.00017564699999999926,9.051167857765385e-05,9.117107471801056e-05,9.268339483092802e-05,9.480226241120882e-05,9.903662021892856e-05,0.00010537973150315239
2018-12-03,1.2199999999996936e-06,8.973577867532612e-05,9.117107471801056e-05,9.186913994385648e-05,9.449225460178567e-05,9.973330889923027e-05,0.00010599803133115593
2018-12-04,5.370999999999848e-05,9.140377671590372e-05,9.214057672890519e-05,9.500892088465385e-05,9.690709416032561e-05,0.00010070073002266255,0.00010595939040269897
2018-12-06,0.00035053199999999997,9.043409538622704e-05,9.396260212279905e-05,9.450517207554299e-05,9.63261167425955e-05,9.996551139157539e-05,0.00010580482294142435
2018-12-07,0.00015657999999999991,9.163646512400092e-05,9.438891330515453e-05,9.396260212279905e-05,9.582253444806454e-05,9.95397964849154e-05,0.00010507054560582318
2018-12-10,8.019999999999859e-06,9.086078424536126e-05,9.338119517443566e-05,9.357500691731246e-05,9.553843430376574e-05,9.946238888747239e-05,0.00010530243727813193
2018-12-11,5.070540000000004e-05,8.927016619875161e-05,9.217935190308779e-05,9.520265346951717e-05,9.686836496780593e-05,0.00010019770035274433,0.00010588210742157322
2018-12-12,1.1025000000000444e-05,8.934777205693578e-05,9.248953971208174e-05,9.520265346951717e-05,9.682963539892064e-05,0.00010008160756358464,0.00010576618013913297
2018-12-13,0.0001831124,8.927016619875161e-05,9.276093423760123e-05,9.489267681228597e-05,9.65843393867516e-05,9.996551139157539e-05,0.00010537973150315239
2018-12-14,0.00011397000000000143,9.29160085241243e-05,9.446641952903789e-05,9.504766815515708e-05,9.668762375869555e-05,9.996551139157539e-05,0.00010472268279082542
2018-12-17,5.5269999999999625e-05,9.233444882617015e-05,9.376880923306352e-05,9.388508609808888e-05,9.580962124444703e-05,9.965590506122446e-05,0.00010414284393545081
2018-12-18,6.0629700000000054e-05,9.15201226183715e-05,9.349748335152341e-05,9.349748335152341e-05,9.546094893053692e-05,9.938497978612126e-05,0.0001032922609494058
2018-12-19,9.332999999999911e-05,9.233444882617015e-05,9.369128943803595e-05,9.388508609808888e-05,9.578379471197884e-05,9.957849971953259e-05,0.00010321492621878647
2018-12-20,2.1749999999997466e-05,9.450517207554299e-05,9.477642934818675e-05,9.38075685650297e-05,9.573214114477757e-05,9.957849971953259e-05,0.00010317625829059374
2018-12-21,0.0,9.469892915459077e-05,9.516390770603067e-05,9.357500691731246e-05,9.54996918056672e-05,9.934627467167445e-05,0.00010298291302057727
2018-12-24,7.151000000000032e-05,9.438891330515453e-05,9.504766815515708e-05,9.365252897475251e-05,9.517682300241859e-05,9.822366276512895e-05,0.00010213208235665405
2018-12-26,1.8089999999998385e-05,9.438891330515453e-05,9.504766815515708e-05,9.547386326413942e-05,9.671344443340502e-05,9.919145045333977e-05,0.00010193868641050763
2018-12-27,9.102400000000031e-05,9.144255906079479e-05,9.427265114259065e-05,9.450517207554299e-05,9.565465953853547e-05,9.795264008327642e-05,0.00010101025518038931
2018-12-28,0.0001661999999999998,9.477642934818675e-05,9.655851787537806e-05,9.345872100285924e-05,9.472476272009978e-05,9.72556399529978e-05,0.00010131975629512624
2018-12-31,0.00012644700000000002,9.547386326413942e-05,9.636485120601002e-05,9.338119517443566e-05,9.480226241120882e-05,9.764287730007482e-05,0.00010190000609489047
2019-01-02,2.2330000000001394e-06,9.388508609808888e-05,9.396260212279905e-05,9.477642934818675e-05,9.6016227478124e-05,9.849466701350451e-05,0.00010205472510471658
2019-01-03,0.0002514100000000005,9.221812669979457e-05,9.307107677569704e-05,9.458267603790205e-05,9.534471804517608e-05,9.686836496780593e-05,9.826237878640676e-05
2019-01-04,0.0,9.458267603790205e-05,9.497017323734092e-05,9.466017849257824e-05,9.588709983754384e-05,9.83398097000876e-05,0.00010050726458810111
2019-01-07,3.4580000000004538e-06,9.450517207554299e-05,9.485392803432191e-05,9.446641952903789e-05,9.579670799930717e-05,9.845595324931011e-05,0.00010089418606407108
2019-01-08,2.6235000000001188e-05,9.411762964850467e-05,9.504766815515708e-05,9.636485120601002e-05,9.743635539849471e-05,9.957849971953259e-05,0.0001020160459155317
2019-01-09,0.0003066919999999999,9.38075685650297e-05,9.497017323734092e-05,9.578379471197884e-05,9.677799538820864e-05,9.876565283040151e-05,0.00010159055005076745
2019-01-10,1.628000000000046e-06,9.388508609808888e-05,9.446641952903789e-05,9.539637663502631e-05,9.645523015655577e-05,9.857209341324058e-05,0.00010159055005076745
2019-01-11,4.964499999999996e-06,9.469892915459077e-05,9.516390770603067e-05,9.504766815515708e-05,9.614535093405152e-05,9.83398097000876e-05,0.00010097156585064937
2019-01-14,0.0001072759999999999,9.458267603790205e-05,9.516390770603067e-05,9.477642934818675e-05,9.593875139590757e-05,9.826237878640676e-05,0.00010085549560723273
2019-01-15,3.0320000000000347e-05,9.438891330515453e-05,9.497017323734092e-05,9.609370205376777e-05,9.698455141582407e-05,9.876565283040151e-05,0.0001005459584266788
2019-01-16,2.4891999999999883e-05,9.400135956982858e-05,9.427265114259065e-05,9.489267681228597e-05,9.592583856909975e-05,9.79913587377812e-05,0.0001005459584266788
2019-01-17,9.600399999999936e-05,9.361376813465938e-05,9.338119517443566e-05,9.450517207554299e-05,9.573214114477757e-05,9.818494636770758e-05,0.00010085549560723273
2019-01-18,2.6289999999999994e-05,9.38075685650297e-05,9.407887333257037e-05,9.427265114259065e-05,9.552552017955129e-05,9.803007701636446e-05,0.00010162923337064811
2019-01-22,3.74899999999994e-05,9.341995827716332e-05,9.407887333257037e-05,9.415638558762929e-05,9.534471804517608e-05,9.772032025345823e-05,0.00010131975629512624
2019-01-23,1.315999999999904e-06,9.272216472289152e-05,9.338119517443566e-05,9.450517207554299e-05,9.583544760971563e-05,9.849466701350451e-05,0.00010151318228412975
2019-01-24,2.9991000000000045e-05,9.093835912898918e-05,9.217935190308779e-05,9.29160085241243e-05,9.469892915459077e-05,9.826237878640676e-05,0.00010101025518038931
2019-01-25,3.5316000000000514e-05,9.349748335152341e-05,9.438891330515453e-05,9.345872100285924e-05,9.508641504907267e-05,9.83398097000876e-05,0.0001017065988837551
2019-01-28,0.0,9.37300495240656e-05,9.446641952903789e-05,9.365252897475251e-05,9.515099236789837e-05,9.81462295943647e-05,0.00010182264433700183
2019-01-29,1.3559999999999918e-05,9.341995827716332e-05,9.466017849257824e-05,9.500892088465385e-05,9.619699914464874e-05,9.857209341324058e-05,0.00010151318228412975
2019-01-30,0.00011748999999999961,9.361376813465938e-05,9.427265114259065e-05,9.477642934818675e-05,9.580962124444703e-05,9.7875201644948e-05,0.00010124238327025026
2019-01-31,0.00021846199999999913,9.400135956982858e-05,9.396260212279905e-05,9.400135956982858e-05,9.48151788797702e-05,9.644231900329814e-05,0.00010000421049149999
2019-02-01,0.0001277472,9.450517207554299e-05,9.508641504907267e-05,9.396260212279905e-05,9.485392803432191e-05,9.663598190745581e-05,0.00010058465188933496
2019-02-04,1.761000000000037e-05,9.419514114950012e-05,9.458267603790205e-05,9.376880923306352e-05,9.489267681228597e-05,9.713946140976759e-05,0.00010058465188933496
2019-02-05,8.237000000000348e-06,9.361376813465938e-05,9.427265114259065e-05,9.477642934818675e-05,9.587418684331439e-05,9.806879491858211e-05,0.00010039118081839327
2019-02-06,9.212200000000004e-05,9.388508609808888e-05,9.454392424523839e-05,9.477642934818675e-05,9.587418684331439e-05,9.806879491858211e-05,0.00010019770035274433
2019-02-07,0.000143573000000001,9.361376813465938e-05,9.407887333257037e-05,9.458267603790205e-05,9.553843430376574e-05,9.74492633307733e-05,9.934627467167445e-05
2019-02-08,0.0003288554,9.520265346951717e-05,9.52801438660611e-05,9.497017323734092e-05,9.592583856909975e-05,9.783648186156846e-05,9.934627467167445e-05
2019-02-11,9.945799999999975e-06,9.539637663502631e-05,9.55513483862358e-05,9.535763275536624e-05,9.622282299903695e-05,9.795264008327642e-05,9.973330889923027e-05
2019-02-12,6.845999999999935e-05,9.477642934818675e-05,9.516390770603067e-05,9.547386326413942e-05,9.644231900329814e-05,9.837852459271268e-05,9.973330889923027e-05
2019-02-13,7.972699999999992e-05,9.477642934818675e-05,9.504766815515708e-05,9.52801438660611e-05,9.63519397600976e-05,9.849466701350451e-05,9.992681191595132e-05
2019-02-14,0.00034437599999999997,9.497017323734092e-05,9.485392803432191e-05,9.52801438660611e-05,9.627447020554847e-05,9.826237878640676e-05,9.923015707191674e-05
2019-02-15,7.442000000000039e-05,9.508641504907267e-05,9.547386326413942e-05,9.516390770603067e-05,9.611952657762046e-05,9.803007701636446e-05,9.969460716829914e-05
2019-02-19,7.078500000000008e-05,9.431140557381035e-05,9.516390770603067e-05,9.524139885619398e-05,9.623573486350345e-05,9.822366276512895e-05,9.969460716829914e-05
2019-02-20,0.00018854700000000006,9.419514114950012e-05,9.477642934818675e-05,9.590001279002891e-05,9.672635470803215e-05,9.837852459271268e-05,9.950109287415465e-05
2019-02-21,8.976700000000015e-05,9.349748335152341e-05,9.504766815515708e-05,9.597748962542063e-05,9.684254529718217e-05,9.857209341324058e-05,9.988811206440573e-05
2019-02-22,3.024300000000011e-05,9.508641504907267e-05,9.586127380734055e-05,9.605496495423971e-05,9.685545515347727e-05,9.845595324931011e-05,9.969460716829914e-05
2019-02-25,0.00013546300000000016,9.52801438660611e-05,9.605496495423971e-05,9.605496495423971e-05,9.688127474061226e-05,9.85333804013333e-05,0.00010008160756358464
2019-02-26,1.1324599999999936e-05,9.520265346951717e-05,9.574505459952753e-05,9.636485120601002e-05,9.71652791565969e-05,9.876565283040151e-05,9.946238888747239e-05
2019-02-27,0.00015027090000000002,9.497017323734092e-05,9.55513483862358e-05,9.609370205376777e-05,9.692000380745469e-05,9.857209341324058e-05,9.981071123377205e-05
2019-02-28,0.0002982919999999999,9.469892915459077e-05,9.516390770603067e-05,9.566757324419584e-05,9.650687435058813e-05,9.818494636770758e-05,9.96172025784503e-05
2019-03-01,5.642199999999955e-05,9.613243877670818e-05,9.63261167425955e-05,9.547386326413942e-05,9.642940780851816e-05,9.83398097000876e-05,0.00010008160756358464
2019-03-04,2.6055999999999996e-05,9.55513483862358e-05,9.63261167425955e-05,9.535763275536624e-05,9.628738190259334e-05,9.81462295943647e-05,9.957849971953259e-05
2019-03-05,3.5886000000000164e-05,9.535763275536624e-05,9.6016227478124e-05,9.663598190745581e-05,9.750089464266587e-05,9.923015707191674e-05,9.977201025446192e-05
2019-03-06,4.7468999999999636e-05,9.512516156595652e-05,9.570631411026653e-05,9.663598190745581e-05,9.747507907031938e-05,9.915274345884129e-05,9.946238888747239e-05
2019-03-07,0.00021750000000000068,9.504766815515708e-05,9.551260601359246e-05,9.644231900329814e-05,9.730727377377235e-05,9.903662021892856e-05,9.903662021892856e-05
2019-03-08,9.351299999999993e-05,9.605496495423971e-05,9.613243877670818e-05,9.620991109282606e-05,9.71136434957387e-05,9.892049359461197e-05,9.892049359461197e-05
2019-03-11,1.3330000000000633e-05,9.586127380734055e-05,9.613243877670818e-05,9.582253444806454e-05,9.688127474061226e-05,9.899791172007788e-05,9.923015707191674e-05
2019-03-12,4.450500000000024e-05,9.54351201378767e-05,9.590001279002891e-05,9.644231900329814e-05,9.737181510893755e-05,9.923015707191674e-05,9.892049359461197e-05
2019-03-13,6.906899999999973e-05,9.524139885619398e-05,9.570631411026653e-05,9.613243877670818e-05,9.707491631094634e-05,9.895920284530568e-05,9.872694169921203e-05
2019-03-14,0.0003665627,9.593875139590757e-05,9.559009038229149e-05,9.613243877670818e-05,9.703618874978837e-05,9.884307396457181e-05,9.872694169921203e-05
2019-03-15,4.036799999999983e-05,9.663598190745581e-05,9.63261167425955e-05,9.613243877670818e-05,9.695873249793152e-05,9.86108060490043e-05,9.8688230191879e-05
2019-03-18,1.0636000000000066e-05,9.613243877670818e-05,9.63261167425955e-05,9.590001279002891e-05,9.673926494091489e-05,9.841723910897215e-05,9.86108060490043e-05
2019-03-19,3.0483262999999995e-05,9.624864668600353e-05,9.65197852944577e-05,9.682963539892064e-05,9.739763135008239e-05,9.85333804013333e-05,9.806879491858211e-05
2019-03-20,4.375300000000011e-05,9.65197852944577e-05,9.671344443340502e-05,9.694582297625765e-05,9.713946140976759e-05,9.752671004759073e-05,9.686836496780593e-05
2019-03-21,5.224000000000027e-05,9.65197852944577e-05,9.648105233717175e-05,9.694582297625765e-05,9.717818796728395e-05,9.764287730007482e-05,9.72556399529978e-05
2019-03-22,7.238000000000036e-05,9.733309043324923e-05,9.682963539892064e-05,9.65197852944577e-05,9.668762375869555e-05,9.702327947902489e-05,9.63261167425955e-05
2019-03-25,7.315540000000001e-05,9.63261167425955e-05,9.690709416032561e-05,9.620991109282606e-05,9.637776261017805e-05,9.671344443340502e-05,9.520265346951717e-05
2019-03-26,2.105999999999983e-06,9.65197852944577e-05,9.512516156595652e-05,9.682963539892064e-05,9.695873249793152e-05,9.72169141484347e-05,9.520265346951717e-05
2019-03-27,1.1592999999999846e-05,9.593875139590757e-05,9.520265346951717e-05,9.574505459952753e-05,9.597748962542063e-05,9.644231900329814e-05,9.396260212279905e-05
2019-03-28,0.00016023299999999964,9.442766660550106e-05,9.469892915459077e-05,9.55513483862358e-05,9.560300429733992e-05,9.570631411026653e-05,9.396260212279905e-05
2019-03-29,4.493800000000044e-05,9.613243877670818e-05,9.562883200153749e-05,9.411762964850467e-05,9.464726152152991e-05,9.570631411026653e-05,9.415638558762929e-05
2019-04-01,6.940000000000418e-06,9.535763275536624e-05,9.504766815515708e-05,9.38075685650297e-05,9.446641952903789e-05,9.578379471197884e-05,9.473767943979361e-05
2019-04-02,3.828089e-05,9.524139885619398e-05,9.48151788797702e-05,9.54351201378767e-05,9.566757324419584e-05,9.613243877670818e-05,9.435015962799831e-05
2019-04-03,0.0,9.504766815515708e-05,9.500892088465385e-05,9.55513483862358e-05,9.577088138312817e-05,9.620991109282606e-05,9.462142745375601e-05
2019-04-04,0.0002228550000000001,9.493142521321829e-05,9.489267681228597e-05,9.54351201378767e-05,9.569340053006137e-05,9.620991109282606e-05,9.454392424523839e-05
2019-04-05,7.583000000000242e-06,9.55513483862358e-05,9.531888849911851e-05,9.54351201378767e-05,9.575796801208902e-05,9.640358529305892e-05,9.512516156595652e-05
2019-04-08,2.054400000000016e-05,9.524139885619398e-05,9.54351201378767e-05,9.524139885619398e-05,9.569340053006137e-05,9.659725007971076e-05,9.524139885619398e-05
2019-04-09,0.0002936380000000006,9.493142521321829e-05,9.520265346951717e-05,9.524139885619398e-05,9.570631411026653e-05,9.663598190745581e-05,9.500892088465385e-05
2019-04-10,9.244400000000012e-05,9.446641952903789e-05,9.462142745375601e-05,9.516390770603067e-05,9.561591817042192e-05,9.65197852944577e-05,9.462142745375601e-05
2019-04-11,1.320354e-05,9.454392424523839e-05,9.489267681228597e-05,9.524139885619398e-05,9.562883200153749e-05,9.640358529305892e-05,9.489267681228597e-05
2019-04-12,9.757800000000007e-05,9.504766815515708e-05,9.531888849911851e-05,9.570631411026653e-05,9.600331490244862e-05,9.659725007971076e-05,9.551260601359246e-05
2019-04-15,2.2210299999999932e-05,9.497017323734092e-05,9.504766815515708e-05,9.500892088465385e-05,9.530597366325111e-05,9.590001279002891e-05,9.551260601359246e-05
2019-04-16,1.864999999999994e-05,9.524139885619398e-05,9.531888849911851e-05,9.574505459952753e-05,9.604205250401954e-05,9.663598190745581e-05,9.590001279002891e-05
2019-04-17,9.526700000000001e-05,9.504766815515708e-05,9.551260601359246e-05,9.562883200153749e-05,9.599040228480682e-05,9.671344443340502e-05,9.590001279002891e-05
2019-04-18,2.346599999999998e-05,9.462142745375601e-05,9.52801438660611e-05,9.524139885619398e-05,9.569340053006137e-05,9.659725007971076e-05,9.578379471197884e-05
2019-04-22,2.5805999999999963e-05,9.574505459952753e-05,9.570631411026653e-05,9.570631411026653e-05,9.604205250401954e-05,9.671344443340502e-05,9.617117512306095e-05
2019-04-23,4.8935999999999424e-05,9.524139885619398e-05,9.551260601359246e-05,9.605496495423971e-05,9.620991109282606e-05,9.65197852944577e-05,9.55513483862358e-05
2019-04-24,1.2350000000000382e-06,9.485392803432191e-05,9.500892088465385e-05,9.54351201378767e-05,9.560300429733992e-05,9.593875139590757e-05,9.508641504907267e-05
2019-04-25,0.0,9.504766815515708e-05,9.512516156595652e-05,9.524139885619398e-05,9.560300429733992e-05,9.63261167425955e-05,9.516390770603067e-05
2019-04-26,2.9991000000000045e-05,9.54351201378767e-05,9.524139885619398e-05,9.500892088465385e-05,9.540929117779484e-05,9.620991109282606e-05,9.454392424523839e-05
2019-04-29,5.399599999999995e-05,9.605496495423971e-05,9.6016227478124e-05,9.500892088465385e-05,9.54351201378767e-05,9.628738190259334e-05,9.454392424523839e-05
2019-04-30,2.5933700000000033e-05,9.524139885619398e-05,9.570631411026653e-05,9.535763275536624e-05,9.561591817042192e-05,9.613243877670818e-05,9.341995827716332e-05
2019-05-01,9.008999999999927e-06,9.485392803432191e-05,9.431140557381035e-05,9.516390770603067e-05,9.52801438660611e-05,9.551260601359246e-05,9.341995827716332e-05
2019-05-02,4.036600000000001e-05,9.462142745375601e-05,9.489267681228597e-05,9.55513483862358e-05,9.583544760971563e-05,9.640358529305892e-05,9.423389633456125e-05
2019-05-03,9.529599999999992e-05,9.55513483862358e-05,9.562883200153749e-05,9.531888849911851e-05,9.564174579090867e-05,9.628738190259334e-05,9.431140557381035e-05
2019-05-06,7.986500000000014e-05,9.54351201378767e-05,9.551260601359246e-05,9.512516156595652e-05,9.544803455519002e-05,9.609370205376777e-05,9.369128943803595e-05
2019-05-07,8.179999999999993e-06,9.504766815515708e-05,9.531888849911851e-05,9.535763275536624e-05,9.551260601359246e-05,9.582253444806454e-05,9.299354340419619e-05
2019-05-08,2.6597999999999856e-05,9.504766815515708e-05,9.531888849911851e-05,9.54351201378767e-05,9.562883200153749e-05,9.6016227478124e-05,9.318737400376698e-05
2019-05-09,0.00037925799999999994,9.485392803432191e-05,9.500892088465385e-05,9.54351201378767e-05,9.562883200153749e-05,9.6016227478124e-05,9.287724051842972e-05
2019-05-10,0.0003351649999999997,9.535763275536624e-05,9.531888849911851e-05,9.524139885619398e-05,9.542220567881898e-05,9.578379471197884e-05,9.264462456171074e-05
2019-05-13,3.9420000000001815e-05,9.485392803432191e-05,9.493142521321829e-05,9.462142745375601e-05,9.48151788797702e-05,9.520265346951717e-05,9.132621089324999e-05
2019-05-14,0.00011220199999999875,9.466017849257824e-05,9.48151788797702e-05,9.473767943979361e-05,9.493142521321829e-05,9.531888849911851e-05,9.132621089324999e-05
2019-05-15,0.00019105800000000003,9.423389633456125e-05,9.450517207554299e-05,9.446641952903789e-05,9.464726152152991e-05,9.500892088465385e-05,9.070562994706322e-05
2019-05-16,0.00028917000000000005,9.276093423760123e-05,9.361376813465938e-05,9.415638558762929e-05,9.444058428864643e-05,9.500892088465385e-05,9.159768466626694e-05
2019-05-17,0.00010226900000000032,9.415638558762929e-05,9.411762964850467e-05,9.384632752018618e-05,9.42209779815073e-05,9.497017323734092e-05,9.171402490704139e-05
2019-05-20,1.6182000000000002e-05,9.357500691731246e-05,9.353624532293381e-05,9.341995827716332e-05,9.38075685650297e-05,9.458267603790205e-05,9.19854722589708e-05
2019-05-21,2.5786999999999338e-05,9.295477615278713e-05,9.334243169467626e-05,9.384632752018618e-05,9.41693041500713e-05,9.48151788797702e-05,9.30323102785735e-05
2019-05-22,1.7821999999999803e-05,9.248953971208174e-05,9.272216472289152e-05,9.326490360339612e-05,9.363960873653987e-05,9.438891330515453e-05,9.260585391523968e-05
2019-05-23,0.00010562999999999892,9.217935190308779e-05,9.202424894239059e-05,9.276093423760123e-05,9.313568676594386e-05,9.388508609808888e-05,9.089957187602415e-05
2019-05-24,0.00014296699999999992,9.307107677569704e-05,9.322613899209742e-05,9.233444882617015e-05,9.274801110792374e-05,9.357500691731246e-05,9.148134102843208e-05
2019-05-28,9.160000000001112e-06,9.229567516122472e-05,9.264462456171074e-05,9.241199502363351e-05,9.259293028240911e-05,9.295477615278713e-05,9.066684042857709e-05
2019-05-29,2.7259999999999437e-05,9.206302524855658e-05,9.233444882617015e-05,9.256708289151483e-05,9.281262633709098e-05,9.330366783766308e-05,9.024013079850235e-05
2019-05-30,0.00014005400000000013,9.245076755659554e-05,9.272216472289152e-05,9.30323102785735e-05,9.329074646813318e-05,9.38075685650297e-05,9.043409538622704e-05
2019-05-31,0.00019789999999999912,9.268339483092802e-05,9.314860863818275e-05,9.233444882617015e-05,9.234737329721909e-05,9.237322211363974e-05,8.698011311003562e-05
2019-06-03,1.0386999999999723e-05,9.21018011774688e-05,9.245076755659554e-05,9.183036175075543e-05,9.140377671590372e-05,9.055046960670943e-05,8.391170828381256e-05
2019-06-04,4.976000000000286e-05,9.179158318017855e-05,9.225690111924756e-05,9.245076755659554e-05,9.172695139070264e-05,9.027892447144303e-05,8.348427456184027e-05
2019-06-05,0.00012574000000000092,9.027892447144303e-05,9.163646512400092e-05,9.186913994385648e-05,9.066684042857709e-05,8.826115246840516e-05,8.06465064764339e-05
2019-06-06,0.0002700679999999992,8.989097074385555e-05,9.00461567676647e-05,9.074441908807351e-05,8.95805805620764e-05,8.725188315072963e-05,8.021872231100957e-05
2019-06-07,9.69600000000001e-05,9.101593250226969e-05,9.097714600447837e-05,8.923136270300169e-05,8.779536762748563e-05,8.492182393138314e-05,7.881838019407894e-05
2019-06-10,3.75399999999991e-06,9.039530322407785e-05,9.066684042857709e-05,8.942537640344028e-05,8.835171542020959e-05,8.62035251212312e-05,7.959640879651175e-05
2019-06-11,5.151820000000003e-05,8.880449930526169e-05,8.927016619875161e-05,8.915375457752006e-05,8.835171542020959e-05,8.6747152605815e-05,8.084093864235697e-05
2019-06-12,1.8802999999999962e-05,8.554330630117235e-05,8.659183803572112e-05,8.717423645920874e-05,8.688951897695141e-05,8.632002296926622e-05,7.990757770359735e-05
2019-06-13,0.0002949799999999994,8.542678574063878e-05,8.597051920578025e-05,8.628119073161855e-05,8.60352444380652e-05,8.554330630117235e-05,7.877947477563652e-05
2019-06-14,0.00013135200000000016,8.744599325982705e-05,8.678598030242846e-05,8.565982345443146e-05,8.560803847368348e-05,8.550446649291388e-05,7.940191588851064e-05
2019-06-17,7.67270000000004e-06,8.713541254601331e-05,8.698011311003562e-05,8.616469174804742e-05,8.621646949458217e-05,8.632002296926622e-05,8.041317535267822e-05
2019-06-18,2.9719999999998706e-05,8.585401113814228e-05,8.639768630902545e-05,8.736835035083601e-05,8.699305496073784e-05,8.624235811560688e-05,8.173520442023019e-05
2019-06-19,3.7100000000000848e-06,8.43390961569046e-05,8.519373439619393e-05,8.565982345443146e-05,8.497361783144086e-05,8.360085194247802e-05,7.784563074686446e-05
2019-06-20,9.01030000000011e-05,8.24737943578846e-05,8.360085194247802e-05,8.387285256739041e-05,8.26422255224557e-05,8.017983056363143e-05,7.508172663661661e-05
2019-06-21,6.023399999999994e-05,8.484413181863992e-05,8.441679811777014e-05,8.286247091815468e-05,8.20980376388114e-05,8.056873095352302e-05,7.640552558640934e-05
2019-06-24,0.0,8.317338486985015e-05,8.352313406767564e-05,8.294020168064797e-05,8.227944185845715e-05,8.095759338777597e-05,7.578261616281168e-05
2019-06-25,0.0,8.286247091815468e-05,8.340655441285705e-05,8.398941857978848e-05,8.343246129771664e-05,8.231831311689142e-05,7.628873748721787e-05
2019-06-26,0.0,8.259040130709216e-05,8.328997134698923e-05,8.437794732674142e-05,8.385990057768744e-05,8.282360496836283e-05,7.749538280066304e-05
2019-06-27,0.00015210699999999985,8.266813737756173e-05,8.379513999789978e-05,8.418368768903228e-05,8.37562831448313e-05,8.29013364889164e-05,7.6600164811369e-05
2019-06-28,4.7184999999999935e-05,8.565982345443146e-05,8.461104639079231e-05,8.24737943578846e-05,8.240901124478839e-05,8.227944185845715e-05,7.586048516672328e-05
2019-07-01,6.706999999999894e-06,8.546562630606935e-05,8.441679811777014e-05,8.34454146767527e-05,8.312156756273836e-05,8.24737943578846e-05,7.6600164811369e-05
2019-07-02,3.7294000000000216e-05,8.68248076206779e-05,8.558214573084477e-05,8.655300844728764e-05,8.499951452911603e-05,8.189070841679857e-05,7.566580980356008e-05
2019-07-03,0.00023590600000000014,8.771773152660423e-05,8.577633720041611e-05,8.666949607771812e-05,8.507720361206061e-05,8.189070841679857e-05,7.554900001971454e-05
2019-07-05,0.00010447899999999999,8.861045536923129e-05,8.717423645920874e-05,8.705776358453043e-05,8.590579292211409e-05,8.360085194247802e-05,7.83125801200324e-05
2019-07-08,1.6141999999999372e-05,8.764009391271088e-05,8.736835035083601e-05,8.795063529132285e-05,8.64624046024165e-05,8.348427456184027e-05,7.827366976242978e-05
2019-07-09,0.00028364199999999997,8.725188315072963e-05,8.787300221579919e-05,8.845521341616092e-05,8.698011311003562e-05,8.402827315934225e-05,7.920741348610427e-05
2019-07-10,9.518000000000026e-06,8.573749966367394e-05,8.527141969216778e-05,8.597051920578025e-05,8.444269843477237e-05,8.138529823598084e-05,7.644445419208168e-05
2019-07-11,5.458999999999759e-06,8.496066941954261e-05,8.41059811820255e-05,8.468874304856655e-05,8.373037836539865e-05,8.181295717712977e-05,7.737862664303208e-05
2019-07-12,9.451599999999935e-05,8.484413181863992e-05,8.58928475391263e-05,8.445564852999077e-05,8.349722777256652e-05,8.157969435429457e-05,7.714510406309216e-05
2019-07-15,0.0,8.534910347357538e-05,8.600935447122815e-05,8.414483462493294e-05,8.305679498099572e-05,8.08798239371189e-05,7.72618670639158e-05
2019-07-16,3.7188000000000065e-05,8.505389704605015e-05,8.499951452911603e-05,8.47664381911084e-05,8.361380477439617e-05,8.130753713309069e-05,7.827366976242978e-05
2019-07-17,1.4239000000000092e-05,8.37562831448313e-05,8.379513999789978e-05,8.356199319470292e-05,8.249970730811462e-05,8.03742855035594e-05,7.652231026233913e-05
2019-07-18,9.894599999999993e-05,8.266813737756173e-05,8.220169820427614e-05,8.126865601254529e-05,8.06724313135998e-05,7.947971419097755e-05,7.50038424113253e-05
2019-07-19,3.9753999999999484e-05,8.336769376993125e-05,8.480528519427821e-05,8.115201037406372e-05,8.068539366878902e-05,7.97519962878468e-05,7.621087685261152e-05
2019-07-22,2.2939000000000032e-05,8.328997134698923e-05,8.488297806441558e-05,8.17740809884171e-05,8.154081588940265e-05,8.10742447179269e-05,7.6600164811369e-05
2019-07-23,1.671400000000014e-05,8.286247091815468e-05,8.461104639079231e-05,8.216282580830736e-05,8.196845813945863e-05,8.157969435429457e-05,7.753430075974066e-05
2019-07-24,4.129299999999954e-05,8.17740809884171e-05,8.41059811820255e-05,8.227944185845715e-05,8.21239530330864e-05,8.181295717712977e-05,7.749538280066304e-05
2019-07-25,3.902999999999546e-06,8.255153270320115e-05,8.507720361206061e-05,8.286247091815468e-05,8.26422255224557e-05,8.220169820427614e-05,7.81180245317259e-05
2019-07-26,1.378199999999951e-05,8.418368768903228e-05,8.44944985634033e-05,8.317338486985015e-05,8.297906649312736e-05,8.259040130709216e-05,7.83125801200324e-05
2019-07-29,3.954999999999931e-06,8.328997134698923e-05,8.44944985634033e-05,8.266813737756173e-05,8.25385764176012e-05,8.227944185845715e-05,7.81180245317259e-05
2019-07-30,0.00010293899999999981,8.15019370450365e-05,8.231831311689142e-05,8.227944185845715e-05,8.218874078114169e-05,8.200733243168834e-05,7.800128661861194e-05
2019-07-31,2.8330000000000022e-05,7.839039969548267e-05,8.06076189048266e-05,8.189070841679857e-05,8.203324841593584e-05,8.231831311689142e-05,7.881838019407894e-05
2019-08-01,9.594500000000006e-05,8.138529823598084e-05,8.251266372005794e-05,8.189070841679857e-05,8.138529823598084e-05,8.03742855035594e-05,7.414701543706492e-05
2019-08-02,8.731500000000014e-05,8.317338486985015e-05,8.321224740792665e-05,8.10742447179269e-05,8.043910170774105e-05,7.91685118661789e-05,7.340688019330521e-05
2019-08-05,4.5579999999999926e-05,8.130753713309069e-05,8.161857243971227e-05,7.91685118661789e-05,7.885728523260305e-05,7.82347590246868e-05,7.075684797852588e-05
2019-08-06,7.368999999999952e-05,8.029650466645499e-05,8.161857243971227e-05,8.049095391227112e-05,7.988164788952368e-05,7.866275624079933e-05,7.177030372362836e-05
2019-08-07,2.6738299999999994e-05,7.920741348610427e-05,7.982978775511462e-05,7.940191588851064e-05,7.839039969548267e-05,7.636659660037459e-05,6.935317585687883e-05
2019-08-08,0.0002908600000000004,8.010204593045245e-05,8.002425977871042e-05,7.947971419097755e-05,7.870166279899671e-05,7.714510406309216e-05,7.044496357311303e-05
2019-08-09,0.0001585990000000006,8.157969435429457e-05,8.103536132075817e-05,7.866275624079933e-05,7.798831552818797e-05,7.663909151545134e-05,7.056192308607656e-05
2019-08-12,0.0001665299999999998,8.16963274727911e-05,8.103536132075817e-05,7.79623732207746e-05,7.731376063269124e-05,7.601621860908736e-05,6.97431343859023e-05
2019-08-13,3.56699999999998e-05,8.08798239371189e-05,8.06076189048266e-05,7.889618989120883e-05,7.83125801200324e-05,7.714510406309216e-05,7.34847956411766e-05
2019-08-14,0.00028012000000000176,7.800128661861194e-05,7.765105235568726e-05,7.698941473921472e-05,7.637957297124132e-05,7.515960933957011e-05,7.021103424653674e-05
2019-08-15,0.00025281199999999983,7.833592615225093e-05,7.554900001971454e-05,7.47701806005363e-05,7.422491641295714e-05,7.31341641264649e-05,6.767591914114135e-05
2019-08-16,0.00016161999999999947,8.08798239371189e-05,7.683371933131511e-05,7.356270956537792e-05,7.323805816250584e-05,7.25886759866956e-05,6.685653708582429e-05
2019-08-19,5.8990000000000084e-05,8.111312773584345e-05,7.702833764056116e-05,7.496489972780296e-05,7.46793084176467e-05,7.410806437802009e-05,6.865115431153868e-05
2019-08-20,8.153999999999974e-05,8.10742447179269e-05,7.714510406309216e-05,7.667801783917128e-05,7.586048516672328e-05,7.422491641295714e-05,6.826108888757787e-05
2019-08-21,4.1061999999999696e-05,8.06076189048266e-05,7.772888485235718e-05,7.757321833845587e-05,7.6600164811369e-05,7.465334455614148e-05,6.978212813968376e-05
2019-08-22,2.863099999999999e-05,8.056873095352302e-05,7.82347590246868e-05,7.827366976242978e-05,7.722294644385563e-05,7.512066817838559e-05,7.060090882737846e-05
2019-08-23,7.379999999997805e-06,8.220169820427614e-05,7.905180472733697e-05,7.71840254436551e-05,7.596430813805455e-05,7.352375279379153e-05,6.814406181354649e-05
2019-08-26,0.00011833000000000156,8.24737943578846e-05,7.963530623888992e-05,7.807911227408759e-05,7.68207444394875e-05,7.430281586562337e-05,6.915818227914983e-05
2019-08-27,6.994000000000184e-06,8.15019370450365e-05,8.002425977871042e-05,7.839039969548267e-05,7.706726016154519e-05,7.441966218890705e-05,6.935317585687883e-05
2019-08-28,3.51069999999995e-05,8.10742447179269e-05,8.033539527474431e-05,7.827366976242978e-05,7.68207444394875e-05,7.39133033709205e-05,6.884617270408455e-05
2019-08-29,0.00016831999999999958,8.126865601254529e-05,7.920741348610427e-05,7.827366976242978e-05,7.68596689884049e-05,7.403016111773297e-05,6.947016742309131e-05
2019-08-30,0.0001357824,8.220169820427614e-05,7.982978775511462e-05,7.807911227408759e-05,7.672991901275239e-05,7.403016111773297e-05,6.97431343859023e-05
2019-09-03,7.006199999999921e-05,8.119089263303181e-05,7.944081522959223e-05,7.71840254436551e-05,7.602919612126335e-05,7.371853284321439e-05,6.841711963967434e-05
2019-09-04,8.655999999999942e-05,8.049095391227112e-05,7.944081522959223e-05,7.73007873038356e-05,7.597728581920649e-05,7.332896322176374e-05,6.70126228503598e-05
2019-09-05,0.00023230999999999946,8.017983056363143e-05,7.932411606681455e-05,7.749538280066304e-05,7.627576082036569e-05,7.383539630234637e-05,6.892417738857404e-05
2019-09-06,3.890410000000001e-05,8.049095391227112e-05,7.854603428669726e-05,7.71840254436551e-05,7.599026345816995e-05,7.36016659561578e-05,6.872916281408514e-05
2019-09-09,7.751967e-05,8.06076189048266e-05,7.862384930268362e-05,7.71840254436551e-05,7.599026345816995e-05,7.36016659561578e-05,6.923618085541428e-05
2019-09-10,3.356349999999997e-05,8.010204593045245e-05,7.842930891333033e-05,7.710618230238886e-05,7.621087685261152e-05,7.441966218890705e-05,7.134156544497117e-05
2019-09-11,5.094800000000031e-05,7.92852155864221e-05,7.784563074686446e-05,7.710618230238886e-05,7.608110574697236e-05,7.403016111773297e-05,7.040597630569856e-05
2019-09-12,0.00014825499999999991,7.901290158818242e-05,7.714510406309216e-05,7.687264375366709e-05,7.612003752255347e-05,7.461439844669293e-05,7.161440423297805e-05
2019-09-13,0.00027533820000000004,7.780671582890974e-05,7.74564644616671e-05,7.706726016154519e-05,7.652231026233913e-05,7.54321868114971e-05,7.356270956537792e-05
2019-09-16,2.987099999999989e-05,8.239605449578136e-05,7.951861277266659e-05,7.854603428669726e-05,7.774185678743883e-05,7.613301469633349e-05,7.344583810775518e-05
2019-09-17,4.699999999999843e-06,8.266813737756173e-05,8.15019370450365e-05,7.85849419846496e-05,7.767699669014583e-05,7.586048516672328e-05,7.356270956537792e-05
2019-09-18,5.1498999999999556e-06,7.691156779565667e-05,7.593835264874116e-05,7.628873748721787e-05,7.57047456372284e-05,7.453650508582044e-05,7.293935550678476e-05
2019-09-19,5.857541e-05,7.663909151545134e-05,7.702833764056116e-05,7.617194596476473e-05,7.599026345816995e-05,7.562687358952935e-05,7.383539630234637e-05
2019-09-20,4.679100000000002e-05,7.714510406309216e-05,7.663909151545134e-05,7.508172663661661e-05,7.515960933957011e-05,7.531537017824164e-05,7.282246576267859e-05
2019-09-23,0.0,7.702833764056116e-05,7.605515101860583e-05,7.488701321878288e-05,7.506874603824265e-05,7.54321868114971e-05,7.130258695009495e-05
2019-09-24,7.917700000000145e-05,7.484806939328514e-05,7.496489972780296e-05,7.589941909791342e-05,7.567878845704534e-05,7.523749051996376e-05,7.056192308607656e-05
2019-09-25,0.0,7.216002576515557e-05,7.336792189804875e-05,7.449755783417444e-05,7.464036256199513e-05,7.492595666369617e-05,7.157542840707798e-05
2019-09-26,5.8969000000000295e-05,7.106870797235487e-05,7.247177595415266e-05,7.1887224338818e-05,7.253672084006624e-05,7.383539630234637e-05,7.005507373136766e-05
2019-09-27,0.00014469899999999987,7.663909151545134e-05,7.344583810775518e-05,7.067887916578641e-05,7.131557982420489e-05,7.25886759866956e-05,6.923618085541428e-05
2019-09-30,5.3255000000000316e-05,7.652231026233913e-05,7.364062196590915e-05,7.177030372362836e-05,7.178329507251391e-05,7.180927764327549e-05,6.954815989224095e-05
2019-10-01,4.17200000000003e-05,7.08737983368124e-05,6.947016742309131e-05,7.180927764327549e-05,7.157542840707798e-05,7.110768875540074e-05,6.833910502734852e-05
2019-10-02,0.0,6.869015875365925e-05,6.857314428154737e-05,7.110768875540074e-05,7.047095487267008e-05,6.919718175812939e-05,6.599795606510028e-05
2019-10-03,0.0002410499999999996,6.7480843459089e-05,6.709066343968395e-05,6.759789001442584e-05,6.698660898085684e-05,6.576376549127794e-05,6.322581823403617e-05
2019-10-04,5.109999999999143e-06,6.939217342738502e-05,6.837811252435877e-05,6.728575822556593e-05,6.654434721187208e-05,6.506111116677538e-05,6.30305245445939e-05
2019-10-07,3.2249999999999293e-06,6.947016742309131e-05,6.927517957100449e-05,6.779295996595103e-05,6.767591914114135e-05,6.744182717666192e-05,6.506111116677538e-05
2019-10-08,2.6959999999999484e-05,6.588086249892378e-05,6.779295996595103e-05,6.689555910033285e-05,6.6817514689399e-05,6.66614212812e-05,6.30305245445939e-05
2019-10-09,0.0003150459999999994,6.658337228393485e-05,6.736379346516941e-05,6.709066343968395e-05,6.6817514689399e-05,6.627116100466068e-05,6.299146465793548e-05
2019-10-10,2.234800000000016e-05,6.716870250045304e-05,6.658337228393485e-05,6.638824310134517e-05,6.631018875258299e-05,6.615407546739505e-05,6.369448403731326e-05
2019-10-11,9.171000000000006e-05,6.939217342738502e-05,6.806604185438658e-05,6.619310436217773e-05,6.618009477299402e-05,6.615407546739505e-05,6.521726728148103e-05
2019-10-15,1.4789999999986758e-06,6.869015875365925e-05,6.767591914114135e-05,6.576376549127794e-05,6.568569890763598e-05,6.552956115135622e-05,6.478782323871002e-05
2019-10-16,6.389799999999995e-05,6.79880203675598e-05,6.576376549127794e-05,6.568569890763598e-05,6.520425450551315e-05,6.424119114090132e-05,6.275709729641754e-05
2019-10-17,7.412300000000016e-05,6.806604185438658e-05,6.607601653096928e-05,6.568569890763598e-05,6.517822882656787e-05,6.416309471890536e-05,6.275709729641754e-05
2019-10-18,2.6677999999999598e-05,6.908018217610667e-05,6.677849191061291e-05,6.576376549127794e-05,6.515220297731439e-05,6.392879626737624e-05,6.213205025895618e-05
2019-10-21,2.945100000000065e-05,6.947016742309131e-05,6.709066343968395e-05,6.568569890763598e-05,6.530835552198688e-05,6.455356152268443e-05,6.256178063024365e-05
2019-10-22,3.0530999999999874e-05,6.919718175812939e-05,6.689555910033285e-05,6.529534304378082e-05,6.511316388491117e-05,6.474878057582956e-05,6.244458603466008e-05
2019-10-23,3.521700000000015e-05,6.876816649259432e-05,6.716870250045304e-05,6.529534304378082e-05,6.511316388491117e-05,6.474878057582956e-05,6.244458603466008e-05
2019-10-24,4.859000000000287e-06,6.869015875365925e-05,6.736379346516941e-05,6.588086249892378e-05,6.567268766155543e-05,6.525630535381133e-05,6.283522128214258e-05
2019-10-25,1.6465999999999703e-05,6.869015875365925e-05,6.767591914114135e-05,6.588086249892378e-05,6.573774346652073e-05,6.545148997849637e-05,6.326487582342111e-05
2019-10-28,0.0,6.869015875365925e-05,6.716870250045304e-05,6.486590741672238e-05,6.49570036901359e-05,6.513918998907187e-05,6.3460158026718e-05
2019-10-29,1.119049999999996e-05,6.529534304378082e-05,6.588086249892378e-05,6.470973753036624e-05,6.461863560325298e-05,6.443642549935902e-05,6.283522128214258e-05
2019-10-30,8.85529999999999e-05,6.381164187474475e-05,6.318676026206838e-05,6.470973753036624e-05,6.444944078309867e-05,6.392879626737624e-05,6.283522128214258e-05
2019-10-31,6.285000000000015e-05,6.092074251551338e-05,6.119429580997426e-05,6.088166194007094e-05,6.1024955508859335e-05,6.13115271870246e-05,6.0217233504245016e-05
2019-11-01,8.453999999999927e-05,6.271803472923665e-05,6.22883212111347e-05,6.0373579575445646e-05,6.051689141783889e-05,6.0803499639439096e-05,6.01781460278783e-05
2019-11-04,1.5299000000000302e-05,6.271803472923665e-05,6.240552040326364e-05,6.095982270748479e-05,6.11421918685906e-05,6.150690515038804e-05,6.142875511461199e-05
2019-11-05,6.02900000000006e-06,6.142875511461199e-05,6.1702273533637e-05,6.138967952207253e-05,6.16371518036285e-05,6.213205025895618e-05,6.30305245445939e-05
2019-11-06,6.912740000000002e-05,6.052991951155384e-05,6.1077060983461e-05,6.127245044451612e-05,6.142875511461199e-05,6.174134606062864e-05,6.217111857154123e-05
2019-11-07,0.0004676789999999999,6.052991951155384e-05,6.0998902515985165e-05,6.138967952207253e-05,6.16371518036285e-05,6.213205025895618e-05,6.248365128280753e-05
2019-11-08,0.00017643300000000015,6.142875511461199e-05,6.138967952207253e-05,6.119429580997426e-05,6.153295482169696e-05,6.221018650132137e-05,6.224925404785253e-05
2019-11-12,4.980200000000005e-05,6.142875511461199e-05,6.1702273533637e-05,6.19757731770143e-05,6.205391248426118e-05,6.221018650132137e-05,6.23664543890623e-05
2019-11-13,3.5537100000000016e-05,6.123337331875867e-05,6.138967952207253e-05,6.189763233765966e-05,6.20799585793197e-05,6.244458603466008e-05,6.166320062339636e-05
2019-11-14,0.0002566395,6.201484302215121e-05,6.150690515038804e-05,6.19757731770143e-05,6.205391248426118e-05,6.221018650132137e-05,6.115521791771883e-05
2019-11-15,0.0001760939999999999,6.29133437359819e-05,6.138967952207253e-05,6.178041820459335e-05,6.198879650143319e-05,6.240552040326364e-05,6.092074251551338e-05
2019-11-18,1.556620000000002e-05,6.29133437359819e-05,6.158505365316813e-05,6.19757731770143e-05,6.202786621889445e-05,6.213205025895618e-05,6.084258098160156e-05
2019-11-19,7.449059999999996e-05,6.1702273533637e-05,6.150690515038804e-05,6.1702273533637e-05,6.184553759314149e-05,6.213205025895618e-05,6.072533580558925e-05
2019-11-20,0.00018919900000000014,6.1702273533637e-05,6.13115271870246e-05,6.189763233765966e-05,6.19757731770143e-05,6.213205025895618e-05,6.0334493632741015e-05
2019-11-21,6.186700000000017e-05,6.189763233765966e-05,6.1702273533637e-05,6.209298156312215e-05,6.213205025895618e-05,6.221018650132137e-05,6.10379819414586e-05
2019-11-22,1.185200000000013e-05,6.252271614815008e-05,6.248365128280753e-05,6.256178063024365e-05,6.265292959928281e-05,6.283522128214258e-05,6.162412732990674e-05
2019-11-25,0.00011437700000000058,6.29133437359819e-05,6.299146465793548e-05,6.256178063024365e-05,6.284824179747517e-05,6.342110235180165e-05,6.213205025895618e-05
2019-11-26,2.6474999999999763e-05,6.420214312119477e-05,6.338204629385835e-05,6.318676026206838e-05,6.336902752290818e-05,6.373353703259532e-05,6.232738799161197e-05
2019-11-27,0.00011679600000000061,6.498303081436951e-05,6.318676026206838e-05,6.33039330297791e-05,6.354998462620998e-05,6.404204223930954e-05,6.304224243591783e-05
2019-11-29,0.0002318680000000001,6.502207118175285e-05,6.29133437359819e-05,6.248365128280753e-05,6.286126227017519e-05,6.361637689833444e-05,6.295240438847216e-05
2019-12-02,3.251399999999911e-05,6.502207118175285e-05,6.221018650132137e-05,6.217111857154123e-05,6.248365128280753e-05,6.310864316905196e-05,6.29133437359819e-05
2019-12-03,3.1963000000000304e-05,6.369448403731326e-05,6.060808717944788e-05,6.217111857154123e-05,6.219716390054586e-05,6.224925404785253e-05,6.154597959340258e-05
2019-12-04,0.00010339799999999934,6.310864316905196e-05,6.068625331345778e-05,6.138967952207253e-05,6.142875511461199e-05,6.150690515038804e-05,6.154597959340258e-05
2019-12-05,0.000304852,5.994361311634222e-05,6.11161396422144e-05,6.088166194007094e-05,6.095982270748479e-05,6.11161396422144e-05,6.135060354606203e-05
2019-12-06,4.6331999999999623e-05,5.9826341483493195e-05,6.0998902515985165e-05,5.998270289375718e-05,6.032146489998169e-05,6.0998902515985165e-05,6.154597959340258e-05
2019-12-09,8.098099999999993e-05,6.052991951155384e-05,6.088166194007094e-05,6.127245044451612e-05,6.135060354606203e-05,6.150690515038804e-05,6.135060354606203e-05
2019-12-10,3.355299999999997e-05,6.013905816804055e-05,6.0998902515985165e-05,6.1702273533637e-05,6.167622496944247e-05,6.162412732990674e-05,6.142875511461199e-05
2019-12-11,1.0318000000000046e-05,6.002179228747906e-05,6.0803499639439096e-05,6.189763233765966e-05,6.180646608777707e-05,6.162412732990674e-05,6.115521791771883e-05
2019-12-12,0.0001397110000000007,6.092074251551338e-05,6.158505365316813e-05,6.189763233765966e-05,6.19757731770143e-05,6.213205025895618e-05,6.193670294885045e-05
2019-12-13,0.00016886495000000001,6.13115271870246e-05,6.1702273533637e-05,6.158505365316813e-05,6.155900432269767e-05,6.150690515038804e-05,6.0412665134679244e-05
2019-12-16,4.095999999999961e-05,6.174134606062864e-05,6.1702273533637e-05,6.166320062339636e-05,6.18194899655311e-05,6.213205025895618e-05,6.060808717944788e-05
2019-12-17,6.820099999999972e-06,6.11161396422144e-05,6.158505365316813e-05,6.189763233765966e-05,6.19757731770143e-05,6.213205025895618e-05,6.0412665134679244e-05
2019-12-18,8.17188e-05,6.142875511461199e-05,6.178041820459335e-05,6.138967952207253e-05,6.159807825478758e-05,6.201484302215121e-05,6.0099969924731766e-05
2019-12-19,6.412199999999979e-05,6.013905816804055e-05,6.189763233765966e-05,6.19757731770143e-05,6.19236794543454e-05,6.18194899655311e-05,5.9904522955678274e-05
2019-12-20,4.9999000000000224e-05,6.142875511461199e-05,6.260084472953231e-05,6.217111857154123e-05,6.211902740282937e-05,6.201484302215121e-05,6.002179228747906e-05
2019-12-23,0.0,6.174134606062864e-05,6.201484302215121e-05,6.19757731770143e-05,6.22883212111347e-05,6.29133437359819e-05,6.049083510273334e-05
2019-12-24,7.04204e-05,6.123337331875867e-05,6.19757731770143e-05,6.217111857154123e-05,6.256178063024365e-05,6.33429898533322e-05,6.0295407306787396e-05
2019-12-26,8.840399999999939e-05,6.11161396422144e-05,6.22883212111347e-05,6.209298156312215e-05,6.24706295759836e-05,6.322581823403617e-05,6.0217233504245016e-05
2019-12-27,9.022330999999999e-05,6.201484302215121e-05,6.138967952207253e-05,6.158505365316813e-05,6.183251380065258e-05,6.232738799161197e-05,5.939631596185713e-05
2019-12-30,0.00013235600000000014,5.9435411108976766e-05,6.0412665134679244e-05,6.068625331345778e-05,6.125942477863688e-05,6.240552040326364e-05,5.9904522955678274e-05
2019-12-31,6.308799999999977e-05,5.822328313120906e-05,5.978725017197206e-05,6.127245044451612e-05,6.162412732990674e-05,6.232738799161197e-05,6.22883212111347e-05
2020-01-02,0.00012200300000000074,6.0334493632741015e-05,6.0998902515985165e-05,6.0373579575445646e-05,6.095982270748479e-05,6.213205025895618e-05,6.205391248426118e-05
2020-01-03,0.00010050400000000039,6.002179228747906e-05,6.060808717944788e-05,5.986543241132125e-05,6.0217233504245016e-05,6.092074251551338e-05,6.072533580558925e-05
2020-01-06,2.9209999999999132e-06,6.0334493632741015e-05,6.049083510273334e-05,6.0569003537125354e-05,6.077744519861206e-05,6.119429580997426e-05,6.095982270748479e-05
2020-01-07,9.956200000000009e-05,5.963088109095516e-05,6.0295407306787396e-05,6.1077060983461e-05,6.112916577660776e-05,6.123337331875867e-05,6.052991951155384e-05
2020-01-08,4.378899999999981e-05,5.923993153711393e-05,6.0099969924731766e-05,6.0803499639439096e-05,6.094679601931219e-05,6.123337331875867e-05,6.0647170438077325e-05
2020-01-09,0.00025325800000000013,5.9826341483493195e-05,6.088166194007094e-05,6.068625331345778e-05,6.082955391017997e-05,6.11161396422144e-05,6.052991951155384e-05
2020-01-10,4.403999999999953e-06,5.994361311634222e-05,6.088166194007094e-05,6.0569003537125354e-05,6.068625331345778e-05,6.092074251551338e-05,6.002179228747906e-05
2020-01-13,2.5360000000000313e-06,6.013905816804055e-05,6.119429580997426e-05,6.158505365316813e-05,6.1702273533637e-05,6.193670294885045e-05,6.0334493632741015e-05
2020-01-14,9.194400000000005e-05,6.0217233504245016e-05,6.119429580997426e-05,6.189763233765966e-05,6.187158505044366e-05,6.18194899655311e-05,6.0412665134679244e-05
2020-01-15,1.8568000000000057e-05,6.0412665134679244e-05,6.119429580997426e-05,6.178041820459335e-05,6.183251380065258e-05,6.193670294885045e-05,6.0803499639439096e-05
2020-01-16,3.7711000000001035e-05,5.963088109095516e-05,6.088166194007094e-05,6.138967952207253e-05,6.142875511461199e-05,6.150690515038804e-05,6.092074251551338e-05
2020-01-17,1.9906999999999998e-05,6.0412665134679244e-05,6.13115271870246e-05,6.14678303241245e-05,6.151993000735878e-05,6.162412732990674e-05,6.123337331875867e-05
2020-01-21,1.796699999999981e-05,5.9826341483493195e-05,6.060808717944788e-05,6.127245044451612e-05,6.132455268259562e-05,6.142875511461199e-05,6.049083510273334e-05
2020-01-22,3.5655400000000025e-05,6.002179228747906e-05,6.049083510273334e-05,6.119429580997426e-05,6.127245044451612e-05,6.142875511461199e-05,6.0803499639439096e-05
2020-01-23,6.873699999999992e-05,6.0412665134679244e-05,6.158505365316813e-05,6.127245044451612e-05,6.135060354606203e-05,6.150690515038804e-05,6.123337331875867e-05
2020-01-24,2.7862000000000026e-05,6.052991951155384e-05,6.0998902515985165e-05,6.0295407306787396e-05,6.039963665749326e-05,6.060808717944788e-05,6.060808717944788e-05
2020-01-27,0.0,6.013905816804055e-05,6.0998902515985165e-05,6.088166194007094e-05,6.092074251551338e-05,6.0998902515985165e-05,6.068625331345778e-05
2020-01-28,1.9039999999999682e-05,5.994361311634222e-05,6.189763233765966e-05,6.189763233765966e-05,6.193670294885045e-05,6.201484302215121e-05,6.0803499639439096e-05
2020-01-29,2.1818000000000054e-05,6.002179228747906e-05,6.119429580997426e-05,6.150690515038804e-05,6.165017623471769e-05,6.193670294885045e-05,5.95136002525809e-05
2020-01-30,0.0001511809999999998,6.0334493632741015e-05,6.150690515038804e-05,6.178041820459335e-05,6.166320062339636e-05,6.142875511461199e-05,5.822328313120906e-05
2020-01-31,8.342999999999892e-05,6.174134606062864e-05,6.1702273533637e-05,6.119429580997426e-05,6.10379819414586e-05,6.072533580558925e-05,5.689342829051647e-05
2020-02-03,0.0002737579999999998,6.174134606062864e-05,6.189763233765966e-05,6.217111857154123e-05,6.188460871525692e-05,6.13115271870246e-05,5.7480183672353746e-05
2020-02-04,3.5399999999997933e-06,6.072533580558925e-05,6.1702273533637e-05,6.19757731770143e-05,6.185856134299783e-05,6.162412732990674e-05,5.849702168370108e-05
2020-02-05,1.9289999999999932e-05,6.10379819414586e-05,6.119429580997426e-05,6.150690515038804e-05,6.158505365316813e-05,6.174134606062864e-05,5.8888044137006545e-05
2020-02-06,0.00016656199999999987,6.11161396422144e-05,6.158505365316813e-05,6.19757731770143e-05,6.202786621889445e-05,6.213205025895618e-05,5.931812451676066e-05
2020-02-07,0.00019598500000000008,6.213205025895618e-05,6.22883212111347e-05,6.158505365316813e-05,6.162412732990674e-05,6.1702273533637e-05,5.857522924435088e-05
2020-02-10,0.0001452960000000005,6.213205025895618e-05,6.209298156312215e-05,6.166320062339636e-05,6.133757813553409e-05,6.068625331345778e-05,5.767574959891775e-05
2020-02-11,3.869500000000005e-05,6.193670294885045e-05,6.22883212111347e-05,6.217111857154123e-05,6.179344216739047e-05,6.10379819414586e-05,5.8379707464029096e-05
2020-02-12,3.163899999999997e-05,6.1702273533637e-05,6.221018650132137e-05,6.209298156312215e-05,6.183251380065258e-05,6.13115271870246e-05,5.880984271633416e-05
2020-02-13,0.00031604599999999995,6.213205025895618e-05,6.248365128280753e-05,6.248365128280753e-05,6.213205025895618e-05,6.142875511461199e-05,5.880984271633416e-05
2020-02-14,0.00015891799999999986,6.271803472923665e-05,6.267897177902881e-05,6.209298156312215e-05,6.179344216739047e-05,6.119429580997426e-05,5.81841760884938e-05
2020-02-18,6.20960000000002e-05,6.33039330297791e-05,6.299146465793548e-05,6.209298156312215e-05,6.172832192752331e-05,6.0998902515985165e-05,5.81841760884938e-05
2020-02-19,0.0001650309999999995,6.310864316905196e-05,6.299146465793548e-05,6.217111857154123e-05,6.185856134299783e-05,6.123337331875867e-05,5.8379707464029096e-05
2020-02-20,4.8518999999999906e-05,6.279615948079353e-05,6.306958404822538e-05,6.217111857154123e-05,6.175437015132346e-05,6.092074251551338e-05,5.787130592671552e-05
2020-02-21,3.489999999999917e-05,6.30305245445939e-05,6.279615948079353e-05,6.138967952207253e-05,6.092074251551338e-05,5.998270289375718e-05,5.673694559393816e-05
2020-02-24,0.00012067999999999801,6.29133437359819e-05,6.260084472953231e-05,6.095982270748479e-05,6.013905816804055e-05,5.849702168370108e-05,5.3801756516813626e-05
2020-02-25,2.021999999999788e-05,6.260084472953231e-05,6.22883212111347e-05,6.0295407306787396e-05,5.929206036059398e-05,5.7284608145913296e-05,5.1961268634936886e-05
2020-02-26,6.5339999999994465e-06,6.221018650132137e-05,6.178041820459335e-05,5.978725017197206e-05,5.841881258783488e-05,5.568052660942513e-05,4.9571281834692726e-05
2020-02-27,0.00019237999999999894,6.052991951155384e-05,5.97090663985167e-05,5.7284608145913296e-05,5.547181812093349e-05,5.1843761814440725e-05,4.6238579844981587e-05
2020-02-28,0.00016516199999999995,5.689342829051647e-05,5.4349822647958845e-05,5.0668502961093154e-05,4.8735100974584e-05,4.4865480111955236e-05,3.881821314788425e-05
2020-03-02,2.5070000000002035e-05,5.611095334212557e-05,5.098193922026262e-05,4.6120904122703976e-05,4.426378255728558e-05,4.0546940498709105e-05,3.496516792811377e-05
2020-03-03,3.297000000000022e-05,4.4355351090707984e-05,4.1489566634966835e-05,3.763910520326874e-05,3.632857587110294e-05,3.3706223275808966e-05,2.839066698134829e-05
2020-03-04,5.739999999999912e-05,3.976124832361094e-05,3.500450353932649e-05,2.791782969935319e-05,2.736611527009991e-05,2.6262457160086683e-05,2.2831281691226835e-05
2020-03-05,0.00020691999999999933,3.547650058366436e-05,3.0478360659502712e-05,2.4724709422940805e-05,2.331787333420543e-05,2.0502709984659973e-05,1.900223106310328e-05
2020-03-06,3.2959999999998546e-05,3.106901879990076e-05,2.638072086780241e-05,1.88047575500061e-05,1.786991675589711e-05,1.5999576854497377e-05,1.5248559581237942e-05
2020-03-09,0.0001006900000000005,2.3383624403683356e-05,2.156849644574521e-05,1.5169496895506285e-05,1.4971833316890226e-05,1.45764767369716e-05,1.1491348215653119e-05
2020-03-10,2.8550000000002185e-05,2.2278862394253807e-05,2.2081551223962492e-05,1.6868998976571348e-05,1.6776796532891325e-05,1.6592385244207364e-05,1.5841479719114204e-05
2020-03-11,6.594000000000044e-05,1.7382659247111576e-05,1.7975261895841754e-05,1.7185105441797077e-05,1.665824739860433e-05,1.5604322252560365e-05,1.5960053158847742e-05
2020-03-12,0.0002029500000000073,1.3746100195666244e-05,1.1649618063103162e-05,1.2955104459200228e-05,1.3363805198229883e-05,1.4181080920883105e-05,1.4220622268190652e-05
2020-03-13,0.00033481999999999956,1.5446209431724256e-05,1.1372641703921715e-05,1.0937354231854712e-05,1.2084827727187886e-05,1.4378783733892675e-05,1.4536938921061449e-05
2020-03-16,3.790000000000737e-05,8.047422595636178e-06,9.94788761943255e-06,8.839393195625433e-06,9.776355081703159e-06,1.1649618063103162e-05,1.1214360853051275e-05
2020-03-17,4.690999999999723e-05,3.411237611494755e-06,6.621478670032488e-06,8.245430005215937e-06,8.654614136238692e-06,9.472856345338343e-06,1.0502019196945156e-05
2020-03-18,6.530000000004588e-06,2.102619669264172e-06,1.1109562016997643e-06,7.935717540874521e-07,1.5340961385668095e-06,3.0147321088414003e-06,7.453341314800355e-06
2020-03-19,0.00010955200000000061,1.1109562016997643e-06,1.82497877809773e-06,2.4992159535219827e-06,2.2744829064613725e-06,1.82497877809773e-06,6.344152519766055e-06
2020-03-20,0.00016081000000000428,9.919399968083553e-07,9.919399968083553e-07,1.5076512089873262e-06,1.6398741011780515e-06,1.9043067214230547e-06,5.551685702931408e-06
2020-03-23,2.920000000000006e-06,1.9840775800084032e-07,7.142216913447186e-07,1.1902983632072761e-06,1.4283153675354043e-06,1.9043067214230547e-06,6.542244596952074e-06
2020-03-24,0.00010098999999999525,3.174476701506279e-07,5.158396201299098e-07,1.1109562016997643e-06,1.98363308512306e-06,3.7284136038540083e-06,9.393678959579432e-06
2020-03-25,3.7900000000000433e-06,-1.6273164258340245e-06,-1.6273164258340245e-06,-1.8258151286421054e-06,-6.482008759745028e-07,1.7059839017008471e-06,7.651378251427587e-06
2020-03-26,4.592999999999958e-05,-1.3891310363112197e-06,-3.2155830334001934e-06,-1.3891310363112197e-06,-6.878900701279278e-07,7.142216913447186e-07,5.11576175554751e-06
2020-03-27,2.349999999998187e-06,5.158396201299098e-07,7.142216913447186e-07,5.951936339343433e-07,7.274468114548682e-07,9.919399968083553e-07,4.917598737996798e-06
2020-03-30,0.00016897999999999913,1.1109562016997643e-06,1.9043067214230547e-06,2.102619669264172e-06,2.512435149926162e-06,3.3319396677278235e-06,5.551685702931408e-06
2020-03-31,9.822000000000303e-05,1.5076512089873262e-06,2.2216027000254712e-06,5.23465483537322e-06,5.195024203041854e-06,5.11576175554751e-06,6.0271847082127294e-06
2020-04-01,5.440000000002387e-06,1.6266520093122239e-06,2.102619669264172e-06,2.935426272721031e-06,3.7284136038540083e-06,5.313914917426388e-06,6.225292545458672e-06
2020-04-02,0.00016199000000000074,2.419899854944063e-06,2.102619669264172e-06,3.8077036568218148e-06,4.521243131216934e-06,5.947938814809817e-06,5.947938814809817e-06
2020-04-03,0.0001273400000000001,4.3230505399893815e-06,4.441967277779568e-06,4.204130252816185e-06,4.785484583491595e-06,5.947938814809817e-06,5.947938814809817e-06
2020-04-06,1.0440000000000449e-05,3.0147321088414003e-06,4.521243131216934e-06,4.1248480890931916e-06,4.864753601951932e-06,6.344152519766055e-06,6.859171435502631e-06
2020-04-07,1.2372999999999985e-05,2.6181871408681445e-06,4.441967277779568e-06,5.947938814809817e-06,6.753531957004455e-06,8.36422972749773e-06,7.84940534459544e-06
2020-04-08,0.0002494800000000033,4.719425863441984e-06,5.512058224077521e-06,7.84940534459544e-06,8.311430288232557e-06,9.235319467171266e-06,9.35408967661644e-06
2020-04-09,0.00012674000000000019,7.2552945338255626e-06,8.641415304211364e-06,9.35408967661644e-06,9.486052423346436e-06,9.749964805072509e-06,9.868719673677973e-06
2020-04-13,1.9926999999999445e-05,6.423390532583895e-06,9.433267849079385e-06,9.156137360299965e-06,9.657597459966638e-06,1.0660328349842985e-05,1.0660328349842985e-05
2020-04-14,0.00011805000000000149,6.740326825349641e-06,7.2552945338255626e-06,8.245430005215937e-06,8.549022254555894e-06,9.156137360299965e-06,9.552032157689183e-06
2020-04-15,5.9750000000000775e-05,5.313914917426388e-06,6.225292545458672e-06,6.225292545458672e-06,6.727121649952039e-06,7.730590269705573e-06,7.532557270595319e-06
2020-04-16,5.615000000000481e-06,3.7284136038540083e-06,5.313914917426388e-06,5.829067019291756e-06,6.26491293087561e-06,7.136461739776223e-06,7.057237907837077e-06
2020-04-17,3.9100000000000246e-05,5.23465483537322e-06,6.8195569593587635e-06,4.917598737996798e-06,5.5252674275863e-06,6.740326825349641e-06,6.621478670032488e-06
2020-04-20,1.3800000000022128e-06,3.7284136038540083e-06,4.005921885541497e-06,4.005921885541497e-06,4.587305137304654e-06,5.74981718526324e-06,6.225292545458672e-06
2020-04-21,2.3159999999997766e-05,3.2129897926669315e-06,3.3319396677278235e-06,4.3230505399893815e-06,4.825119289897373e-06,5.829067019291756e-06,5.74981718526324e-06
2020-04-22,2.765000000000059e-05,3.2129897926669315e-06,3.530181567734658e-06,4.1248480890931916e-06,4.6269418152444786e-06,5.630939478251662e-06,6.542244596952074e-06
2020-04-23,8.096430000000004e-05,3.530181567734658e-06,4.521243131216934e-06,4.3230505399893815e-06,4.798696196184338e-06,5.74981718526324e-06,6.859171435502631e-06
2020-04-24,2.150999999999889e-05,3.8077036568218148e-06,4.8383307711397094e-06,4.8383307711397094e-06,5.102551194458016e-06,5.630939478251662e-06,6.740326825349641e-06
2020-04-27,1.7090000000000855e-05,3.8077036568218148e-06,4.719425863441984e-06,4.521243131216934e-06,4.891176257570962e-06,5.630939478251662e-06,7.057237907837077e-06
2020-04-28,6.727000000000642e-06,3.411237611494755e-06,3.9266357774181415e-06,4.204130252816185e-06,4.653366048046337e-06,5.551685702931408e-06,6.621478670032488e-06
2020-04-29,3.94499999999999e-05,3.3319396677278235e-06,3.8077036568218148e-06,4.005921885541497e-06,4.349476788512163e-06,5.0364977313144266e-06,6.542244596952074e-06
2020-04-30,3.286599999999945e-05,3.530181567734658e-06,3.8077036568218148e-06,4.204130252816185e-06,4.30983735011381e-06,4.521243131216934e-06,6.621478670032488e-06
2020-05-01,0.00010751000000000163,4.005921885541497e-06,4.3230505399893815e-06,4.3230505399893815e-06,4.4948180220050205e-06,4.8383307711397094e-06,6.621478670032488e-06
2020-05-04,5.161999999999528e-06,3.7284136038540083e-06,3.8077036568218148e-06,4.1248480890931916e-06,4.3230505399893815e-06,4.719425863441984e-06,6.542244596952074e-06
2020-05-05,0.0,3.7284136038540083e-06,4.3230505399893815e-06,4.8383307711397094e-06,5.142182746498136e-06,5.74981718526324e-06,6.423390532583895e-06
2020-05-06,7.320799999999995e-05,3.411237611494755e-06,4.1248480890931916e-06,4.719425863441984e-06,5.062919247844633e-06,5.74981718526324e-06,6.423390532583895e-06
2020-05-07,0.0003816299999999991,3.3319396677278235e-06,3.7284136038540083e-06,4.204130252816185e-06,4.653366048046337e-06,5.551685702931408e-06,5.630939478251662e-06
2020-05-08,0.0001917299999999976,3.8077036568218148e-06,4.521243131216934e-06,4.640153953516801e-06,5.0364977313144266e-06,5.829067019291756e-06,5.947938814809817e-06
2020-05-11,8.344899999999982e-06,4.005921885541497e-06,4.719425863441984e-06,4.719425863441984e-06,5.3271247777431086e-06,6.542244596952074e-06,6.344152519766055e-06
2020-05-12,0.0001617100000000024,3.9266357774181415e-06,4.3230505399893815e-06,5.313914917426388e-06,5.6573570530460415e-06,6.344152519766055e-06,6.344152519766055e-06
2020-05-13,6.727000000000122e-05,3.411237611494755e-06,3.9266357774181415e-06,4.8383307711397094e-06,5.274285073353369e-06,6.1460505926813624e-06,6.1460505926813624e-06
2020-05-14,0.00020867999999999928,3.3319396677278235e-06,4.1248480890931916e-06,4.8383307711397094e-06,5.23465483537322e-06,6.0271847082127294e-06,6.225292545458672e-06
2020-05-15,0.00010482300000000042,3.7284136038540083e-06,4.441967277779568e-06,4.917598737996798e-06,5.2874950651204955e-06,6.0271847082127294e-06,5.829067019291756e-06
2020-05-18,0.00011194999999999955,3.6094755657689603e-06,4.441967277779568e-06,4.8383307711397094e-06,5.23465483537322e-06,6.0271847082127294e-06,6.542244596952074e-06
2020-05-19,8.994000000000016e-05,3.6094755657689603e-06,4.3230505399893815e-06,5.11576175554751e-06,5.459220972614531e-06,6.1460505926813624e-06,6.225292545458672e-06
2020-05-20,0.00017872000000000027,3.2129897926669315e-06,4.204130252816185e-06,4.917598737996798e-06,5.2610750378434545e-06,5.947938814809817e-06,6.344152519766055e-06
2020-05-21,6.613999999999925e-05,3.2129897926669315e-06,4.005921885541497e-06,4.8383307711397094e-06,5.168603562255569e-06,5.829067019291756e-06,6.542244596952074e-06
2020-05-22,0.00016401900000000006,3.8077036568218148e-06,4.441967277779568e-06,4.8383307711397094e-06,5.23465483537322e-06,6.0271847082127294e-06,6.542244596952074e-06
2020-05-26,1.7720000000000583e-05,3.9266357774181415e-06,4.8383307711397094e-06,5.11576175554751e-06,5.41959257405189e-06,6.0271847082127294e-06,6.859171435502631e-06
2020-05-27,1.7220000000000082e-05,4.204130252816185e-06,5.313914917426388e-06,5.630939478251662e-06,6.040392203754408e-06,6.859171435502631e-06,7.2552945338255626e-06
2020-05-28,0.00012057900000000022,5.11576175554751e-06,5.512058224077521e-06,5.947938814809817e-06,6.212085662760103e-06,6.740326825349641e-06,7.136461739776223e-06
2020-05-29,0.00016172799999999987,5.11576175554751e-06,5.512058224077521e-06,5.630939478251662e-06,5.961146573252307e-06,6.621478670032488e-06,6.859171435502631e-06
2020-06-01,4.417199999999944e-05,4.8383307711397094e-06,5.432802083982224e-06,5.512058224077521e-06,5.881899366455556e-06,6.621478670032488e-06,6.740326825349641e-06
2020-06-02,2.978300000000024e-05,4.8383307711397094e-06,5.23465483537322e-06,6.0271847082127294e-06,6.370565365676484e-06,7.057237907837077e-06,6.740326825349641e-06
2020-06-03,9.733999999999958e-05,4.917598737996798e-06,5.11576175554751e-06,6.1460505926813624e-06,6.449802853136788e-06,7.057237907837077e-06,7.136461739776223e-06
2020-06-04,0.00021593999999999997,4.8383307711397094e-06,5.11576175554751e-06,6.0271847082127294e-06,6.370565365676484e-06,7.057237907837077e-06,6.859171435502631e-06
2020-06-05,1.6479999999999273e-05,5.313914917426388e-06,5.829067019291756e-06,6.225292545458672e-06,6.568656129690709e-06,7.2552945338255626e-06,7.2552945338255626e-06
2020-06-08,1.7320000000001223e-05,5.432802083982224e-06,6.225292545458672e-06,6.542244596952074e-06,6.872376173250316e-06,7.532557270595319e-06,7.453341314800355e-06
2020-06-09,6.705899999999952e-05,5.512058224077521e-06,6.344152519766055e-06,6.8195569593587635e-06,7.030829613619005e-06,7.453341314800355e-06,7.453341314800355e-06
2020-06-10,5.139999999999832e-06,5.23465483537322e-06,6.225292545458672e-06,6.8195569593587635e-06,6.9912168443320155e-06,7.3345144275815954e-06,7.3345144275815954e-06
2020-06-11,0.00011206999999999884,4.719425863441984e-06,5.947938814809817e-06,6.542244596952074e-06,6.740326825349641e-06,7.136461739776223e-06,7.2552945338255626e-06
2020-06-12,0.0002980099999999996,5.710191677055221e-06,6.423390532583895e-06,6.542244596952074e-06,6.806352046417885e-06,7.3345144275815954e-06,7.057237907837077e-06
2020-06-15,3.52470000000004e-05,6.423390532583895e-06,6.8195569593587635e-06,6.621478670032488e-06,6.898785517517325e-06,7.453341314800355e-06,7.057237907837077e-06
2020-06-16,1.5709999999998642e-05,5.512058224077521e-06,6.0271847082127294e-06,6.8195569593587635e-06,7.030829613619005e-06,7.453341314800355e-06,7.651378251427587e-06
2020-06-17,0.0,5.23465483537322e-06,5.74981718526324e-06,7.057237907837077e-06,7.083646026861956e-06,7.136461739776223e-06,7.651378251427587e-06
2020-06-18,3.288740000000003e-05,4.917598737996798e-06,5.0364977313144266e-06,6.225292545458672e-06,6.463008948021098e-06,6.938399206068979e-06,7.2552945338255626e-06
2020-06-19,0.00018139300000000018,5.23465483537322e-06,5.512058224077521e-06,6.1460505926813624e-06,6.410184306471223e-06,6.938399206068979e-06,7.057237907837077e-06
2020-06-22,8.009999999999268e-07,5.23465483537322e-06,5.74981718526324e-06,6.0271847082127294e-06,6.30453292238542e-06,6.859171435502631e-06,6.938399206068979e-06
2020-06-23,6.195000000000506e-06,4.917598737996798e-06,5.23465483537322e-06,6.0271847082127294e-06,6.330946030974616e-06,6.938399206068979e-06,7.057237907837077e-06
2020-06-24,2.960000000003238e-06,4.441967277779568e-06,5.11576175554751e-06,6.0271847082127294e-06,6.26491293087561e-06,6.740326825349641e-06,7.057237907837077e-06
2020-06-25,5.131000000000059e-05,4.521243131216934e-06,5.313914917426388e-06,5.630939478251662e-06,6.040392203754408e-06,6.859171435502631e-06,7.057237907837077e-06
2020-06-26,1.1520000000000974e-05,4.640153953516801e-06,5.630939478251662e-06,5.74981718526324e-06,6.08001442792272e-06,6.740326825349641e-06,6.423390532583895e-06
2020-06-29,0.00012472999999999998,5.432802083982224e-06,5.74981718526324e-06,5.432802083982224e-06,5.829067019291756e-06,6.621478670032488e-06,6.344152519766055e-06
2020-06-30,7.98099999999996e-05,5.11576175554751e-06,5.432802083982224e-06,5.829067019291756e-06,6.066807063609403e-06,6.542244596952074e-06,6.344152519766055e-06
2020-07-01,3.326300000000039e-05,4.719425863441984e-06,4.521243131216934e-06,5.630939478251662e-06,5.895107343611983e-06,6.423390532583895e-06,6.423390532583895e-06
2020-07-02,0.0002088630000000001,4.917598737996798e-06,4.917598737996798e-06,5.630939478251662e-06,5.895107343611983e-06,6.423390532583895e-06,6.225292545458672e-06
2020-07-06,5.519999999998443e-06,4.8383307711397094e-06,5.630939478251662e-06,5.74981718526324e-06,6.040392203754408e-06,6.621478670032488e-06,6.344152519766055e-06
2020-07-07,4.679999999999962e-06,4.8383307711397094e-06,5.432802083982224e-06,5.829067019291756e-06,6.066807063609403e-06,6.542244596952074e-06,6.225292545458672e-06
2020-07-08,1.4621000000000252e-05,4.3230505399893815e-06,4.917598737996798e-06,5.829067019291756e-06,6.000769585456922e-06,6.344152519766055e-06,6.225292545458672e-06
2020-07-09,0.0002718219999999997,4.1248480890931916e-06,4.719425863441984e-06,5.313914917426388e-06,5.591312787656122e-06,6.1460505926813624e-06,6.0271847082127294e-06
2020-07-10,4.600000000000437e-06,4.1248480890931916e-06,4.917598737996798e-06,5.23465483537322e-06,5.498848977047999e-06,6.0271847082127294e-06,6.0271847082127294e-06
2020-07-13,0.0,4.441967277779568e-06,5.0364977313144266e-06,5.432802083982224e-06,5.630939478251662e-06,6.0271847082127294e-06,6.225292545458672e-06
2020-07-14,0.00013962999999999996,4.521243131216934e-06,5.0364977313144266e-06,5.74981718526324e-06,5.776233971799272e-06,5.829067019291756e-06,6.1460505926813624e-06
2020-07-15,1.9789999999998698e-05,4.917598737996798e-06,5.0364977313144266e-06,5.432802083982224e-06,5.498848977047999e-06,5.630939478251662e-06,6.0271847082127294e-06
2020-07-16,2.9027000000000046e-05,4.521243131216934e-06,4.521243131216934e-06,4.521243131216934e-06,4.759061227099792e-06,5.23465483537322e-06,5.829067019291756e-06
2020-07-17,4.985800000000028e-05,4.441967277779568e-06,4.719425863441984e-06,4.640153953516801e-06,4.8383307711397094e-06,5.23465483537322e-06,5.74981718526324e-06
2020-07-20,0.0,4.441967277779568e-06,4.521243131216934e-06,4.640153953516801e-06,4.798696196184338e-06,5.11576175554751e-06,5.829067019291756e-06
2020-07-21,1.511900000000007e-05,3.8077036568218148e-06,4.204130252816185e-06,4.917598737996798e-06,5.0497085115619456e-06,5.313914917426388e-06,5.74981718526324e-06
2020-07-22,2.3284999999999625e-05,3.6094755657689603e-06,4.1248480890931916e-06,4.8383307711397094e-06,4.970443173046846e-06,5.23465483537322e-06,5.630939478251662e-06
2020-07-23,7.118000000000055e-05,3.411237611494755e-06,3.9266357774181415e-06,4.640153953516801e-06,4.864753601951932e-06,5.313914917426388e-06,5.551685702931408e-06
2020-07-24,2.094199999999949e-05,3.6094755657689603e-06,4.1248480890931916e-06,4.3230505399893815e-06,4.653366048046337e-06,5.313914917426388e-06,5.630939478251662e-06
2020-07-27,5.165000000000551e-06,3.8077036568218148e-06,4.005921885541497e-06,4.1248480890931916e-06,4.4948180220050205e-06,5.23465483537322e-06,5.74981718526324e-06
2020-07-28,1.13660000000005e-05,3.7284136038540083e-06,4.3230505399893815e-06,4.3230505399893815e-06,4.521243131216934e-06,4.917598737996798e-06,5.432802083982224e-06
2020-07-29,1.2300000000013689e-06,3.6094755657689603e-06,3.8077036568218148e-06,4.005921885541497e-06,4.151275652342079e-06,4.441967277779568e-06,5.11576175554751e-06
2020-07-30,0.00015539199999999986,3.3319396677278235e-06,3.7284136038540083e-06,3.8077036568218148e-06,3.9134212725944195e-06,4.1248480890931916e-06,4.640153953516801e-06
2020-07-31,0.00010808700000000063,3.8077036568218148e-06,3.7284136038540083e-06,3.7284136038540083e-06,3.860562815427571e-06,4.1248480890931916e-06,4.640153953516801e-06
2020-08-03,3.258600000000025e-05,3.411237611494755e-06,3.6094755657689603e-06,3.530181567734658e-06,3.768058827624543e-06,4.243770743039832e-06,4.719425863441984e-06
2020-08-04,8.009999999999268e-07,3.530181567734658e-06,3.7284136038540083e-06,3.9266357774181415e-06,4.032350237492821e-06,4.243770743039832e-06,4.719425863441984e-06
2020-08-05,0.0,3.2129897926669315e-06,3.8077036568218148e-06,4.005921885541497e-06,4.243770743039832e-06,4.719425863441984e-06,4.917598737996798e-06
2020-08-06,0.00011121799999999973,3.0147321088414003e-06,3.1336879029453257e-06,3.9266357774181415e-06,4.1248480890931916e-06,4.521243131216934e-06,5.0364977313144266e-06
2020-08-07,0.00020548880000000004,3.2129897926669315e-06,3.8077036568218148e-06,3.9266357774181415e-06,4.16448936824132e-06,4.640153953516801e-06,5.11576175554751e-06
2020-08-10,1.2874999999999866e-05,3.2129897926669315e-06,4.005921885541497e-06,3.9266357774181415e-06,4.2305572900414035e-06,4.8383307711397094e-06,5.23465483537322e-06
2020-08-11,5.623999999999213e-06,3.1336879029453257e-06,3.7284136038540083e-06,4.441967277779568e-06,4.6005174070273824e-06,4.917598737996798e-06,5.630939478251662e-06
2020-08-12,0.0001428699999999998,3.3319396677278235e-06,3.9266357774181415e-06,4.204130252816185e-06,4.4155416429880745e-06,4.8383307711397094e-06,5.551685702931408e-06
2020-08-13,0.00027253400000000006,3.2129897926669315e-06,3.7284136038540083e-06,3.9266357774181415e-06,4.2305572900414035e-06,4.8383307711397094e-06,5.630939478251662e-06
2020-08-14,7.131725e-05,3.6094755657689603e-06,4.005921885541497e-06,3.9266357774181415e-06,4.2305572900414035e-06,4.8383307711397094e-06,5.313914917426388e-06
2020-08-17,2.2237000000000038e-05,3.6094755657689603e-06,4.005921885541497e-06,3.7284136038540083e-06,4.032350237492821e-06,4.640153953516801e-06,5.0364977313144266e-06
2020-08-18,0.00015456499999999974,3.2129897926669315e-06,3.9266357774181415e-06,4.204130252816185e-06,4.4155416429880745e-06,4.8383307711397094e-06,5.0364977313144266e-06
2020-08-19,0.00015820199999999965,2.419899854944063e-06,3.411237611494755e-06,4.005921885541497e-06,4.283410838690216e-06,4.8383307711397094e-06,4.917598737996798e-06
2020-08-20,3.133900000000002e-05,2.8164645584638492e-06,3.2129897926669315e-06,3.8077036568218148e-06,4.111634241743545e-06,4.719425863441984e-06,4.917598737996798e-06
2020-08-21,5.979599999999998e-05,3.2129897926669315e-06,3.6094755657689603e-06,3.8077036568218148e-06,4.111634241743545e-06,4.719425863441984e-06,5.0364977313144266e-06
2020-08-24,0.00011199500000000015,3.0147321088414003e-06,3.6094755657689603e-06,3.7284136038540083e-06,4.032350237492821e-06,4.640153953516801e-06,5.11576175554751e-06
2020-08-25,1.0221999999999835e-05,3.1336879029453257e-06,3.7284136038540083e-06,4.005921885541497e-06,4.217343793300188e-06,4.640153953516801e-06,5.11576175554751e-06
2020-08-26,7.019999999999943e-06,2.935426272721031e-06,3.530181567734658e-06,3.9266357774181415e-06,4.098420350651111e-06,4.441967277779568e-06,4.917598737996798e-06
2020-08-27,7.000499999999994e-05,3.2129897926669315e-06,3.6094755657689603e-06,4.005921885541497e-06,4.177703040175729e-06,4.521243131216934e-06,5.11576175554751e-06
2020-08-28,9.993400000000031e-05,3.411237611494755e-06,3.8077036568218148e-06,4.1248480890931916e-06,4.2305572900414035e-06,4.441967277779568e-06,4.719425863441984e-06
2020-08-31,0.0001187419999999998,3.411237611494755e-06,3.8077036568218148e-06,4.204130252816185e-06,4.283410838690216e-06,4.441967277779568e-06,4.8383307711397094e-06
2020-09-01,1.913199999999983e-05,3.6094755657689603e-06,3.9266357774181415e-06,4.204130252816185e-06,4.349476788512163e-06,4.640153953516801e-06,4.8383307711397094e-06
2020-09-02,0.00010012999999999862,3.8077036568218148e-06,4.1248480890931916e-06,4.204130252816185e-06,4.375902861841752e-06,4.719425863441984e-06,4.917598737996798e-06
2020-09-03,0.00018436000000000147,3.6094755657689603e-06,3.9266357774181415e-06,4.204130252816185e-06,4.375902861841752e-06,4.719425863441984e-06,4.719425863441984e-06
2020-09-04,0.0,4.005921885541497e-06,4.005921885541497e-06,4.441967277779568e-06,4.6005174070273824e-06,4.917598737996798e-06,5.11576175554751e-06
2020-09-08,4.1260000000001296e-05,3.6094755657689603e-06,4.204130252816185e-06,4.719425863441984e-06,4.825119289897373e-06,5.0364977313144266e-06,5.432802083982224e-06
2020-09-09,5.4470000000000907e-05,3.530181567734658e-06,4.005921885541497e-06,4.441967277779568e-06,4.640153953516801e-06,5.0364977313144266e-06,5.432802083982224e-06
2020-09-10,4.826000000000136e-05,3.530181567734658e-06,4.005921885541497e-06,4.521243131216934e-06,4.6269418152444786e-06,4.8383307711397094e-06,5.551685702931408e-06
2020-09-11,4.536060000000003e-05,3.8077036568218148e-06,4.3230505399893815e-06,4.441967277779568e-06,4.574092823839138e-06,4.8383307711397094e-06,5.432802083982224e-06
2020-09-14,0.0003138700000000008,3.8077036568218148e-06,4.441967277779568e-06,4.3230505399893815e-06,4.4948180220050205e-06,4.8383307711397094e-06,5.23465483537322e-06
2020-09-15,1.5066000000000211e-05,3.6094755657689603e-06,3.9266357774181415e-06,4.441967277779568e-06,4.508030598593393e-06,4.640153953516801e-06,5.11576175554751e-06
2020-09-16,3.57650000000001e-05,3.2129897926669315e-06,3.7284136038540083e-06,4.441967277779568e-06,4.508030598593393e-06,4.640153953516801e-06,4.917598737996798e-06
2020-09-17,1.4916999999999708e-05,3.0147321088414003e-06,3.411237611494755e-06,3.7284136038540083e-06,3.966279028766451e-06,4.441967277779568e-06,4.719425863441984e-06
2020-09-18,1.5080000000000648e-05,3.411237611494755e-06,3.9266357774181415e-06,3.6094755657689603e-06,3.9134212725944195e-06,4.521243131216934e-06,4.8383307711397094e-06
2020-09-21,4.85899999999994e-05,3.2129897926669315e-06,3.8077036568218148e-06,3.411237611494755e-06,3.6887679857322553e-06,4.243770743039832e-06,4.719425863441984e-06
2020-09-22,5.869999999999834e-06,3.1336879029453257e-06,3.6094755657689603e-06,3.9266357774181415e-06,4.058778414250952e-06,4.3230505399893815e-06,4.8383307711397094e-06
2020-09-23,6.801000000000029e-05,3.0147321088414003e-06,3.6094755657689603e-06,3.9266357774181415e-06,4.032350237492821e-06,4.243770743039832e-06,4.719425863441984e-06
2020-09-24,4.937099999999988e-05,3.1336879029453257e-06,3.6094755657689603e-06,3.9266357774181415e-06,4.058778414250952e-06,4.3230505399893815e-06,4.8383307711397094e-06
2020-09-25,3.256000000000092e-05,3.2129897926669315e-06,3.6094755657689603e-06,4.005921885541497e-06,4.151275652342079e-06,4.441967277779568e-06,4.719425863441984e-06
2020-09-28,0.0,3.2129897926669315e-06,3.6094755657689603e-06,3.7284136038540083e-06,3.90020672402791e-06,4.243770743039832e-06,4.719425863441984e-06
2020-09-29,0.00012662000000000003,2.6974992919370777e-06,3.1336879029453257e-06,3.8077036568218148e-06,3.953064655393135e-06,4.243770743039832e-06,4.640153953516801e-06
2020-09-30,3.686199999999862e-05,2.935426272721031e-06,3.2129897926669315e-06,3.8077036568218148e-06,3.953064655393135e-06,4.243770743039832e-06,4.719425863441984e-06
2020-10-01,0.00010265699999999992,3.2129897926669315e-06,3.2129897926669315e-06,3.6094755657689603e-06,3.820918512253968e-06,4.243770743039832e-06,4.640153953516801e-06
2020-10-02,3.3229999999995208e-06,3.530181567734658e-06,3.8077036568218148e-06,3.6094755657689603e-06,3.7416287224090183e-06,4.005921885541497e-06,4.640153953516801e-06
2020-10-05,0.00010427999999999826,4.204130252816185e-06,4.521243131216934e-06,3.8077036568218148e-06,3.953064655393135e-06,4.243770743039832e-06,4.917598737996798e-06
2020-10-06,3.765000000000018e-05,3.411237611494755e-06,3.8077036568218148e-06,3.9266357774181415e-06,4.1248480890931916e-06,4.521243131216934e-06,4.917598737996798e-06
2020-10-07,2.8509999999998953e-05,3.411237611494755e-06,3.411237611494755e-06,3.9266357774181415e-06,4.098420350651111e-06,4.441967277779568e-06,5.23465483537322e-06
2020-10-08,0.0002986300000000011,3.6094755657689603e-06,3.6094755657689603e-06,3.8077036568218148e-06,4.019136083499575e-06,4.441967277779568e-06,5.23465483537322e-06
2020-10-09,1.8755000000000507e-05,3.7284136038540083e-06,3.6094755657689603e-06,4.005921885541497e-06,4.217343793300188e-06,4.640153953516801e-06,5.313914917426388e-06
2020-10-13,0.0,3.9266357774181415e-06,3.8077036568218148e-06,3.9266357774181415e-06,4.16448936824132e-06,4.640153953516801e-06,5.11576175554751e-06
2020-10-14,9.456000000000048e-05,3.7284136038540083e-06,3.6094755657689603e-06,4.204130252816185e-06,4.349476788512163e-06,4.640153953516801e-06,5.0364977313144266e-06
2020-10-15,2.595799999999997e-05,3.1336879029453257e-06,3.7284136038540083e-06,4.1248480890931916e-06,4.2966241162734065e-06,4.640153953516801e-06,5.0364977313144266e-06
2020-10-16,1.947896000000002e-05,3.6094755657689603e-06,3.8077036568218148e-06,3.8077036568218148e-06,4.08520641581589e-06,4.640153953516801e-06,5.0364977313144266e-06
2020-10-19,0.0,3.6094755657689603e-06,3.8077036568218148e-06,3.8077036568218148e-06,4.04556434774328e-06,4.521243131216934e-06,5.23465483537322e-06
2020-10-20,1.8513999999999857e-05,3.3319396677278235e-06,3.7284136038540083e-06,4.005921885541497e-06,4.217343793300188e-06,4.640153953516801e-06,5.0364977313144266e-06
2020-10-21,2.2299999999999837e-05,3.1336879029453257e-06,3.6094755657689603e-06,3.8077036568218148e-06,4.08520641581589e-06,4.640153953516801e-06,5.11576175554751e-06
2020-10-22,8.004999999999991e-05,3.1336879029453257e-06,3.530181567734658e-06,3.6094755657689603e-06,3.886992131718614e-06,4.441967277779568e-06,5.0364977313144266e-06
2020-10-23,1.8685999999999963e-05,3.2129897926669315e-06,3.7284136038540083e-06,3.7284136038540083e-06,3.992707643618587e-06,4.521243131216934e-06,5.0364977313144266e-06
2020-10-26,7.240000000002106e-06,3.0147321088414003e-06,3.6094755657689603e-06,3.530181567734658e-06,3.834133323721289e-06,4.441967277779568e-06,4.917598737996798e-06
2020-10-27,1.5002999999999978e-05,2.935426272721031e-06,3.530181567734658e-06,3.8077036568218148e-06,3.953064655393135e-06,4.243770743039832e-06,4.8383307711397094e-06
2020-10-28,1.1700000000017252e-06,2.8164645584638492e-06,3.411237611494755e-06,3.8077036568218148e-06,3.979493358174935e-06,4.3230505399893815e-06,4.8383307711397094e-06
2020-10-29,8.200999999999868e-05,3.2129897926669315e-06,3.530181567734658e-06,3.7284136038540083e-06,3.90020672402791e-06,4.243770743039832e-06,5.0364977313144266e-06
2020-10-30,0.00010762999999999918,3.3319396677278235e-06,3.6094755657689603e-06,3.7284136038540083e-06,3.860562815427571e-06,4.1248480890931916e-06,5.0364977313144266e-06
2020-11-02,1.4750000000000874e-05,3.411237611494755e-06,3.6094755657689603e-06,3.6094755657689603e-06,3.7416287224090183e-06,4.005921885541497e-06,4.8383307711397094e-06
2020-11-03,9.14000000000123e-06,3.411237611494755e-06,3.6094755657689603e-06,3.8077036568218148e-06,4.019136083499575e-06,4.441967277779568e-06,4.719425863441984e-06
2020-11-04,1.6099999999991121e-06,3.2129897926669315e-06,3.6094755657689603e-06,3.7284136038540083e-06,3.820918512253968e-06,4.005921885541497e-06,4.917598737996798e-06
2020-11-05,0.00011181999999999859,3.2129897926669315e-06,3.6094755657689603e-06,3.6094755657689603e-06,3.675552691984052e-06,3.8077036568218148e-06,4.8383307711397094e-06
2020-11-06,0.00013061929,3.411237611494755e-06,3.6094755657689603e-06,3.7284136038540083e-06,3.820918512253968e-06,4.005921885541497e-06,4.917598737996798e-06
2020-11-09,8.774999999999929e-05,3.6094755657689603e-06,3.6094755657689603e-06,3.8077036568218148e-06,3.8473480914458236e-06,3.9266357774181415e-06,5.0364977313144266e-06
2020-11-10,0.00015952799999999993,3.411237611494755e-06,3.7284136038540083e-06,3.8077036568218148e-06,3.9134212725944195e-06,4.1248480890931916e-06,4.917598737996798e-06
2020-11-12,0.0002024839999999993,3.530181567734658e-06,3.6094755657689603e-06,3.6094755657689603e-06,3.7416287224090183e-06,4.005921885541497e-06,4.719425863441984e-06
2020-11-13,8.994000000000016e-05,3.6094755657689603e-06,3.6094755657689603e-06,3.6094755657689603e-06,3.675552691984052e-06,3.8077036568218148e-06,4.8383307711397094e-06
2020-11-16,1.4110000000001205e-05,3.411237611494755e-06,3.411237611494755e-06,3.3319396677278235e-06,3.4905339767465904e-06,3.8077036568218148e-06,4.640153953516801e-06
2020-11-17,0.00013737700000000016,3.1336879029453257e-06,3.3319396677278235e-06,3.411237611494755e-06,3.5433973437637434e-06,3.8077036568218148e-06,4.441967277779568e-06
2020-11-18,0.00017701999999999996,2.4992159535219827e-06,3.1336879029453257e-06,3.411237611494755e-06,3.477318025524312e-06,3.6094755657689603e-06,4.3230505399893815e-06
2020-11-19,6.409400000000065e-05,2.2216027000254712e-06,2.8164645584638492e-06,2.6181871408681445e-06,2.9882970054018188e-06,3.7284136038540083e-06,4.1248480890931916e-06
2020-11-20,9.106000000000045e-06,3.0147321088414003e-06,3.0147321088414003e-06,2.6974992919370777e-06,3.0411670366436994e-06,3.7284136038540083e-06,4.005921885541497e-06
2020-11-23,0.00010906000000000023,3.0147321088414003e-06,3.0147321088414003e-06,3.0147321088414003e-06,3.1469049943666505e-06,3.411237611494755e-06,4.1248480890931916e-06
2020-11-24,1.3980000000000242e-05,2.8164645584638492e-06,3.0147321088414003e-06,3.411237611494755e-06,3.477318025524312e-06,3.6094755657689603e-06,4.243770743039832e-06
2020-11-25,4.1585000000000016e-05,2.6181871408681445e-06,3.0147321088414003e-06,3.411237611494755e-06,3.477318025524312e-06,3.6094755657689603e-06,4.243770743039832e-06
2020-11-27,9.864699999999988e-05,3.411237611494755e-06,3.2129897926669315e-06,3.2129897926669315e-06,3.345156101230984e-06,3.6094755657689603e-06,4.243770743039832e-06
2020-11-30,0.00015985999999999952,3.2129897926669315e-06,3.2129897926669315e-06,3.2129897926669315e-06,3.345156101230984e-06,3.6094755657689603e-06,4.243770743039832e-06
2020-12-01,0.00017961000000000019,2.8164645584638492e-06,2.8164645584638492e-06,3.411237611494755e-06,3.5830444085060975e-06,3.9266357774181415e-06,4.243770743039832e-06
2020-12-02,9.193500000000002e-05,2.935426272721031e-06,3.0147321088414003e-06,3.2129897926669315e-06,3.345156101230984e-06,3.6094755657689603e-06,4.441967277779568e-06
2020-12-03,0.00018652830000000003,3.1336879029453257e-06,3.0147321088414003e-06,3.2129897926669315e-06,3.345156101230984e-06,3.6094755657689603e-06,4.243770743039832e-06
2020-12-04,5.700600000000007e-05,3.0147321088414003e-06,3.2129897926669315e-06,3.2129897926669315e-06,3.3848051388396527e-06,3.7284136038540083e-06,4.1248480890931916e-06
2020-12-07,1.34699999999985e-06,3.411237611494755e-06,3.411237611494755e-06,3.0147321088414003e-06,3.2129897926669315e-06,3.6094755657689603e-06,4.1248480890931916e-06
2020-12-08,2.5176999999999925e-05,2.8164645584638492e-06,3.0147321088414003e-06,3.1336879029453257e-06,3.2922901040954855e-06,3.6094755657689603e-06,4.243770743039832e-06
2020-12-09,4.7751999999999864e-05,2.6974992919370777e-06,2.935426272721031e-06,3.0147321088414003e-06,3.1469049943666505e-06,3.411237611494755e-06,4.005921885541497e-06
2020-12-10,9.343999999999997e-05,2.6181871408681445e-06,2.8164645584638492e-06,3.1336879029453257e-06,3.199772920847721e-06,3.3319396677278235e-06,3.9266357774181415e-06
2020-12-11,2.309399999999998e-05,3.0147321088414003e-06,3.1336879029453257e-06,2.8164645584638492e-06,2.948644021616431e-06,3.2129897926669315e-06,3.411237611494755e-06
2020-12-14,0.0001808490000000003,2.8164645584638492e-06,3.0147321088414003e-06,2.8164645584638492e-06,2.9222084798607995e-06,3.1336879029453257e-06,3.530181567734658e-06
2020-12-15,1.3709999999998376e-05,2.935426272721031e-06,3.1336879029453257e-06,3.0147321088414003e-06,3.1469049943666505e-06,3.411237611494755e-06,3.6094755657689603e-06
2020-12-16,1.825999999999911e-06,3.1336879029453257e-06,3.3319396677278235e-06,3.2129897926669315e-06,3.345156101230984e-06,3.6094755657689603e-06,3.530181567734658e-06
2020-12-17,4.6654999999999613e-05,2.8164645584638492e-06,3.530181567734658e-06,3.411237611494755e-06,3.516965747962786e-06,3.7284136038540083e-06,3.7284136038540083e-06
2020-12-18,7.068999999999999e-05,3.2129897926669315e-06,3.411237611494755e-06,3.411237611494755e-06,3.516965747962786e-06,3.7284136038540083e-06,3.6094755657689603e-06
2020-12-21,2.9765999999999647e-05,3.0147321088414003e-06,3.411237611494755e-06,3.530181567734658e-06,3.6226910786751887e-06,3.8077036568218148e-06,3.6094755657689603e-06
2020-12-22,7.267899999999997e-05,2.6974992919370777e-06,3.0147321088414003e-06,3.530181567734658e-06,3.556613075827997e-06,3.6094755657689603e-06,3.530181567734658e-06
2020-12-23,1.457520000000003e-05,2.935426272721031e-06,3.1336879029453257e-06,3.411237611494755e-06,3.5433973437637434e-06,3.8077036568218148e-06,3.6094755657689603e-06
2020-12-24,0.00010315900000000024,3.2129897926669315e-06,3.3319396677278235e-06,3.530181567734658e-06,3.6623373544930615e-06,3.9266357774181415e-06,3.8077036568218148e-06
2020-12-28,0.0,3.6094755657689603e-06,3.6094755657689603e-06,3.7284136038540083e-06,3.860562815427571e-06,4.1248480890931916e-06,4.1248480890931916e-06
2020-12-29,0.0,3.411237611494755e-06,3.530181567734658e-06,3.8077036568218148e-06,3.873777495444486e-06,4.005921885541497e-06,4.243770743039832e-06
2020-12-30,0.00011098199999999992,2.419899854944063e-06,2.6181871408681445e-06,3.2129897926669315e-06,3.3187231902598313e-06,3.530181567734658e-06,4.441967277779568e-06
2020-12-31,7.786600000000022e-05,2.2216027000254712e-06,2.6974992919370777e-06,3.1336879029453257e-06,3.265856842293857e-06,3.530181567734658e-06,4.441967277779568e-06
2021-01-04,5.197000000000014e-05,3.2129897926669315e-06,3.2129897926669315e-06,3.1336879029453257e-06,3.199772920847721e-06,3.3319396677278235e-06,4.1248480890931916e-06
2021-01-05,0.00011618299999999974,3.2129897926669315e-06,3.2129897926669315e-06,3.3319396677278235e-06,3.358372490991357e-06,3.411237611494755e-06,4.005921885541497e-06
2021-01-06,2.1483000000000092e-05,3.3319396677278235e-06,3.411237611494755e-06,3.530181567734658e-06,3.556613075827997e-06,3.6094755657689603e-06,4.3230505399893815e-06
2021-01-07,0.00021140000000000048,3.3319396677278235e-06,3.2129897926669315e-06,3.411237611494755e-06,3.477318025524312e-06,3.6094755657689603e-06,4.243770743039832e-06
2021-01-08,0.00012448100000000007,3.411237611494755e-06,3.411237611494755e-06,3.411237611494755e-06,3.477318025524312e-06,3.6094755657689603e-06,4.005921885541497e-06
2021-01-11,0.0,3.8077036568218148e-06,3.8077036568218148e-06,3.411237611494755e-06,3.477318025524312e-06,3.6094755657689603e-06,4.1248480890931916e-06
2021-01-12,0.0,3.3319396677278235e-06,3.2129897926669315e-06,3.411237611494755e-06,3.477318025524312e-06,3.6094755657689603e-06,4.1248480890931916e-06
2021-01-13,1.8463000000000247e-05,3.2129897926669315e-06,3.2129897926669315e-06,3.411237611494755e-06,3.516965747962786e-06,3.7284136038540083e-06,4.005921885541497e-06
2021-01-14,0.00011132600000000013,3.0147321088414003e-06,3.2129897926669315e-06,3.2129897926669315e-06,3.345156101230984e-06,3.6094755657689603e-06,3.9266357774181415e-06
2021-01-15,1.4545000000000356e-05,3.0147321088414003e-06,3.2129897926669315e-06,3.2129897926669315e-06,3.345156101230984e-06,3.6094755657689603e-06,4.005921885541497e-06
2021-01-19,3.628000000000138e-05,2.8164645584638492e-06,3.3319396677278235e-06,3.530181567734658e-06,3.6226910786751887e-06,3.8077036568218148e-06,4.005921885541497e-06
2021-01-20,1.1899999999998717e-06,2.8164645584638492e-06,3.2129897926669315e-06,3.2129897926669315e-06,3.345156101230984e-06,3.6094755657689603e-06,3.9266357774181415e-06
2021-01-21,7.843489999999998e-05,2.4992159535219827e-06,2.935426272721031e-06,3.2129897926669315e-06,3.345156101230984e-06,3.6094755657689603e-06,3.8077036568218148e-06
2021-01-22,1.1086999999999902e-05,2.8164645584638492e-06,3.2129897926669315e-06,3.1336879029453257e-06,3.265856842293857e-06,3.530181567734658e-06,3.7284136038540083e-06
2021-01-25,0.0,2.8164645584638492e-06,3.2129897926669315e-06,3.0147321088414003e-06,3.1469049943666505e-06,3.411237611494755e-06,3.6094755657689603e-06
2021-01-26,4.1100000000000945e-06,2.0232956745580566e-06,2.4992159535219827e-06,3.1336879029453257e-06,3.199772920847721e-06,3.3319396677278235e-06,3.6094755657689603e-06
2021-01-27,1.000000000001e-06,1.3886468541723929e-06,2.419899854944063e-06,2.8164645584638492e-06,2.9222084798607995e-06,3.1336879029453257e-06,3.6094755657689603e-06
2021-01-28,0.00010260699999999935,1.3886468541723929e-06,2.2216027000254712e-06,2.4992159535219827e-06,2.7107178304230928e-06,3.1336879029453257e-06,3.411237611494755e-06
2021-01-29,0.00012809000000000084,2.2216027000254712e-06,2.419899854944063e-06,2.3009227463344217e-06,2.512435149926162e-06,2.935426272721031e-06,3.3319396677278235e-06
2021-02-01,2.8500000000021564e-06,2.2216027000254712e-06,2.419899854944063e-06,2.2216027000254712e-06,2.419899854944063e-06,2.8164645584638492e-06,3.1336879029453257e-06
2021-02-02,9.810000000000721e-06,1.5076512089873262e-06,1.82497877809773e-06,2.2216027000254712e-06,2.419899854944063e-06,2.8164645584638492e-06,3.2129897926669315e-06
2021-02-03,0.0,1.3886468541723929e-06,1.6266520093122239e-06,1.82497877809773e-06,2.0232956745580566e-06,2.419899854944063e-06,3.0147321088414003e-06
2021-02-04,9.831999999999896e-05,7.935717540874521e-07,1.1109562016997643e-06,1.5076512089873262e-06,1.7059839017008471e-06,2.102619669264172e-06,2.8164645584638492e-06
2021-02-05,0.0001059110000000002,1.1902983632072761e-06,1.1902983632072761e-06,1.3093086428384026e-06,1.481206103992605e-06,1.82497877809773e-06,2.4992159535219827e-06
2021-02-08,2.1301999999999953e-05,1.1902983632072761e-06,1.1902983632072761e-06,1.1902983632072761e-06,1.4283153675354043e-06,1.9043067214230547e-06,2.6181871408681445e-06
2021-02-09,0.00016407599999999998,1.6266520093122239e-06,1.6266520093122239e-06,1.6266520093122239e-06,1.7853142142421063e-06,2.102619669264172e-06,2.935426272721031e-06
2021-02-10,2.3767800000000006e-05,1.3886468541723929e-06,1.6266520093122239e-06,1.6266520093122239e-06,1.82497877809773e-06,2.2216027000254712e-06,2.8164645584638492e-06
2021-02-11,0.000201248,1.1902983632072761e-06,1.5076512089873262e-06,1.6266520093122239e-06,1.82497877809773e-06,2.2216027000254712e-06,2.8164645584638492e-06
2021-02-12,4.7151000000000484e-05,1.1902983632072761e-06,1.3886468541723929e-06,1.6266520093122239e-06,1.82497877809773e-06,2.2216027000254712e-06,2.6181871408681445e-06
2021-02-16,0.0001194684000000001,1.3093086428384026e-06,1.6266520093122239e-06,1.6266520093122239e-06,1.82497877809773e-06,2.2216027000254712e-06,2.6974992919370777e-06
2021-02-17,0.00015579067,1.3886468541723929e-06,1.7059839017008471e-06,1.6266520093122239e-06,1.82497877809773e-06,2.2216027000254712e-06,2.6974992919370777e-06
2021-02-18,3.688299999999971e-05,9.125938849052773e-07,9.125938849052773e-07,1.5076512089873262e-06,1.5473185375203258e-06,1.6266520093122239e-06,2.2216027000254712e-06
2021-02-19,5.619700000000002e-05,9.125938849052773e-07,9.919399968083553e-07,1.3093086428384026e-06,1.4150925735645359e-06,1.6266520093122239e-06,2.2216027000254712e-06
2021-02-22,7.901699999999894e-05,9.919399968083553e-07,9.919399968083553e-07,1.1902983632072761e-06,1.4018697358508803e-06,1.82497877809773e-06,2.2216027000254712e-06
2021-02-23,1.979e-05,9.919399968083553e-07,9.919399968083553e-07,1.3093086428384026e-06,1.573763203532863e-06,2.102619669264172e-06,2.935426272721031e-06
2021-02-24,1.2210000000000346e-05,1.3093086428384026e-06,1.3093086428384026e-06,1.3093086428384026e-06,1.5473185375203258e-06,2.0232956745580566e-06,3.0147321088414003e-06
2021-02-25,0.00013407999999999823,1.3093086428384026e-06,1.5076512089873262e-06,1.7059839017008471e-06,1.943970100670711e-06,2.419899854944063e-06,3.530181567734658e-06
2021-02-26,0.00011573999999999959,1.1902983632072761e-06,1.3886468541723929e-06,1.6266520093122239e-06,1.758870952217606e-06,2.0232956745580566e-06,3.1336879029453257e-06
2021-03-01,2.592000000000219e-05,1.3886468541723929e-06,1.3886468541723929e-06,1.3886468541723929e-06,1.6663181530152116e-06,2.2216027000254712e-06,3.0147321088414003e-06
2021-03-02,4.747999999998864e-06,1.7059839017008471e-06,1.6266520093122239e-06,1.6266520093122239e-06,1.8910855070775057e-06,2.419899854944063e-06,3.0147321088414003e-06
2021-03-03,5.0879999999999675e-05,1.6266520093122239e-06,1.6266520093122239e-06,1.6266520093122239e-06,1.8910855070775057e-06,2.419899854944063e-06,3.1336879029453257e-06
2021-03-04,0.0001721200000000013,1.3093086428384026e-06,1.3886468541723929e-06,1.5076512089873262e-06,1.8117573006293242e-06,2.419899854944063e-06,3.1336879029453257e-06
2021-03-05,4.56800000000028e-05,1.1902983632072761e-06,1.6266520093122239e-06,1.5076512089873262e-06,1.838200211601304e-06,2.4992159535219827e-06,3.2129897926669315e-06
2021-03-08,1.0929999999999274e-05,1.3886468541723929e-06,1.6266520093122239e-06,1.6266520093122239e-06,1.8910855070775057e-06,2.419899854944063e-06,3.3319396677278235e-06
2021-03-09,8.926000000000073e-05,1.1902983632072761e-06,1.3886468541723929e-06,1.6266520093122239e-06,1.8910855070775057e-06,2.419899854944063e-06,3.530181567734658e-06
2021-03-10,5.2607999999999995e-05,1.1109562016997643e-06,1.1109562016997643e-06,1.6266520093122239e-06,1.82497877809773e-06,2.2216027000254712e-06,3.411237611494755e-06
2021-03-11,7.362999999999988e-05,9.919399968083553e-07,1.3093086428384026e-06,1.5076512089873262e-06,1.7059839017008471e-06,2.102619669264172e-06,3.2129897926669315e-06
2021-03-12,0.00024359300000000006,9.919399968083553e-07,1.1902983632072761e-06,1.1902983632072761e-06,1.4018697358508803e-06,1.82497877809773e-06,3.0147321088414003e-06
2021-03-15,4.58469999999999e-05,9.919399968083553e-07,9.919399968083553e-07,9.919399968083553e-07,1.296085453850182e-06,1.9043067214230547e-06,3.0147321088414003e-06
2021-03-16,2.748099999999999e-05,5.951936339343433e-07,7.142216913447186e-07,7.142216913447186e-07,1.1506274799621963e-06,2.0232956745580566e-06,2.935426272721031e-06
2021-03-17,9.56799999999973e-06,5.158396201299098e-07,7.142216913447186e-07,7.142216913447186e-07,1.1109562016997643e-06,1.9043067214230547e-06,2.6974992919370777e-06
2021-03-18,6.81099999999997e-05,3.174476701506279e-07,3.968056356828953e-07,5.951936339343433e-07,8.33246192710746e-07,1.3093086428384026e-06,2.8164645584638492e-06
2021-03-19,0.0001022571,3.968056356828953e-07,5.951936339343433e-07,3.968056356828953e-07,5.951936339343433e-07,9.919399968083553e-07,2.419899854944063e-06
2021-03-22,2.5089999999994977e-06,9.919399968083553e-07,3.968056356828953e-07,3.968056356828953e-07,7.274468114548682e-07,1.3886468541723929e-06,2.6181871408681445e-06
2021-03-23,4.4490000000001195e-06,5.158396201299098e-07,7.935717540874521e-07,5.951936339343433e-07,9.390427644362376e-07,1.6266520093122239e-06,2.4992159535219827e-06
2021-03-24,5.5804000000000444e-05,5.158396201299098e-07,9.125938849052773e-07,7.935717540874521e-07,1.0712845284199801e-06,1.6266520093122239e-06,2.8164645584638492e-06
2021-03-25,3.326099999999971e-05,3.968056356828953e-07,9.125938849052773e-07,7.935717540874521e-07,9.919399968083553e-07,1.3886468541723929e-06,2.6181871408681445e-06
2021-03-26,7.929999999999743e-06,5.951936339343433e-07,7.935717540874521e-07,7.935717540874521e-07,9.919399968083553e-07,1.3886468541723929e-06,2.6181871408681445e-06
2021-03-29,0.0,1.1902983632072761e-06,7.935717540874521e-07,5.951936339343433e-07,8.33246192710746e-07,1.3093086428384026e-06,2.419899854944063e-06
2021-03-30,0.00010572400000000018,3.174476701506279e-07,5.158396201299098e-07,9.125938849052773e-07,1.1506274799621963e-06,1.6266520093122239e-06,2.419899854944063e-06
2021-03-31,7.933300000000001e-05,5.158396201299098e-07,5.158396201299098e-07,9.125938849052773e-07,1.0712845284199801e-06,1.3886468541723929e-06,2.4992159535219827e-06
2021-04-01,2.3300000000000404e-06,7.142216913447186e-07,5.951936339343433e-07,7.142216913447186e-07,9.390427644362376e-07,1.3886468541723929e-06,2.4992159535219827e-06
2021-04-05,0.00012783999999999886,7.935717540874521e-07,7.935717540874521e-07,7.935717540874521e-07,9.258183466531733e-07,1.1902983632072761e-06,2.419899854944063e-06
2021-04-06,4.22628e-05,5.158396201299098e-07,5.951936339343433e-07,7.935717540874521e-07,9.919399968083553e-07,1.3886468541723929e-06,2.2216027000254712e-06
2021-04-07,2.872599999999997e-05,5.158396201299098e-07,7.142216913447186e-07,5.951936339343433e-07,7.935717540874521e-07,1.1902983632072761e-06,2.3009227463344217e-06
2021-04-08,0.00022586299999999976,5.158396201299098e-07,5.158396201299098e-07,5.951936339343433e-07,8.33246192710746e-07,1.3093086428384026e-06,2.2216027000254712e-06
2021-04-09,1.2675000000000186e-05,5.158396201299098e-07,5.951936339343433e-07,5.158396201299098e-07,8.464709178035434e-07,1.5076512089873262e-06,2.3009227463344217e-06
2021-04-12,1.5093929999999997e-05,3.968056356828953e-07,5.951936339343433e-07,7.142216913447186e-07,9.78715754440529e-07,1.5076512089873262e-06,2.6181871408681445e-06
2021-04-13,0.0,3.968056356828953e-07,7.142216913447186e-07,7.935717540874521e-07,1.0712845284199801e-06,1.6266520093122239e-06,2.419899854944063e-06
2021-04-14,0.0001165210000000005,5.158396201299098e-07,7.142216913447186e-07,7.935717540874521e-07,1.0712845284199801e-06,1.6266520093122239e-06,2.419899854944063e-06
2021-04-15,2.0190000000001526e-05,3.968056356828953e-07,5.951936339343433e-07,5.951936339343433e-07,9.390427644362376e-07,1.6266520093122239e-06,2.4992159535219827e-06
2021-04-16,0.0,3.968056356828953e-07,7.142216913447186e-07,7.142216913447186e-07,1.0448365268533877e-06,1.7059839017008471e-06,2.4992159535219827e-06
2021-04-19,0.0,3.968056356828953e-07,5.951936339343433e-07,7.935717540874521e-07,1.0712845284199801e-06,1.6266520093122239e-06,2.419899854944063e-06
2021-04-20,3.1286999999999635e-05,3.174476701506279e-07,7.935717540874521e-07,9.919399968083553e-07,1.2299688514350038e-06,1.7059839017008471e-06,2.3009227463344217e-06
2021-04-21,2.59000000000717e-07,1.9840775800084032e-07,3.968056356828953e-07,9.125938849052773e-07,1.1109562016997643e-06,1.5076512089873262e-06,2.4992159535219827e-06
2021-04-22,7.670399999999862e-05,1.9840775800084032e-07,3.968056356828953e-07,7.935717540874521e-07,1.0316124601228438e-06,1.5076512089873262e-06,2.4992159535219827e-06
2021-04-23,3.3270000000000174e-05,5.158396201299098e-07,5.951936339343433e-07,7.935717540874521e-07,9.919399968083553e-07,1.3886468541723929e-06,2.419899854944063e-06
2021-04-26,0.0,3.968056356828953e-07,5.951936339343433e-07,5.951936339343433e-07,8.596955989315092e-07,1.3886468541723929e-06,2.419899854944063e-06
2021-04-27,7.342299999999965e-06,3.174476701506279e-07,3.968056356828953e-07,5.951936339343433e-07,8.596955989315092e-07,1.3886468541723929e-06,2.3009227463344217e-06
2021-04-28,5.525400000000067e-06,3.968056356828953e-07,3.968056356828953e-07,7.142216913447186e-07,9.390427644362376e-07,1.3886468541723929e-06,2.102619669264172e-06
2021-04-29,5.7713000000000035e-05,1.9840775800084032e-07,3.174476701506279e-07,5.158396201299098e-07,7.406718878222307e-07,1.1902983632072761e-06,2.0232956745580566e-06
2021-04-30,7.696000000000005e-05,3.968056356828953e-07,3.968056356828953e-07,5.158396201299098e-07,6.745460674473236e-07,9.919399968083553e-07,2.102619669264172e-06
2021-05-03,3.4990000000001235e-06,3.968056356828953e-07,7.935717540874521e-07,5.951936339343433e-07,8.596955989315092e-07,1.3886468541723929e-06,2.2216027000254712e-06
2021-05-04,0.0,3.174476701506279e-07,5.951936339343433e-07,5.951936339343433e-07,9.390427644362376e-07,1.6266520093122239e-06,2.2216027000254712e-06
2021-05-05,5.190399999999997e-06,3.174476701506279e-07,5.158396201299098e-07,7.142216913447186e-07,1.0183883496495127e-06,1.6266520093122239e-06,2.2216027000254712e-06
2021-05-06,0.00017235499999999904,3.968056356828953e-07,5.158396201299098e-07,5.951936339343433e-07,9.390427644362376e-07,1.6266520093122239e-06,2.102619669264172e-06
2021-05-07,0.00016768600000000022,3.968056356828953e-07,5.158396201299098e-07,5.951936339343433e-07,8.596955989315092e-07,1.3886468541723929e-06,2.0232956745580566e-06
2021-05-10,2.317999999999938e-05,1.9840775800084032e-07,3.968056356828953e-07,3.968056356828953e-07,7.274468114548682e-07,1.3886468541723929e-06,1.9043067214230547e-06
2021-05-11,1.44429999999994e-05,1.9840775800084032e-07,3.968056356828953e-07,5.951936339343433e-07,8.596955989315092e-07,1.3886468541723929e-06,1.9043067214230547e-06
2021-05-12,0.00012952999999999923,1.9840775800084032e-07,1.9840775800084032e-07,5.951936339343433e-07,8.33246192710746e-07,1.3093086428384026e-06,1.9043067214230547e-06
2021-05-13,0.00016986999999999905,1.1904584051869449e-07,1.9840775800084032e-07,5.158396201299098e-07,7.406718878222307e-07,1.1902983632072761e-06,1.82497877809773e-06
2021-05-14,7.548999999999924e-05,1.9840775800084032e-07,3.968056356828953e-07,3.968056356828953e-07,6.613207714778468e-07,1.1902983632072761e-06,1.9043067214230547e-06
2021-05-17,2.237999999999893e-06,1.9840775800084032e-07,3.968056356828953e-07,3.968056356828953e-07,6.613207714778468e-07,1.1902983632072761e-06,1.9043067214230547e-06
2021-05-18,0.00011829199999999901,1.9840775800084032e-07,3.174476701506279e-07,5.951936339343433e-07,7.935717540874521e-07,1.1902983632072761e-06,1.9043067214230547e-06
2021-05-19,0.0001358100000000001,3.174476701506279e-07,1.9840775800084032e-07,5.951936339343433e-07,7.274468114548682e-07,9.919399968083553e-07,1.9043067214230547e-06
2021-05-20,8.817000000000026e-05,1.9840775800084032e-07,3.174476701506279e-07,3.174476701506279e-07,4.761620204796202e-07,7.935717540874521e-07,1.6266520093122239e-06
2021-05-21,3.926400000000001e-05,0.0,1.9840775800084032e-07,1.9840775800084032e-07,3.968056356828953e-07,7.935717540874521e-07,1.7059839017008471e-06
2021-05-24,9.616799999999891e-05,1.9840775800084032e-07,1.9840775800084032e-07,3.968056356828953e-07,6.613207714778468e-07,1.1902983632072761e-06,1.6266520093122239e-06
2021-05-25,1.2523999999999869e-05,1.9840775800084032e-07,5.158396201299098e-07,5.951936339343433e-07,8.596955989315092e-07,1.3886468541723929e-06,1.7059839017008471e-06
2021-05-26,1.272999999999986e-05,0.0,1.9840775800084032e-07,3.968056356828953e-07,6.613207714778468e-07,1.1902983632072761e-06,1.6266520093122239e-06
2021-05-27,9.226200000000007e-05,1.1904584051869449e-07,1.9840775800084032e-07,3.968056356828953e-07,6.613207714778468e-07,1.1902983632072761e-06,1.6266520093122239e-06
2021-05-28,0.0001233909,1.9840775800084032e-07,3.968056356828953e-07,5.158396201299098e-07,7.406718878222307e-07,1.1902983632072761e-06,1.7059839017008471e-06
2021-06-01,2.9986300000000015e-05,3.174476701506279e-07,5.158396201299098e-07,5.951936339343433e-07,8.596955989315092e-07,1.3886468541723929e-06,1.7059839017008471e-06
2021-06-02,0.00010043699999999988,3.174476701506279e-07,3.968056356828953e-07,7.935717540874521e-07,9.919399968083553e-07,1.3886468541723929e-06,1.82497877809773e-06
2021-06-03,0.0001607309999999999,1.9840775800084032e-07,3.968056356828953e-07,7.935717540874521e-07,1.0316124601228438e-06,1.5076512089873262e-06,1.82497877809773e-06
2021-06-04,1.3069000000000969e-05,1.9840775800084032e-07,5.951936339343433e-07,7.935717540874521e-07,1.0316124601228438e-06,1.5076512089873262e-06,1.82497877809773e-06
2021-06-07,2.3313999999999974e-05,1.9840775800084032e-07,5.951936339343433e-07,9.919399968083553e-07,1.163851151675388e-06,1.5076512089873262e-06,2.0232956745580566e-06
2021-06-08,2.064069999999996e-05,3.174476701506279e-07,7.142216913447186e-07,9.919399968083553e-07,1.163851151675388e-06,1.5076512089873262e-06,2.0232956745580566e-06
2021-06-09,3.8616e-05,1.9840775800084032e-07,7.142216913447186e-07,9.919399968083553e-07,1.2035219030259725e-06,1.6266520093122239e-06,2.0232956745580566e-06
2021-06-10,4.588700000000053e-05,1.9840775800084032e-07,7.142216913447186e-07,9.919399968083553e-07,1.2035219030259725e-06,1.6266520093122239e-06,1.9043067214230547e-06
2021-06-11,2.4028999999999847e-05,3.174476701506279e-07,7.935717540874521e-07,1.1109562016997643e-06,1.2431922595812495e-06,1.5076512089873262e-06,2.0232956745580566e-06
2021-06-14,0.00024505999999999985,3.968056356828953e-07,7.935717540874521e-07,9.919399968083553e-07,1.1241800050854067e-06,1.3886468541723929e-06,2.0232956745580566e-06
2021-06-15,3.4132000000000086e-05,5.951936339343433e-07,7.935717540874521e-07,9.919399968083553e-07,1.2035219030259725e-06,1.6266520093122239e-06,2.419899854944063e-06
2021-06-16,1.3311999999999699e-05,1.6266520093122239e-06,1.7059839017008471e-06,1.9043067214230547e-06,2.0365164501434663e-06,2.3009227463344217e-06,3.3319396677278235e-06
2021-06-17,2.6861800000000014e-05,1.5076512089873262e-06,1.7059839017008471e-06,1.5076512089873262e-06,1.679540112986544e-06,2.0232956745580566e-06,2.8164645584638492e-06
2021-06-18,4.748999999999899e-05,1.82497877809773e-06,1.7059839017008471e-06,1.6266520093122239e-06,1.7853142142421063e-06,2.102619669264172e-06,3.530181567734658e-06
2021-06-21,4.469000000000001e-05,1.6266520093122239e-06,1.6266520093122239e-06,1.6266520093122239e-06,1.7192057299997288e-06,1.9043067214230547e-06,3.530181567734658e-06
2021-06-22,0.0,1.7059839017008471e-06,1.7059839017008471e-06,1.7059839017008471e-06,1.8117573006293242e-06,2.0232956745580566e-06,3.2129897926669315e-06
2021-06-23,2.7781000000001894e-06,1.82497877809773e-06,1.7059839017008471e-06,1.82497877809773e-06,1.8910855070775057e-06,2.0232956745580566e-06,3.3319396677278235e-06
2021-06-24,0.00010427900000000052,1.9043067214230547e-06,1.9043067214230547e-06,2.102619669264172e-06,2.142281074313246e-06,2.2216027000254712e-06,3.2129897926669315e-06
2021-06-25,1.6662000000000187e-05,2.0232956745580566e-06,2.0232956745580566e-06,2.102619669264172e-06,2.142281074313246e-06,2.2216027000254712e-06,3.2129897926669315e-06
2021-06-28,0.0,1.82497877809773e-06,1.9043067214230547e-06,2.0232956745580566e-06,2.089399113058832e-06,2.2216027000254712e-06,3.0147321088414003e-06
2021-06-29,8.949420000000001e-05,1.6266520093122239e-06,1.5076512089873262e-06,2.0232956745580566e-06,2.089399113058832e-06,2.2216027000254712e-06,2.935426272721031e-06
2021-06-30,2.926499999999989e-05,1.9043067214230547e-06,1.7059839017008471e-06,1.82497877809773e-06,1.9571911393789776e-06,2.2216027000254712e-06,2.8164645584638492e-06
2021-07-01,6.762e-05,1.9043067214230547e-06,1.9043067214230547e-06,1.9043067214230547e-06,1.943970100670711e-06,2.0232956745580566e-06,2.8164645584638492e-06
2021-07-02,0.00012306299999999964,2.0232956745580566e-06,2.0232956745580566e-06,2.0232956745580566e-06,2.049737181764044e-06,2.102619669264172e-06,2.8164645584638492e-06
2021-07-06,4.327500000000017e-05,2.0232956745580566e-06,2.102619669264172e-06,1.9043067214230547e-06,1.943970100670711e-06,2.0232956745580566e-06,2.6181871408681445e-06
2021-07-07,1.5430000000001172e-06,2.102619669264172e-06,2.102619669264172e-06,2.102619669264172e-06,2.142281074313246e-06,2.2216027000254712e-06,2.6974992919370777e-06
2021-07-08,0.00018989099999999932,2.102619669264172e-06,1.82497877809773e-06,2.102619669264172e-06,2.0761785131107047e-06,2.0232956745580566e-06,2.4992159535219827e-06
2021-07-09,1.4840000000000339e-05,2.0232956745580566e-06,1.9043067214230547e-06,2.102619669264172e-06,2.142281074313246e-06,2.2216027000254712e-06,2.6974992919370777e-06
2021-07-12,0.0,1.9043067214230547e-06,2.0232956745580566e-06,2.102619669264172e-06,2.0761785131107047e-06,2.0232956745580566e-06,2.6974992919370777e-06
2021-07-13,2.8950000000001544e-06,1.9043067214230547e-06,2.102619669264172e-06,2.0232956745580566e-06,2.0232956745580566e-06,2.0232956745580566e-06,2.935426272721031e-06
2021-07-14,0.00012479100000000018,1.82497877809773e-06,1.9043067214230547e-06,2.0232956745580566e-06,2.0232956745580566e-06,2.0232956745580566e-06,2.935426272721031e-06
2021-07-15,3.528699999999973e-05,1.7059839017008471e-06,1.82497877809773e-06,1.9043067214230547e-06,1.943970100670711e-06,2.0232956745580566e-06,2.935426272721031e-06
2021-07-16,0.0,1.82497877809773e-06,2.0232956745580566e-06,1.82497877809773e-06,1.8910855070775057e-06,2.0232956745580566e-06,3.0147321088414003e-06
2021-07-19,1.59200000000026e-05,1.82497877809773e-06,1.6266520093122239e-06,1.82497877809773e-06,1.851421601362091e-06,1.9043067214230547e-06,2.935426272721031e-06
2021-07-20,2.865000000000159e-05,1.6266520093122239e-06,1.6266520093122239e-06,2.0232956745580566e-06,2.0232956745580566e-06,2.0232956745580566e-06,2.935426272721031e-06
2021-07-21,2.4700000000009437e-07,1.6266520093122239e-06,1.82497877809773e-06,2.0232956745580566e-06,2.0232956745580566e-06,2.0232956745580566e-06,2.8164645584638492e-06
2021-07-22,7.313299999999997e-05,1.6266520093122239e-06,1.82497877809773e-06,1.9043067214230547e-06,1.943970100670711e-06,2.0232956745580566e-06,2.8164645584638492e-06
2021-07-23,4.1351000000000235e-05,1.82497877809773e-06,1.82497877809773e-06,2.0232956745580566e-06,2.0232956745580566e-06,2.0232956745580566e-06,2.8164645584638492e-06
2021-07-26,1.179799999999993e-05,1.82497877809773e-06,1.82497877809773e-06,1.82497877809773e-06,1.8910855070775057e-06,2.0232956745580566e-06,2.8164645584638492e-06
2021-07-27,3.6860000000001406e-06,1.7059839017008471e-06,1.82497877809773e-06,2.0232956745580566e-06,2.0232956745580566e-06,2.0232956745580566e-06,2.6974992919370777e-06
2021-07-28,7.980499999999996e-06,1.6266520093122239e-06,1.9043067214230547e-06,2.0232956745580566e-06,2.0232956745580566e-06,2.0232956745580566e-06,2.6181871408681445e-06
2021-07-29,0.00011901500000000009,1.6266520093122239e-06,1.82497877809773e-06,1.82497877809773e-06,1.9175278915817273e-06,2.102619669264172e-06,2.6181871408681445e-06
2021-07-30,7.721300000000045e-05,1.82497877809773e-06,1.9043067214230547e-06,1.82497877809773e-06,1.9175278915817273e-06,2.102619669264172e-06,2.6181871408681445e-06
2021-08-02,3.862000000000093e-06,1.82497877809773e-06,1.82497877809773e-06,1.9043067214230547e-06,1.9704121341224123e-06,2.102619669264172e-06,2.6974992919370777e-06
2021-08-03,6.480000000006619e-07,1.82497877809773e-06,1.9043067214230547e-06,2.0232956745580566e-06,2.0232956745580566e-06,2.0232956745580566e-06,2.6181871408681445e-06
2021-08-04,1.0241999999999717e-05,1.7059839017008471e-06,1.9043067214230547e-06,2.0232956745580566e-06,2.0232956745580566e-06,2.0232956745580566e-06,2.6181871408681445e-06
2021-08-05,6.790199999999989e-05,1.6266520093122239e-06,1.82497877809773e-06,2.102619669264172e-06,2.0761785131107047e-06,2.0232956745580566e-06,2.8164645584638492e-06
2021-08-06,0.00012579400000000004,1.6266520093122239e-06,2.0232956745580566e-06,2.0232956745580566e-06,2.0232956745580566e-06,2.0232956745580566e-06,2.935426272721031e-06
2021-08-09,7.519530000000001e-05,1.6266520093122239e-06,2.0232956745580566e-06,2.0232956745580566e-06,2.0232956745580566e-06,2.0232956745580566e-06,3.0147321088414003e-06
2021-08-10,0.0,1.82497877809773e-06,2.0232956745580566e-06,2.2216027000254712e-06,2.2216027000254712e-06,2.2216027000254712e-06,3.0147321088414003e-06
2021-08-11,3.851000000000028e-05,1.5076512089873262e-06,1.9043067214230547e-06,2.0232956745580566e-06,2.049737181764044e-06,2.102619669264172e-06,3.2129897926669315e-06
2021-08-12,0.00027737900000000034,1.3093086428384026e-06,1.9043067214230547e-06,2.0232956745580566e-06,2.0232956745580566e-06,2.0232956745580566e-06,3.1336879029453257e-06
2021-08-13,3.83260000000002e-05,1.6266520093122239e-06,2.2216027000254712e-06,2.102619669264172e-06,2.0761785131107047e-06,2.0232956745580566e-06,2.935426272721031e-06
2021-08-16,2.7630000000000276e-05,1.3886468541723929e-06,2.2216027000254712e-06,2.4992159535219827e-06,2.3009227463344217e-06,1.9043067214230547e-06,2.935426272721031e-06
2021-08-17,6.0596000000000434e-05,1.1902983632072761e-06,2.2216027000254712e-06,2.935426272721031e-06,2.657843413800265e-06,2.102619669264172e-06,2.8164645584638492e-06
2021-08-18,0.00018112999999999983,1.3093086428384026e-06,1.9043067214230547e-06,2.419899854944063e-06,2.2877028482692907e-06,2.0232956745580566e-06,2.6974992919370777e-06
2021-08-19,6.497799999999982e-05,1.1109562016997643e-06,1.82497877809773e-06,2.102619669264172e-06,2.0100748552298597e-06,1.82497877809773e-06,2.6181871408681445e-06
2021-08-20,4.8230999999999274e-05,1.7059839017008471e-06,2.0232956745580566e-06,2.102619669264172e-06,2.0100748552298597e-06,1.82497877809773e-06,2.4992159535219827e-06
2021-08-23,8.59680000000005e-05,1.3886468541723929e-06,1.82497877809773e-06,2.0232956745580566e-06,2.049737181764044e-06,2.102619669264172e-06,2.4992159535219827e-06
2021-08-24,4.035000000000106e-06,1.3093086428384026e-06,1.82497877809773e-06,2.3009227463344217e-06,2.2083825386154388e-06,2.0232956745580566e-06,2.4992159535219827e-06
2021-08-25,1.3009999999999931e-05,1.3093086428384026e-06,1.82497877809773e-06,2.0232956745580566e-06,2.0232956745580566e-06,2.0232956745580566e-06,2.6181871408681445e-06
2021-08-26,3.676099999999974e-05,1.1902983632072761e-06,1.82497877809773e-06,2.102619669264172e-06,2.0761785131107047e-06,2.0232956745580566e-06,2.6181871408681445e-06
2021-08-27,3.462199999999978e-05,1.3886468541723929e-06,2.419899854944063e-06,2.102619669264172e-06,2.0761785131107047e-06,2.0232956745580566e-06,2.6974992919370777e-06
2021-08-30,6.018199999999977e-05,1.3886468541723929e-06,2.3009227463344217e-06,1.82497877809773e-06,1.8910855070775057e-06,2.0232956745580566e-06,2.6181871408681445e-06
2021-08-31,0.0001203440000000001,1.3886468541723929e-06,2.3009227463344217e-06,1.82497877809773e-06,1.98363308512306e-06,2.3009227463344217e-06,2.6974992919370777e-06
2021-09-01,6.344259999999997e-05,1.6266520093122239e-06,2.2216027000254712e-06,1.82497877809773e-06,1.98363308512306e-06,2.3009227463344217e-06,2.6974992919370777e-06
2021-09-02,0.0001584170000000001,1.82497877809773e-06,2.0232956745580566e-06,1.82497877809773e-06,1.8910855070775057e-06,2.0232956745580566e-06,2.6181871408681445e-06
2021-09-03,2.433259999999997e-05,1.3886468541723929e-06,2.935426272721031e-06,1.82497877809773e-06,1.9571911393789776e-06,2.2216027000254712e-06,2.6181871408681445e-06
2021-09-07,2.8751000000000037e-05,1.3886468541723929e-06,2.8164645584638492e-06,1.6266520093122239e-06,1.758870952217606e-06,2.0232956745580566e-06,2.6181871408681445e-06
2021-09-08,3.2748999999999886e-05,1.7059839017008471e-06,2.419899854944063e-06,1.82497877809773e-06,1.9175278915817273e-06,2.102619669264172e-06,2.935426272721031e-06
2021-09-09,8.121299999999925e-05,1.82497877809773e-06,2.4992159535219827e-06,1.82497877809773e-06,1.8910855070775057e-06,2.0232956745580566e-06,2.935426272721031e-06
2021-09-10,4.793399999999948e-05,2.102619669264172e-06,2.8164645584638492e-06,1.9043067214230547e-06,1.943970100670711e-06,2.0232956745580566e-06,2.8164645584638492e-06
2021-09-13,9.02299999999993e-06,2.0232956745580566e-06,2.6181871408681445e-06,1.9043067214230547e-06,1.943970100670711e-06,2.0232956745580566e-06,2.935426272721031e-06
2021-09-14,0.0002448229999999999,1.9043067214230547e-06,2.6974992919370777e-06,1.6266520093122239e-06,1.758870952217606e-06,2.0232956745580566e-06,2.8164645584638492e-06
2021-09-15,2.67189999999997e-05,1.6266520093122239e-06,2.6181871408681445e-06,1.6266520093122239e-06,1.7192057299997288e-06,1.9043067214230547e-06,2.8164645584638492e-06
2021-09-16,2.8952999999999965e-05,1.6266520093122239e-06,2.2216027000254712e-06,1.3886468541723929e-06,1.5340961385668095e-06,1.82497877809773e-06,2.8164645584638492e-06
2021-09-17,4.961000000001242e-06,2.2216027000254712e-06,2.2216027000254712e-06,1.5076512089873262e-06,1.613429873703609e-06,1.82497877809773e-06,2.8164645584638492e-06
2021-09-20,6.030000000000618e-06,2.419899854944063e-06,1.6266520093122239e-06,1.1902983632072761e-06,1.4018697358508803e-06,1.82497877809773e-06,2.6974992919370777e-06
2021-09-21,4.435919999999996e-05,1.82497877809773e-06,1.5076512089873262e-06,9.919399968083553e-07,1.2696389446453793e-06,1.82497877809773e-06,2.6974992919370777e-06
2021-09-22,0.0,1.9043067214230547e-06,1.5076512089873262e-06,1.1902983632072761e-06,1.4018697358508803e-06,1.82497877809773e-06,3.0147321088414003e-06
2021-09-23,3.733000000000035e-05,1.7059839017008471e-06,1.7059839017008471e-06,1.1902983632072761e-06,1.4018697358508803e-06,1.82497877809773e-06,2.935426272721031e-06
2021-09-24,1.4487000000000094e-05,2.4992159535219827e-06,1.5076512089873262e-06,1.3886468541723929e-06,1.600207694352207e-06,2.0232956745580566e-06,3.1336879029453257e-06
2021-09-27,2.047099999999977e-05,2.419899854944063e-06,1.3886468541723929e-06,1.1902983632072761e-06,1.4944286785834038e-06,2.102619669264172e-06,3.1336879029453257e-06
2021-09-28,4.953000000000249e-05,2.6974992919370777e-06,1.5076512089873262e-06,1.6266520093122239e-06,1.82497877809773e-06,2.2216027000254712e-06,3.2129897926669315e-06
2021-09-29,0.00010161299999999996,1.9043067214230547e-06,1.5076512089873262e-06,1.6266520093122239e-06,1.7853142142421063e-06,2.102619669264172e-06,3.1336879029453257e-06
2021-09-30,6.692999999999977e-05,2.102619669264172e-06,1.1902983632072761e-06,1.5076512089873262e-06,1.679540112986544e-06,2.0232956745580566e-06,3.1336879029453257e-06
2021-10-01,6.3500000000004525e-06,2.935426272721031e-06,1.82497877809773e-06,1.5076512089873262e-06,1.679540112986544e-06,2.0232956745580566e-06,3.1336879029453257e-06
2021-10-04,5.623999999999907e-05,5.710191677055221e-06,1.6266520093122239e-06,1.5076512089873262e-06,1.679540112986544e-06,2.0232956745580566e-06,3.1336879029453257e-06
2021-10-05,0.0001112400000000003,4.204130252816185e-06,1.82497877809773e-06,1.6266520093122239e-06,1.82497877809773e-06,2.2216027000254712e-06,3.3319396677278235e-06
2021-10-06,4.422999999999927e-06,2.3009227463344217e-06,1.82497877809773e-06,1.82497877809773e-06,2.0232956745580566e-06,2.419899854944063e-06,3.6094755657689603e-06
2021-10-07,0.00022472300000000132,7.935717540874521e-07,1.3886468541723929e-06,2.102619669264172e-06,2.2083825386154388e-06,2.419899854944063e-06,3.7284136038540083e-06
2021-10-08,2.4650999999999883e-05,7.142216913447186e-07,3.1336879029453257e-06,2.0232956745580566e-06,2.1555014548813034e-06,2.419899854944063e-06,3.7284136038540083e-06
2021-10-12,0.0,7.142216913447186e-07,2.6974992919370777e-06,2.0232956745580566e-06,2.089399113058832e-06,2.2216027000254712e-06,3.9266357774181415e-06
2021-10-13,2.295100000000022e-05,5.951936339343433e-07,2.4992159535219827e-06,2.0232956745580566e-06,2.11584018150468e-06,2.3009227463344217e-06,3.9266357774181415e-06
2021-10-14,0.00010786000000000129,1.9840775800084032e-07,2.6974992919370777e-06,1.82497877809773e-06,1.98363308512306e-06,2.3009227463344217e-06,3.8077036568218148e-06
2021-10-15,3.3849999999998465e-06,1.6266520093122239e-06,3.2129897926669315e-06,1.9043067214230547e-06,2.0365164501434663e-06,2.3009227463344217e-06,4.005921885541497e-06
2021-10-18,0.0,1.6266520093122239e-06,3.411237611494755e-06,2.102619669264172e-06,2.142281074313246e-06,2.2216027000254712e-06,4.1248480890931916e-06
2021-10-19,1.3951999999999368e-05,1.82497877809773e-06,3.530181567734658e-06,2.2216027000254712e-06,2.2877028482692907e-06,2.419899854944063e-06,4.005921885541497e-06
2021-10-20,9.49000000000002e-06,1.7059839017008471e-06,2.935426272721031e-06,2.2216027000254712e-06,2.2216027000254712e-06,2.2216027000254712e-06,3.7284136038540083e-06
2021-10-21,7.067399999999974e-05,1.7059839017008471e-06,2.935426272721031e-06,2.2216027000254712e-06,2.2877028482692907e-06,2.419899854944063e-06,4.243770743039832e-06
2021-10-22,1.5096000000000033e-05,2.2216027000254712e-06,3.9266357774181415e-06,2.419899854944063e-06,2.4859967135970606e-06,2.6181871408681445e-06,4.719425863441984e-06
2021-10-25,4.004999999999634e-06,2.2216027000254712e-06,3.6094755657689603e-06,2.2216027000254712e-06,2.3141426006567656e-06,2.4992159535219827e-06,4.719425863441984e-06
2021-10-26,3.5250000000000992e-06,2.2216027000254712e-06,3.530181567734658e-06,2.2216027000254712e-06,2.3141426006567656e-06,2.4992159535219827e-06,4.8383307711397094e-06
2021-10-27,1.6175000000000217e-05,2.2216027000254712e-06,2.6974992919370777e-06,2.2216027000254712e-06,2.3141426006567656e-06,2.4992159535219827e-06,4.719425863441984e-06
2021-10-28,5.5190999999999574e-05,2.2216027000254712e-06,2.6974992919370777e-06,2.2216027000254712e-06,2.3141426006567656e-06,2.4992159535219827e-06,4.719425863441984e-06
2021-10-29,0.00010995500000000012,2.2216027000254712e-06,3.6094755657689603e-06,2.3009227463344217e-06,2.3670215787419124e-06,2.4992159535219827e-06,5.0364977313144266e-06
2021-11-01,8.647000000000082e-06,2.0232956745580566e-06,3.411237611494755e-06,1.9043067214230547e-06,2.142281074313246e-06,2.6181871408681445e-06,5.0364977313144266e-06
2021-11-02,1.3249999999999373e-06,1.82497877809773e-06,2.6181871408681445e-06,2.0232956745580566e-06,2.327362410792233e-06,2.935426272721031e-06,4.917598737996798e-06
2021-11-03,0.0,1.82497877809773e-06,2.6974992919370777e-06,2.0232956745580566e-06,2.2877028482692907e-06,2.8164645584638492e-06,6.740326825349641e-06
2021-11-04,0.0001261140000000001,1.9043067214230547e-06,2.3009227463344217e-06,1.6266520093122239e-06,1.9571911393789776e-06,2.6181871408681445e-06,5.947938814809817e-06
2021-11-05,0.00010082400000000023,1.6266520093122239e-06,2.2216027000254712e-06,1.82497877809773e-06,2.11584018150468e-06,2.6974992919370777e-06,5.74981718526324e-06
2021-11-08,1.1154999999999997e-05,1.6266520093122239e-06,2.2216027000254712e-06,1.6266520093122239e-06,1.8910855070775057e-06,2.419899854944063e-06,6.0271847082127294e-06
2021-11-09,7.016900000000013e-05,1.9043067214230547e-06,2.2216027000254712e-06,1.82497877809773e-06,2.0232956745580566e-06,2.419899854944063e-06,5.432802083982224e-06
2021-11-10,0.0002158529999999985,2.0232956745580566e-06,2.3009227463344217e-06,2.0232956745580566e-06,2.2216027000254712e-06,2.6181871408681445e-06,6.423390532583895e-06
2021-11-12,9.72350000000002e-05,2.2216027000254712e-06,2.2216027000254712e-06,2.102619669264172e-06,2.2744829064613725e-06,2.6181871408681445e-06,6.423390532583895e-06
2021-11-15,3.90967402e-05,2.0232956745580566e-06,2.2216027000254712e-06,1.82497877809773e-06,2.089399113058832e-06,2.6181871408681445e-06,6.542244596952074e-06
2021-11-16,5.3594000000000124e-05,2.419899854944063e-06,2.3009227463344217e-06,1.82497877809773e-06,2.089399113058832e-06,2.6181871408681445e-06,6.542244596952074e-06
2021-11-17,0.00018860899999999974,2.3009227463344217e-06,2.3009227463344217e-06,2.0232956745580566e-06,2.2216027000254712e-06,2.6181871408681445e-06,6.344152519766055e-06
2021-11-18,8.561899999999989e-05,1.82497877809773e-06,1.9043067214230547e-06,2.0232956745580566e-06,2.1819420845670123e-06,2.4992159535219827e-06,6.225292545458672e-06
2021-11-19,2.273100000000001e-05,4.640153953516801e-06,1.6266520093122239e-06,2.0232956745580566e-06,2.1819420845670123e-06,2.4992159535219827e-06,6.225292545458672e-06
2021-11-22,8.829800000000011e-05,3.0147321088414003e-06,1.3886468541723929e-06,2.0232956745580566e-06,2.248042890951041e-06,2.6974992919370777e-06,7.3345144275815954e-06
2021-11-23,1.2646000000000055e-05,2.6974992919370777e-06,1.3093086428384026e-06,2.0232956745580566e-06,2.353801900056851e-06,3.0147321088414003e-06,7.651378251427587e-06
2021-11-24,4.581300000000002e-05,2.8164645584638492e-06,1.82497877809773e-06,2.419899854944063e-06,2.9222084798607995e-06,3.9266357774181415e-06,8.44342757444494e-06
2021-11-26,2.4819999999998316e-05,5.432802083982224e-06,1.5076512089873262e-06,2.102619669264172e-06,2.6049682955164855e-06,3.6094755657689603e-06,7.057237907837077e-06
2021-11-29,6.287999999999953e-05,3.3319396677278235e-06,1.5076512089873262e-06,1.9043067214230547e-06,2.512435149926162e-06,3.7284136038540083e-06,7.651378251427587e-06
2021-11-30,0.00013142999999999835,4.204130252816185e-06,2.0232956745580566e-06,2.102619669264172e-06,2.77680986426887e-06,4.1248480890931916e-06,8.760203219493334e-06
2021-12-01,8.142000000000045e-05,3.9266357774181415e-06,1.5076512089873262e-06,2.2216027000254712e-06,2.856118857863521e-06,4.1248480890931916e-06,1.006663658875695e-05
2021-12-02,0.00015759000000000085,3.1336879029453257e-06,1.3886468541723929e-06,2.102619669264172e-06,2.6446247001210565e-06,3.7284136038540083e-06,1.0383283204129512e-05
2021-12-03,4.5459000000001165e-05,1.82497877809773e-06,1.6266520093122239e-06,2.102619669264172e-06,2.671062083736686e-06,3.8077036568218148e-06,1.0145800601879529e-05
2021-12-06,3.2610000000000625e-05,1.6266520093122239e-06,1.82497877809773e-06,2.102619669264172e-06,2.948644021616431e-06,4.640153953516801e-06,1.1056073713655579e-05
2021-12-07,1.293999999999948e-05,1.7059839017008471e-06,2.2216027000254712e-06,2.4992159535219827e-06,3.5830444085060975e-06,5.74981718526324e-06,1.2084827727187886e-05
2021-12-08,2.784899999999993e-05,1.7059839017008471e-06,1.9043067214230547e-06,2.6181871408681445e-06,3.4508859914073042e-06,5.11576175554751e-06,1.1372641703921715e-05
2021-12-09,0.00013450000000000007,9.919399968083553e-07,1.7059839017008471e-06,2.4992159535219827e-06,3.305506669049052e-06,4.917598737996798e-06,1.0462440925840255e-05
2021-12-10,1.0611000000000648e-05,1.1109562016997643e-06,2.0232956745580566e-06,2.4992159535219827e-06,3.2790734951770872e-06,4.8383307711397094e-06,1.0383283204129512e-05
2021-12-13,2.2460000000000188e-05,9.919399968083553e-07,1.82497877809773e-06,2.2216027000254712e-06,3.1204707680032584e-06,4.917598737996798e-06,1.006663658875695e-05
2021-12-14,0.0001695080000000005,5.158396201299098e-07,1.7059839017008471e-06,2.3009227463344217e-06,3.305506669049052e-06,5.313914917426388e-06,9.868719673677973e-06
2021-12-15,1.9310000000001548e-05,7.935717540874521e-07,1.5076512089873262e-06,2.0232956745580566e-06,3.160122041601099e-06,5.432802083982224e-06,1.0779056086596128e-05
2021-12-16,4.054699999999842e-05,7.142216913447186e-07,1.9043067214230547e-06,1.82497877809773e-06,2.961861726769044e-06,5.23465483537322e-06,9.749964805072509e-06
2021-12-17,5.2790000000000475e-05,1.3886468541723929e-06,1.9043067214230547e-06,2.0232956745580566e-06,3.1204707680032584e-06,5.313914917426388e-06,1.0264543672589e-05
2021-12-20,8.730000000000196e-06,1.1902983632072761e-06,1.82497877809773e-06,3.0147321088414003e-06,3.9266357774181415e-06,5.74981718526324e-06,9.94788761943255e-06
2021-12-21,7.296999999999859e-05,1.1902983632072761e-06,1.5076512089873262e-06,2.8164645584638492e-06,4.058778414250952e-06,6.542244596952074e-06,1.0581174559876061e-05
2021-12-22,0.00010025000000000138,1.1902983632072761e-06,1.5076512089873262e-06,2.8164645584638492e-06,4.058778414250952e-06,6.542244596952074e-06,1.0462440925840255e-05
2021-12-23,1.718500000000029e-05,1.3093086428384026e-06,1.7059839017008471e-06,2.8164645584638492e-06,4.16448936824132e-06,6.859171435502631e-06,1.1174789657619755e-05
2021-12-27,3.401999999999919e-05,1.3886468541723929e-06,1.82497877809773e-06,2.2216027000254712e-06,3.9266357774181415e-06,7.3345144275815954e-06,1.1768316322546823e-05
2021-12-28,0.0,9.125938849052773e-07,1.6266520093122239e-06,2.419899854944063e-06,4.336263686122166e-06,8.16622822230606e-06,1.1570483925193997e-05
2021-12-29,3.5529999999998896e-06,5.158396201299098e-07,9.125938849052773e-07,2.0232956745580566e-06,4.032350237492821e-06,8.047422595636178e-06,1.5406680246021764e-05
2021-12-30,9.471999999999996e-05,7.935717540874521e-07,1.1109562016997643e-06,1.82497877809773e-06,3.768058827624543e-06,7.651378251427587e-06,1.5011366817141436e-05
2021-12-31,4.5654999999999914e-05,2.2216027000254712e-06,2.419899854944063e-06,2.102619669264172e-06,3.953064655393135e-06,7.651378251427587e-06,1.5209028434659544e-05
2022-01-03,5.734999999999768e-06,2.0232956745580566e-06,2.2216027000254712e-06,2.4992159535219827e-06,4.455180029561134e-06,8.36422972749773e-06,1.572290275042576e-05
2022-01-04,6.460059999999993e-05,1.9043067214230547e-06,2.102619669264172e-06,3.411237611494755e-06,5.195024203041854e-06,8.760203219493334e-06,1.4892765139329356e-05
2022-01-05,7.247000000000156e-05,2.0232956745580566e-06,2.102619669264172e-06,3.6094755657689603e-06,5.459220972614531e-06,9.156137360299965e-06,1.5999576854497377e-05
2022-01-06,7.939700000000015e-05,2.102619669264172e-06,2.102619669264172e-06,4.005921885541497e-06,5.855483280470253e-06,9.552032157689183e-06,1.7106081176665455e-05
2022-01-07,0.00017529500000000066,2.0232956745580566e-06,2.0232956745580566e-06,3.8077036568218148e-06,5.723400223534014e-06,9.552032157689183e-06,1.651334922181391e-05
2022-01-10,0.0,2.0232956745580566e-06,2.0232956745580566e-06,3.9266357774181415e-06,6.000769585456922e-06,1.0145800601879529e-05,1.7501186828638993e-05
2022-01-11,0.0,1.7059839017008471e-06,2.0232956745580566e-06,5.0364977313144266e-06,7.110053970693642e-06,1.12539316552418e-05,1.7619710884098083e-05
2022-01-12,1.535200000000016e-05,1.7059839017008471e-06,1.9043067214230547e-06,4.8383307711397094e-06,6.845966653790114e-06,1.0858205945485366e-05,1.7935757794740326e-05
2022-01-13,0.00010742000000000043,1.3886468541723929e-06,1.7059839017008471e-06,4.8383307711397094e-06,6.9780125004914595e-06,1.12539316552418e-05,1.80147656052565e-05
2022-01-14,1.6280199999999987e-05,1.9043067214230547e-06,2.102619669264172e-06,5.11576175554751e-06,7.400529802525924e-06,1.1966138897090417e-05,1.943663834214071e-05
2022-01-18,1.5270000000001255e-05,1.82497877809773e-06,2.0232956745580566e-06,5.630939478251662e-06,8.48302590750194e-06,1.4181080920883105e-05,2.17658330252668e-05
2022-01-19,1.8675000000000982e-05,1.7059839017008471e-06,2.0232956745580566e-06,6.8195569593587635e-06,9.34089316140252e-06,1.4378783733892675e-05,2.125273758646351e-05
2022-01-20,7.300000000000015e-05,1.7059839017008471e-06,2.0232956745580566e-06,7.136461739776223e-06,9.525640395136037e-06,1.4299703785969342e-05,2.223940094192578e-05
2022-01-21,9.589999999996823e-06,1.82497877809773e-06,3.411237611494755e-06,6.740326825349641e-06,9.18253157089488e-06,1.4062454523733336e-05,2.1844764920508908e-05
2022-01-24,0.0,1.82497877809773e-06,3.411237611494755e-06,6.740326825349641e-06,9.18253157089488e-06,1.4062454523733336e-05,2.1963159831495105e-05
2022-01-25,3.6600000000008154e-06,1.82497877809773e-06,3.3319396677278235e-06,7.651378251427587e-06,1.0238156629371886e-05,1.5406680246021764e-05,2.397533520581696e-05
2022-01-26,1.0697999999999958e-05,1.7059839017008471e-06,3.6094755657689603e-06,7.92861342602258e-06,1.0449248081467744e-05,1.5485738225295975e-05,2.6696073593512892e-05
2022-01-27,6.150399999999955e-05,1.3886468541723929e-06,3.2129897926669315e-06,8.126626740212473e-06,1.1148408642469576e-05,1.7185105441797077e-05,2.9611903626713953e-05
2022-01-28,0.0001264100000000004,1.7059839017008471e-06,5.313914917426388e-06,7.532557270595319e-06,1.0752672450875522e-05,1.7185105441797077e-05,2.9808842226364263e-05
2022-01-31,1.8219999999999348e-05,1.6266520093122239e-06,4.8383307711397094e-06,7.3345144275815954e-06,1.0963736644775679e-05,1.8212278277252025e-05,3.0320837032249415e-05
2022-02-01,4.483999999999912e-06,1.9043067214230547e-06,3.530181567734658e-06,8.562221393004776e-06,1.211120254263065e-05,1.9199694788918364e-05,3.0438980336500165e-05
2022-02-02,9.99799999999891e-06,1.3886468541723929e-06,3.9266357774181415e-06,7.651378251427587e-06,1.1174789657619755e-05,1.8212278277252025e-05,2.9414955291739986e-05
2022-02-03,4.2919999999998376e-05,1.3093086428384026e-06,3.6094755657689603e-06,8.126626740212473e-06,1.1755127801826859e-05,1.900223106310328e-05,3.0320837032249415e-05
2022-02-04,0.00016644800000000046,1.6266520093122239e-06,5.74981718526324e-06,9.433267849079385e-06,1.3706554138348537e-05,2.223940094192578e-05,3.488649554084233e-05
2022-02-07,2.387800000000018e-05,1.3886468541723929e-06,5.432802083982224e-06,8.839393195625433e-06,1.3139684178264943e-05,2.172636649144799e-05,3.4178374139548495e-05
2022-02-08,8.268000000000511e-06,1.7059839017008471e-06,5.0364977313144266e-06,1.12539316552418e-05,1.528809033590761e-05,2.3344173892159148e-05,3.488649554084233e-05
2022-02-09,0.0001214300000000005,1.3093086428384026e-06,5.11576175554751e-06,1.1056073713655579e-05,1.509043264080745e-05,2.3146915474780982e-05,3.488649554084233e-05
2022-02-10,0.00012134999999999924,2.3009227463344217e-06,9.235319467171266e-06,1.619718945189419e-05,2.0423751496689846e-05,2.886344815444808e-05,4.2863830111317114e-05
2022-02-11,3.927999999999918e-05,1.82497877809773e-06,1.0462440925840255e-05,1.4774159931008057e-05,1.9278677539036337e-05,2.8272462921696828e-05,4.172518832712413e-05
2022-02-14,7.334600000000017e-05,1.1902983632072761e-06,9.037361249575326e-06,1.5485738225295975e-05,2.0147384464985763e-05,2.9454345737534027e-05,4.3570409650861563e-05
2022-02-15,0.0001110099999999982,1.1109562016997643e-06,6.740326825349641e-06,1.647383062253205e-05,2.0647463148781853e-05,2.898163468212367e-05,4.23534447242524e-05
2022-02-16,0.00012916009999999994,1.3886468541723929e-06,6.0271847082127294e-06,1.5169496895506285e-05,1.9199694788918364e-05,2.7247880809211367e-05,4.141102297428034e-05
2022-02-17,0.00011869999999999936,1.3093086428384026e-06,5.11576175554751e-06,1.4457862112182696e-05,1.829128060437668e-05,2.5947070109832993e-05,4.031124911429984e-05
2022-02-18,0.00014125900000000035,1.1902983632072761e-06,8.126626740212473e-06,1.4181080920883105e-05,1.7975261895841754e-05,2.5552801185213525e-05,3.921117159766396e-05
2022-02-22,1.2720000000000786e-05,1.1902983632072761e-06,7.2552945338255626e-06,1.4062454523733336e-05,1.88047575500061e-05,2.8272462921696828e-05,4.3060114775395064e-05
2022-02-23,3.8199999999981304e-06,1.1109562016997643e-06,6.542244596952074e-06,1.4062454523733336e-05,1.90417245913288e-05,2.898163468212367e-05,4.5375543826331466e-05
2022-02-24,7.997000000000039e-05,9.125938849052773e-07,5.829067019291756e-06,1.2757330984936033e-05,1.7198276000218726e-05,2.6065343179393352e-05,4.247123177059109e-05
2022-02-25,0.00010873999999999953,2.6974992919370777e-06,8.047422595636178e-06,1.378564586040909e-05,1.8554610381693593e-05,2.8075448361919442e-05,4.447307896970898e-05
2022-02-28,0.00010991099999999986,2.419899854944063e-06,7.651378251427587e-06,1.2757330984936033e-05,1.7264128139515833e-05,2.6262457160086683e-05,3.991839915418183e-05
2022-03-01,2.6029999999999803e-05,4.204130252816185e-06,7.651378251427587e-06,1.3152868116650396e-05,1.6552867428965e-05,2.3344173892159148e-05,3.516184210039519e-05
2022-03-02,3.214999999999815e-05,5.313914917426388e-06,8.839393195625433e-06,1.3271521599245162e-05,1.763288000589114e-05,2.634130002188151e-05,4.133247776527682e-05
2022-03-03,0.00012626700000000022,7.453341314800355e-06,8.958175208295671e-06,1.4457862112182696e-05,1.846244693948229e-05,2.64595613892471e-05,4.223565419558817e-05
2022-03-04,6.946499999999946e-05,7.2552945338255626e-06,9.235319467171266e-06,1.3271521599245162e-05,1.7501186828638993e-05,2.5947070109832993e-05,4.062550119532382e-05
2022-03-07,1.4870000000000161e-05,7.017625401006811e-06,8.839393195625433e-06,1.3469269551036334e-05,1.8001597745787024e-05,2.705081557663469e-05,4.1253931007734224e-05
2022-03-08,2.326900000000024e-05,6.225292545458672e-06,8.839393195625433e-06,1.485323046224174e-05,1.9423475181135075e-05,2.854826693932111e-05,4.2863830111317114e-05
2022-03-09,0.0001511499999999992,6.542244596952074e-06,9.037361249575326e-06,1.509043264080745e-05,1.9792027252663047e-05,2.917860443796272e-05,4.42768639052904e-05
2022-03-10,9.354199999999984e-05,5.23465483537322e-06,9.35408967661644e-06,1.568337630986072e-05,2.0318471078306644e-05,2.9572514738562816e-05,4.557170479224659e-05
2022-03-11,5.712999999999899e-05,7.84940534459544e-06,1.1135218069391328e-05,1.568337630986072e-05,2.038427166572987e-05,2.9769455285322266e-05,4.608167810959962e-05
2022-03-14,0.0002314489999999999,8.641415304211364e-06,1.1649618063103162e-05,1.6789968441344172e-05,2.1857920084356053e-05,3.19745245778158e-05,4.839535236600412e-05
2022-03-15,2.4940000000001072e-05,8.32463021360752e-06,1.12539316552418e-05,1.8370281365198693e-05,2.3449374388251343e-05,3.358817681675674e-05,4.7807257455456664e-05
2022-03-16,2.432999999999949e-05,9.037361249575326e-06,1.1135218069391328e-05,1.8172776526270695e-05,2.3449374388251343e-05,3.398165141277332e-05,5.1217000234249355e-05
2022-03-17,7.694000000000104e-05,6.740326825349641e-06,8.126626740212473e-06,1.568337630986072e-05,2.0923795495120245e-05,3.138400067403957e-05,4.8199330374032456e-05
2022-03-18,1.0730000000000461e-05,8.760203219493334e-06,1.2163951649490912e-05,1.6394792248020096e-05,2.1529027956823654e-05,3.177769300144462e-05,4.8316944726511935e-05
2022-03-21,4.949450000000003e-05,8.44342757444494e-06,1.2045265176618969e-05,1.9476127564477252e-05,2.4987614344107456e-05,3.5987767623035793e-05,5.051177558446085e-05
2022-03-22,0.0,7.651378251427587e-06,1.0462440925840255e-05,2.1292208812306868e-05,2.681432443063514e-05,3.783564742820822e-05,5.3057831874703254e-05
2022-03-23,5.403000000000005e-05,5.829067019291756e-06,9.552032157689183e-06,1.9673567804856518e-05,2.5329364807591404e-05,3.661692931244964e-05,5.9669973936582466e-05
2022-03-24,8.296000000000171e-05,6.344152519766055e-06,9.35408967661644e-06,2.0581666907881768e-05,2.610476675579676e-05,3.7128050038637284e-05,6.076441791424969e-05
2022-03-25,7.888000000000166e-06,7.017625401006811e-06,1.3469269551036334e-05,2.1292208812306868e-05,2.7182193481412043e-05,3.8936104752362866e-05,6.533438035116745e-05
2022-03-28,1.252999999999671e-06,7.017625401006811e-06,1.2678218846096101e-05,2.2002624019856754e-05,2.781274712670978e-05,3.940763628951238e-05,6.595892525873559e-05
2022-03-29,0.0,6.8195569593587635e-06,1.184744653115466e-05,2.271291257560648e-05,2.8902844053213528e-05,4.1253931007734224e-05,6.521726728148103e-05
2022-03-30,0.00010521400000000018,5.313914917426388e-06,1.184744653115466e-05,2.1292208812306868e-05,2.772079760204882e-05,4.0546940498709105e-05,6.463165029169105e-05
2022-03-31,6.517999999999802e-05,5.829067019291756e-06,1.2757330984936033e-05,2.0581666907881768e-05,2.7274155437018166e-05,4.062550119532382e-05,6.33039330297791e-05
2022-04-01,2.2870000000001223e-06,7.017625401006811e-06,1.576242879886003e-05,2.0897478954395865e-05,2.799663981001288e-05,4.215712524180404e-05,6.634921611814448e-05
2022-04-04,6.358999999999185e-06,6.8195569593587635e-06,1.53671506681885e-05,2.2397244406224814e-05,2.9126080121955056e-05,4.254975453377163e-05,6.685653708582429e-05
2022-04-05,0.00015085000000000098,6.938399206068979e-06,1.568337630986072e-05,2.7208468542427866e-05,3.323401645261015e-05,4.525784261089072e-05,6.865115431153868e-05
2022-04-06,4.271000000000136e-06,6.740326825349641e-06,1.53671506681885e-05,2.7208468542427866e-05,3.316842774525597e-05,4.5061666191337224e-05,6.935317585687883e-05
2022-04-07,0.00013488600000000073,6.621478670032488e-06,1.576242879886003e-05,2.7011401360521603e-05,3.303724709069478e-05,4.5061666191337224e-05,6.826108888757787e-05
2022-04-08,1.891999999999996e-05,9.235319467171266e-06,2.0068418934648946e-05,2.7602573666296593e-05,3.360129326268613e-05,4.557170479224659e-05,6.954815989224095e-05
2022-04-11,0.0,9.829135110717147e-06,2.0581666907881768e-05,2.791782969935319e-05,3.4047226734390534e-05,4.6277804313321624e-05,7.017204469006444e-05
2022-04-12,3.2614000000000254e-05,8.522623846873856e-06,1.908121772786764e-05,3.000577109202318e-05,3.563382050675301e-05,4.686612500526266e-05,6.751985935959937e-05
2022-04-13,0.00018342999999999832,8.641415304211364e-06,1.856777641373597e-05,2.9927000713803054e-05,3.551583114669299e-05,4.667002776037599e-05,6.623213287459961e-05
2022-04-14,0.0,1.0264543672589e-05,2.0186866643179258e-05,3.110839289610645e-05,3.670867375848985e-05,4.7885675125813876e-05,6.833910502734852e-05
2022-04-18,0.0,1.4655551191511407e-05,2.2476163793250237e-05,3.08327660516472e-05,3.682662779902479e-05,4.878736741997791e-05,6.954815989224095e-05
2022-04-19,1.4039999999999886e-05,1.3271521599245162e-05,2.1371150091376023e-05,3.382426623743662e-05,3.948621945371045e-05,5.078604444785917e-05,7.1887224338818e-05
2022-04-20,1.3963299999999968e-05,1.3271521599245162e-05,2.0265829825838466e-05,3.252560126520976e-05,3.855621931481146e-05,5.05901400433828e-05,7.609408304776188e-05
2022-04-21,7.638000000000089e-05,1.354836598377318e-05,2.0779052370523132e-05,3.272239589713344e-05,3.905399286852074e-05,5.168708066238814e-05,7.924631472611132e-05
2022-04-22,1.5380000000002336e-05,1.8251779636768717e-05,2.5000759134696793e-05,3.272239589713344e-05,3.932905157522093e-05,5.250958797975436e-05,8.095759338777597e-05
2022-04-25,1.3069000000000101e-05,1.5960053158847742e-05,2.2989101708725812e-05,3.280111102821337e-05,3.9040894361130896e-05,5.1491220557586814e-05,7.944081522959223e-05
2022-04-26,8.489999999999887e-06,1.3943824594297993e-05,2.2278862394253807e-05,3.382426623743662e-05,4.08349888132431e-05,5.481953362052039e-05,7.761213553703072e-05
2022-04-27,1.0772999999999946e-05,1.3469269551036334e-05,2.330472299005848e-05,3.272239589713344e-05,3.986601623262587e-05,5.411494639462333e-05,7.698941473921472e-05
2022-04-28,6.259999999999946e-05,1.073948056751206e-05,2.2476163793250237e-05,3.260432028451277e-05,3.974815214125016e-05,5.399750307555351e-05,7.862384930268362e-05
2022-04-29,7.205999999999879e-05,1.4655551191511407e-05,2.839066698134829e-05,3.323401645261015e-05,4.0612407853357624e-05,5.5328324693126874e-05,8.084093864235697e-05
2022-05-02,5.3269999999994155e-06,1.5248559581237942e-05,2.6696073593512892e-05,3.1620220738659555e-05,3.956480106803717e-05,5.540659447622609e-05,8.122977451252567e-05
2022-05-03,7.220000000007429e-07,1.6750452585645448e-05,2.8902844053213528e-05,3.653828953442684e-05,4.3622743891580384e-05,5.775397328178222e-05,8.305679498099572e-05
2022-05-04,9.149999999999436e-06,1.8172776526270695e-05,2.8311864664454234e-05,3.642032695694297e-05,4.316479597576972e-05,5.66195795381752e-05,7.920741348610427e-05
2022-05-05,0.00012437999999999338,1.7659218119137066e-05,2.638072086780241e-05,3.362752602509289e-05,4.036362618253797e-05,5.3801756516813626e-05,7.990757770359735e-05
2022-05-06,0.00014763699999999994,1.93576587235178e-05,2.8193658266673083e-05,3.3509477234128227e-05,4.0219587588152805e-05,5.360600034065577e-05,7.85071262088266e-05
2022-05-09,7.423000000000152e-05,1.9792027252663047e-05,2.8075448361919442e-05,3.291918080883249e-05,3.965647765946656e-05,5.309698926647677e-05,7.613301469633349e-05
2022-05-10,3.3699999999999355e-06,2.0976428054764185e-05,2.8784655188074382e-05,3.583046167543458e-05,4.2510493345693234e-05,5.583705080147716e-05,7.62498073600959e-05
2022-05-11,4.840999999999873e-05,2.1055375590606218e-05,2.988761494071568e-05,3.571247813893841e-05,4.24581444928851e-05,5.591531059168098e-05,7.605515101860583e-05
2022-05-12,0.00034625050000000016,2.397533520581696e-05,3.008453991282245e-05,3.7128050038637284e-05,4.3308728135516006e-05,5.564139460068063e-05,7.453650508582044e-05
2022-05-13,0.00011546999999999946,2.716905588573404e-05,3.189579311424495e-05,3.90146972173433e-05,4.493087654511285e-05,5.673694559393816e-05,7.695049145750588e-05
2022-05-16,4.746700000000069e-05,2.49613246325886e-05,3.209261885639414e-05,4.0546940498709105e-05,4.64477725476975e-05,5.822328313120906e-05,7.846821775103763e-05
2022-05-17,5.239000000000285e-05,2.3068009373128362e-05,3.280111102821337e-05,4.223565419558817e-05,4.848682599534193e-05,6.095982270748479e-05,8.130753713309069e-05
2022-05-18,0.00022360000000000435,1.9673567804856518e-05,3.228943487543212e-05,4.1018281443871984e-05,4.7467429714398435e-05,6.0334493632741015e-05,8.029650466645499e-05
2022-05-19,0.00010598000000000031,1.998945183911971e-05,3.3391424945516945e-05,4.133247776527682e-05,4.728443353996248e-05,5.9161737022694894e-05,8.251266372005794e-05
2022-05-20,1.6326540000000003e-05,2.5395082690060633e-05,3.508317359646185e-05,4.082189615961518e-05,4.6604659867277576e-05,5.814506866186342e-05,8.126865601254529e-05
2022-05-23,0.00011585000000000067,2.085800381768088e-05,3.449311030023772e-05,4.062550119532382e-05,4.697070625647726e-05,5.963088109095516e-05,8.16963274727911e-05
2022-05-24,1.588099999999884e-05,2.038427166572987e-05,3.358817681675674e-05,4.203932890911588e-05,4.775497815101559e-05,5.9161737022694894e-05,7.842930891333033e-05
2022-05-25,1.3001000000000332e-05,2.156849644574521e-05,3.299789205235548e-05,4.23534447242524e-05,4.799022961865518e-05,5.923993153711393e-05,7.83125801200324e-05
2022-05-26,4.178000000000168e-05,2.1371150091376023e-05,3.3391424945516945e-05,4.164664931138873e-05,4.741514595085761e-05,5.89271442716921e-05,7.761213553703072e-05
2022-05-27,0.00017628999999999909,2.7760204800886257e-05,3.5594491108348336e-05,4.29423451373534e-05,4.848682599534193e-05,5.955269424884335e-05,7.81958479070255e-05
2022-05-31,8.857700000000027e-05,2.8469467739711263e-05,3.378491897221281e-05,4.21178601845984e-05,4.864363304535324e-05,6.166320062339636e-05,8.06465064764339e-05
2022-06-01,9.569100000000018e-05,3.008453991282245e-05,3.409968621448378e-05,4.4630044064408736e-05,5.112558926567701e-05,6.408499676591184e-05,8.336769376993125e-05
2022-06-02,0.0001730399999999993,2.988761494071568e-05,3.539783829253906e-05,4.5218608099695246e-05,5.154345086033629e-05,6.416309471890536e-05,8.348427456184027e-05
2022-06-03,0.00011890000000000164,3.4375087153648565e-05,4.141102297428034e-05,4.6748467816604133e-05,5.290119845979824e-05,6.517822882656787e-05,8.488297806441558e-05
2022-06-06,6.323999999999826e-06,3.4375087153648565e-05,4.129320458012842e-05,4.8120918876737306e-05,5.424543491150402e-05,6.64662959211082e-05,8.62035251212312e-05
2022-06-07,2.6504999999999584e-05,3.386361311408237e-05,4.117538270165255e-05,4.95320897768714e-05,5.5902267400043115e-05,6.861214948750138e-05,8.659183803572112e-05
2022-06-08,3.564999999999992e-05,3.4178374139548495e-05,4.2000062690839e-05,4.984561544518762e-05,5.645004468712855e-05,6.962615083461188e-05,8.810589690488868e-05
2022-06-09,9.601000000000054e-05,3.575180637271913e-05,4.3570409650861563e-05,5.023748783949955e-05,5.720637524730954e-05,7.110768875540074e-05,9.024013079850235e-05
2022-06-10,2.8230000000000616e-05,4.3648910754034986e-05,4.925773457697957e-05,5.372345520049393e-05,6.150690515038804e-05,7.702833764056116e-05,9.826237878640676e-05
2022-06-13,7.0500000000014995e-06,4.3648910754034986e-05,5.595443991035509e-05,6.119429580997426e-05,6.913218241444419e-05,8.496066941954261e-05,0.00010955139459833951
2022-06-14,0.00034336,4.572862661156307e-05,5.91226391901678e-05,7.060090882737846e-05,7.84033694769537e-05,9.396260212279905e-05,0.00011930683559913113
2022-06-15,3.173999999999885e-05,4.6238579844981587e-05,5.9826341483493195e-05,6.911918241847559e-05,7.6600164811369e-05,9.15201226183715e-05,0.00011591634708207899
2022-06-16,9.895000000000043e-05,3.976124832361094e-05,5.5758789474058545e-05,6.240552040326364e-05,7.071786376289246e-05,8.729070592905508e-05,0.00011287015360772479
2022-06-17,2.0960999999999896e-05,4.572862661156307e-05,5.884894361840587e-05,6.271803472923665e-05,7.099074526228932e-05,8.748481414677656e-05,0.00011178993087335165
2022-06-21,5.389000000000088e-05,4.266753577675253e-05,5.7636637181612826e-05,6.221018650132137e-05,7.270557258953758e-05,9.361376813465938e-05,0.00011433570191599074
2022-06-22,1.4316000000000112e-05,3.7560485598442384e-05,5.407579900618131e-05,6.271803472923665e-05,7.329000416467224e-05,9.435015962799831e-05,0.00010935835843883801
2022-06-23,4.454400000000053e-05,4.203932890911588e-05,5.673694559393816e-05,6.431928603234383e-05,7.462738052543827e-05,9.516390770603067e-05,0.00010823856425523637
2022-06-24,2.223999999999976e-05,4.655236478057212e-05,6.29133437359819e-05,6.638824310134517e-05,7.676884444896004e-05,9.74492633307733e-05,0.00011074801009636204
2022-06-27,2.8892999999999888e-05,4.525784261089072e-05,6.0647170438077325e-05,6.631018875258299e-05,7.741754574253079e-05,9.95397964849154e-05,0.00011248439339150984
2022-06-28,0.0,4.29423451373534e-05,5.963088109095516e-05,7.001608264878278e-05,7.993350734891713e-05,9.969460716829914e-05,0.00011256154842276267
2022-06-29,0.00011283159999999997,4.29423451373534e-05,5.873163976066742e-05,6.911918241847559e-05,7.896103014504163e-05,9.857209341324058e-05,0.00011144265421947352
2022-06-30,0.00016798900000000033,4.254975453377163e-05,6.013905816804055e-05,6.689555910033285e-05,7.735268036568321e-05,9.818494636770758e-05,0.00010920392277746771
2022-07-01,1.4290000000000136e-05,5.0903582467176633e-05,6.451451656430685e-05,6.728575822556593e-05,7.76640245441218e-05,9.83398097000876e-05,0.00010642305681352049
2022-07-05,0.00017199000000000034,5.13345255410691e-05,6.591989407001009e-05,6.810505202503592e-05,7.85849419846496e-05,9.946238888747239e-05,0.00010773648537654168
2022-07-06,1.8616999999999852e-05,5.1530393348819814e-05,6.400689728214282e-05,7.410806437802009e-05,8.318633909132345e-05,0.00010128106997053798,0.00010916531292703979
2022-07-07,0.00011288999999999917,5.129535082404324e-05,6.7480843459089e-05,7.656123772714629e-05,8.509015164515077e-05,0.00010209340391842403,0.00011209859582450576
2022-07-08,7.987350000000001e-05,6.185856134299783e-05,7.406911293816876e-05,7.714510406309216e-05,8.594462881839071e-05,0.00010348559120942902,0.00011514537899226518
2022-07-11,2.4889999999999635e-05,6.135060354606203e-05,7.406911293816876e-05,8.095759338777597e-05,8.945124418291428e-05,0.00010638442000687753,0.0001170725195860367
2022-07-12,1.83260000000008e-05,6.275709729641754e-05,7.605515101860583e-05,8.655300844728764e-05,9.383340791035977e-05,0.00010835441962786518,0.00011726518239130179
2022-07-13,1.9206999999999384e-05,6.849513272433327e-05,8.220169820427614e-05,9.318737400376698e-05,0.0001005330605221566,0.00011518393093989943,0.00012542552594285716
2022-07-14,0.0001245930000000001,6.580279820944668e-05,8.356199319470292e-05,9.407887333257037e-05,0.00010085549560723273,0.00011437426169824683,0.00012388711709476752
2022-07-15,0.0,7.722294644385563e-05,8.775654976611591e-05,9.159768466626694e-05,9.84817624671841e-05,0.0001122143390168695,0.0001208085163446615
2022-07-18,0.0,7.632766723397744e-05,8.585401113814228e-05,9.295477615278713e-05,0.00010022349829097443,0.00011472128294820472,0.00012223266485400508
2022-07-19,3.9350000000000496e-05,7.492595666369617e-05,8.6747152605815e-05,9.818494636770758e-05,0.00010507054560582318,0.00011880614955805946,0.000124964065651767
2022-07-20,1.5811000000000124e-05,7.344583810775518e-05,8.635885482832784e-05,9.768159896506035e-05,0.00010425881845721463,0.000117380775602971,0.00012423331087596523
2022-07-21,8.617e-05,7.196516950935816e-05,8.457219749380407e-05,9.636485120601002e-05,0.00010284112052638683,0.00011576216539777029,0.00012088551036026907
2022-07-22,1.0599000000000025e-05,8.43390961569046e-05,8.783418511071339e-05,9.597748962542063e-05,0.0001022352230233281,0.00011472128294820472,0.00011799721610339375
2022-07-25,0.0,8.37562831448313e-05,8.764009391271088e-05,9.74492633307733e-05,0.0001035242561355787,0.0001156465252190042,0.00011961491881784525
2022-07-26,9.320000000000161e-06,8.550446649291388e-05,8.853283514875798e-05,9.915274345884129e-05,0.00010494171106723016,0.00011649447526917989,0.00011930683559913113
2022-07-27,9.979999999999711e-06,8.34454146767527e-05,8.771773152660423e-05,9.609370205376777e-05,0.0001021965455862972,0.00011437426169824683,0.00011734224490500544
2022-07-28,0.00012651999999999976,8.383399647216017e-05,8.496066941954261e-05,9.357500691731246e-05,9.943658602074024e-05,0.00011113393844874864,0.00011410433538516784
2022-07-29,0.0001722400000000006,8.59316835617463e-05,8.775654976611591e-05,9.307107677569704e-05,9.943658602074024e-05,0.00011213717726232808,0.00011630177519372786
2022-08-01,5.737000000000016e-06,8.701893853646503e-05,8.884330695835274e-05,9.357500691731246e-05,0.00010033958694610767,0.00011383439078516133,0.00011649447526917989
2022-08-02,5.106999999999855e-06,8.581517435857222e-05,8.861045536923129e-05,9.926886331457219e-05,0.00010504477903139353,0.00011657155269007013,0.00012119347154504467
2022-08-03,1.3300000000000811e-05,8.453334821800773e-05,8.705776358453043e-05,9.748798687736482e-05,0.00010396243241395098,0.00011687984746444613,0.0001226174824957571
2022-08-04,8.431740000000001e-05,8.294020168064797e-05,8.69412873052422e-05,9.578379471197884e-05,0.00010232546891630889,0.0001153766850829907,0.00012177083462105998
2022-08-05,0.00012930600000000004,8.511604758543179e-05,9.260585391523968e-05,9.915274345884129e-05,0.00010603667188480159,0.00011976895149468092,0.00012765516426682666
2022-08-08,1.944199999999994e-05,8.43390961569046e-05,9.21018011774688e-05,9.911403608819924e-05,0.00010620410995443308,0.00012034652100623155,0.00012784731606663158
2022-08-09,6.149999999999992e-05,8.569866174834573e-05,9.268339483092802e-05,0.00010313758998714562,0.00010974442140621044,0.00012292530985291705,0.0001282700174116691
2022-08-10,4.24500000000029e-05,8.569866174834573e-05,9.237322211363974e-05,0.00010174528107698144,0.00010764636195759181,0.00011942236959772146,0.00012765516426682666
2022-08-11,0.00027964929999999997,8.608702386680989e-05,9.287724051842972e-05,0.00010023639719736188,0.0001065003293032607,0.00011899872855791749,0.00012704021623055617
2022-08-12,0.00013084000000000012,8.612585799672168e-05,9.655851787537806e-05,0.00010042987578406937,0.0001069253012118132,0.00011988447209487774,0.0001269249029072217
2022-08-15,2.9900999999999713e-05,8.59316835617463e-05,9.675217513183121e-05,0.00010139712781742638,0.00010765923685651657,0.00012015400713782931,0.00012607916988516266
2022-08-16,4.9104000000000335e-05,8.632002296926622e-05,9.593875139590757e-05,0.00010422016065825268,0.00011006611197417193,0.00012173234635182162,0.00012742456987502315
2022-08-17,0.00017336399999999964,8.414483462493294e-05,9.54351201378767e-05,0.00010344692590780191,0.00010964147493908172,0.00012200175642851363,0.00012811631302001025
2022-08-18,0.00017453,8.391170828381256e-05,9.586127380734055e-05,0.0001045294125479046,0.00010998890860647315,0.00012088551036026907,0.00012607916988516266
2022-08-19,2.9660000000000797e-05,8.573749966367394e-05,0.00010000421049149999,0.00010518649312896144,0.00011072228021036246,0.00012177083462105998,0.00012665582550752674
2022-08-22,0.00010061999999999918,8.670832453105959e-05,0.00010070073002266255,0.00010785235534860327,0.0001134744362008,0.0001246948558000227,0.00012942261139747835
2022-08-23,1.2882000000000084e-05,8.531026177216461e-05,9.923015707191674e-05,0.00010839303733667371,0.00011378297069253307,0.0001245410134320668,0.00012838529181458114
2022-08-24,1.8841999999999817e-05,8.58928475391263e-05,9.988811206440573e-05,0.00010881780743443592,0.00011439996801243524,0.00012554088266569785,0.00012999878338804116
2022-08-25,2.7740000000000056e-05,8.729070592905508e-05,0.00010128106997053798,0.00010959000070798197,0.00011504257197492151,0.00012592538095690387,0.00012999878338804116
2022-08-26,2.789999999999737e-05,9.202424894239059e-05,0.0001036789120891779,0.00011105675576872365,0.00011604482726190746,0.00012600227616288429,0.00013111247971542284
2022-08-29,4.673400000000053e-05,9.349748335152341e-05,0.00010534108457815883,0.00011290872757530046,0.00011848516387291674,0.0001296146779850016,0.00013322380778646448
2022-08-30,7.767000000000017e-05,9.202424894239059e-05,0.00010445210182563613,0.00011514537899226518,0.00012029518488421154,0.00013057487207612795,0.00013556415484172746
2022-08-31,0.00019671300000000027,9.163646512400092e-05,0.00010356292068691708,0.00011464416972684077,0.00012002565939117638,0.00013076688313118368,0.0001358709836694061
2022-09-01,0.00017327100000000002,9.055046960670943e-05,0.00010325359377172383,0.00011553088168403391,0.00012091117470136581,0.00013165001482939864,0.0001368680142173062
2022-09-02,7.942000000000018e-05,9.636485120601002e-05,0.00010704119477544793,0.0001137958257777516,0.00011947371696607867,0.0001308052842319274,0.00013521894416657076
2022-09-06,5.038199999999986e-05,9.341995827716332e-05,0.00010723434322401637,0.00011479839467742892,0.00012068018967936744,0.00013241779636508078,0.00013732809803257418
2022-09-07,2.5509999999999422e-05,8.65141784802681e-05,0.00010433613292959443,0.00011911427149025045,0.0001242204894202903,0.00013441333626462715,0.00014066211791341487
2022-09-08,0.00011997200000000031,8.767891290872853e-05,0.00010514784432946733,0.00011842096363290366,0.00012405380674418431,0.0001352956602347355,0.00014024072919682773
2022-09-09,8.62199999999997e-05,0.00010000421049149999,0.0001102076475967273,0.00011888318227493144,0.00012536143743147043,0.0001382864353924873,0.00014276839330462643
2022-09-12,0.0,0.00010089418606407108,0.00011117252922820953,0.00012003849435204828,0.0001261816925399728,0.00013843974798288805,0.00014295981768830401
2022-09-13,2.647000000000066e-05,9.74492633307733e-05,0.0001104778380067728,0.00012742456987502315,0.0001341831326588938,0.00014766596417326028,0.00015301579868687298
2022-09-14,0.00026382300000000027,9.667471335861322e-05,0.00011009184609767075,0.0001254639785548406,0.0001331854299870816,0.00014858358893166113,0.0001533976550152083
2022-09-15,0.00010405000000000136,9.260585391523968e-05,0.00010997604123308413,0.0001244640900206484,0.00013252015605935696,0.00014858358893166113,0.00015542088284914435
2022-09-16,1.4929999999999805e-05,0.00010394954556414149,0.00011522248251449874,0.00012373324353665005,0.00013191875519558138,0.00014823950441078537,0.0001542757857220245
2022-09-19,1.3591000000000297e-05,0.00010062334497606962,0.00011414289740674377,0.00012223266485400508,0.00013168840742006083,0.00015053284017940705,0.00015774823267933336
2022-09-20,8.430000000000243e-06,9.884307396457181e-05,0.00011522248251449874,0.00013069007981947323,0.00013777535081715975,0.00015190820835164764,0.00015709976360556155
2022-09-21,6.370999999999807e-05,9.85333804013333e-05,0.00011529958454459255,0.00012853898583098378,0.00013634396516026825,0.00015190820835164764,0.00015843473198606794
2022-09-22,4.4138999999998596e-05,9.682963539892064e-05,0.00011448993880636138,0.0001262329528779471,0.0001348992779839353,0.00015217558593194624,0.00015851100238650773
2022-09-23,2.1909999999999985e-05,0.00010394954556414149,0.00011749636546154463,0.00012481023367794108,0.00013367152146948058,0.000151335195971658,0.00016064598110454575
2022-09-26,2.705999999999889e-06,0.00010387222358976267,0.00011888318227493144,0.00012777045645884222,0.00013597325469505428,0.00015232836506595682,0.00016125576497705296
2022-09-27,6.134499999999998e-05,0.00010364024866360566,0.00011815131132819623,0.00012992196526950828,0.00013786479535005114,0.00015370311373263945,0.00016121765621890383
2022-09-28,5.565000000000084e-05,9.930756918108408e-05,0.00011718811838701271,0.00013168840742006083,0.00013864415559461385,0.00015251933074589274,0.0001548865451408421
2022-09-29,0.0001475000000000018,9.83398097000876e-05,0.00011865207965633395,0.00012938419696895131,0.00013707250247141367,0.0001524047524361638,0.00015454300448691782
2022-09-30,4.433000000000041e-05,0.00010719571428330354,0.00012223266485400508,0.00012819316595691355,0.00013639509493157398,0.00015274847748192322,0.00015553537446511
2022-10-03,8.359999999998924e-06,0.0001080068434033965,0.00012338700630332156,0.00012696334105233298,0.0001357047876537898,0.00015313035942776665,0.0001546193494139647
2022-10-04,8.447999999999789e-05,0.00010897225806161259,0.0001215014089299693,0.00013249456638231294,0.0001401257972668546,0.0001553445532775921,0.00015450483147461114
2022-10-05,9.348199999999977e-05,0.0001080840851845899,0.0001208085163446615,0.00013237941080168625,0.00014013856764516497,0.00015561170038136396,0.00016117954709615745
2022-10-06,0.0002465159999999987,0.0001102076475967273,0.00012277139914695923,0.00013195714519698143,0.00014053442906880598,0.00015763380462852083,0.00016239885828395195
2022-10-07,3.122000000000194e-05,0.00011603197943044208,0.00012850056288260525,0.0001318419740832244,0.00014096855444689638,0.00015915924185461172,0.00016255124595176973
2022-10-11,2.7214999999999705e-05,0.00011583925698577247,0.00012900003231353097,0.00013429823612431946,0.00014287048745353914,0.0001599598626873533,0.00016594036504535836
2022-10-12,2.6654999999999995e-05,0.00011514537899226518,0.00013165001482939864,0.00014119836638237793,0.00014809931330939108,0.00016186545554819354,0.00016552164124217228
2022-10-13,0.00013091999999999965,0.00011483694998237759,0.0001331854299870816,0.00014403162432552463,0.00015148800733011392,0.00016635904485284847,0.0001723679604812567
2022-10-14,3.7169999999999564e-05,0.0001257331364490355,0.0001383630924249868,0.00014506487918697353,0.0001525702533815565,0.00016753872404895453,0.0001740777039176411
2022-10-17,0.0,0.00012527171178389196,0.00013874635546828884,0.0001472453155255682,0.0001544157596908846,0.0001687180541045663,0.00017434359808654598
2022-10-18,2.0209999999999673e-05,0.00012242507832049832,0.000138937973166664,0.00015313035942776665,0.00015913382268561982,0.00017111368221844891,0.00017434359808654598
2022-10-19,0.0,0.0001240794506864873,0.00013970435182564245,0.00015549721095853286,0.00016145900553299342,0.0001733559017238484,0.00017832988298560615
2022-10-20,0.00010559800000000015,0.0001245410134320668,0.00013978098158506924,0.00015568802483567623,0.00016578810693501644,0.00017544497067034648,0.00018056804676191973
2022-10-21,1.9699999999997497e-05,0.00013544908793972077,0.00014464395584523615,0.0001553445532775921,0.00016418904542603308,0.00017244396465820877,0.0001772293076010012
2022-10-24,0.0,0.00013564086426365307,0.00014464395584523615,0.00015641303424662745,0.0001651028734337423,0.0001744575472992782,0.00017908872342387028
2022-10-25,4.370000000000068e-06,0.00013356919134843714,0.00014341919869242936,0.00015816777408739213,0.0001643794435439716,0.00017514117415462493,0.00017772270657090417
2022-10-26,1.549100000000029e-05,0.00013276324979583087,0.00014529445499711358,0.0001568708669692498,0.00016338927396919445,0.00017392575642616315,0.00017669788653229546
2022-10-27,1.6663000000000094e-05,0.0001308052842319274,0.00014487355590731,0.00015744308390819306,0.0001664732226203114,0.0001727099678616728,0.00017472341612401188
2022-10-28,0.00010428000000000173,0.00014246209516133312,0.00015110596794509767,0.00015877793729224265,0.00016708211546623275,0.00017548294360625327,0.00017734317432438473
2022-10-31,3.906099999999996e-05,0.00014150476167995585,0.00015148800733011392,0.00015908298386113628,0.00016818549665487126,0.00017673584753041816,0.00017988535038604425
2022-11-01,7.873000000000255e-06,0.00014100685735640717,0.00015137339936055483,0.00016152251608070323,0.00016875609119892943,0.00017867137906613095,0.00018007500000094545
2022-11-02,4.689999999998168e-06,0.00013989592346108637,0.00015194640624738298,0.00016091277303109663,0.00016822353883316765,0.00017867137906613095,0.00018348715051597075
2022-11-03,0.0001222900000000006,0.00013460516244401255,0.00014919522139189567,0.00016079843582117448,0.00017145579726474125,0.000178443718264365,0.0001852300108875493
2022-11-04,0.00021390999999999945,0.0001425769597243054,0.00015187001008976075,0.00016015046298756275,0.00016974492823029763,0.00017779860868238906,0.00018394188323944682
2022-11-07,1.9766000000000922e-05,0.0001413132673799833,0.00015206099773745763,0.00015908298386113628,0.00017054342519373655,0.000178443718264365,0.00018557091616444588
2022-11-08,1.0621000000000588e-05,0.00013882300365342104,0.00015156441081187744,0.00016327500779889093,0.0001702392547413556,0.0001793922191410946,0.00018454811282642147
2022-11-09,0.00020478999999999983,0.0001368680142173062,0.00015175541310719076,0.00016338927396919445,0.00016963084417231933,0.0001792784109559964,0.00018390399082779396
2022-11-10,7.634000000000113e-05,0.00013886132719309607,0.00015030356598932926,0.00016312264780804497,0.0001698590090219998,0.0001766599251724621,0.0001776468030134648
2022-11-14,0.00022209300000000133,0.00014188772267353933,0.00015267209670088988,0.00016255124595176973,0.00017046738475734458,0.00017677380816705224,0.00017958189222677667
2022-11-15,7.28499999999993e-05,0.0001427301073242404,0.0001539321924048931,0.00016468406161118665,0.00017073351993635022,0.00017757089801007098,0.00017867137906613095
2022-11-16,0.00021983500000000156,0.00014449088178669633,0.00015576434782826887,0.00016449367804827197,0.00017042936399502828,0.00017757089801007098,0.00017924047417183786
2022-11-17,0.00020676799999999997,0.00014651863597747727,0.0001559551489136446,0.0001645698325649647,0.00017293795647521648,0.000178443718264365,0.00018159187206912009
2022-11-18,2.923999999999982e-05,0.00015018892394702554,0.00016087466099223846,0.00016517901630885845,0.00017324192100343083,0.00017988535038604425,0.00018360083856183707
2022-11-21,0.00010902999999999954,0.00015083851857955466,0.0001599979834767673,0.0001638843895126474,0.00017331790851260465,0.00017988535038604425,0.00018401766698161737
2022-11-22,2.5319999999998816e-05,0.00015045641691502354,0.00016068409533054329,0.00016750067533211066,0.00017400173089621163,0.0001822742761612428,0.0001856087927283312
2022-11-23,5.5066000000000316e-05,0.0001502271383275744,0.00016026481879150012,0.00016761482039284736,0.0001724819662030086,0.0001822742761612428,0.00018447233917173733
2022-11-25,3.090850000000002e-05,0.00015736679306388446,0.00016266553287835883,0.00016727237540092865,0.00017609046137323503,0.00018238799881586942,0.0001845102261792686
2022-11-28,5.429999999998977e-06,0.00015648934335343867,0.00016186545554819354,0.00017096162165786133,0.00017533104969102986,0.00018360083856183707,0.0001843965640759837
2022-11-29,8.471600000000009e-05,0.00015511555578973102,0.00016037917131384027,0.00017027727731755427,0.00017491331156738177,0.00018348715051597075,0.0001839797752907213
2022-11-30,0.00027135000000000006,0.00015412308123874396,0.00016007422396158155,0.0001695167568480649,0.00017650807611646613,0.00018269124336178777,0.00018348715051597075
2022-12-01,0.00016763059999999998,0.0001533976550152083,0.00016110332775709502,0.00016769091528345825,0.0001747993753873356,0.0001807576638885866,0.0001806059709090757
2022-12-02,7.476500000000007e-05,0.00014843066614611544,0.00016110332775709502,0.0001678431007052783,0.00017441956459052221,0.00018159187206912009,0.0001816677005173073
2022-12-05,1.2629999999999586e-05,0.00014823950441078537,0.0001603029366636921,0.00016753872404895453,0.00017559686024304355,0.00018299446483238668,0.00018454811282642147
2022-12-06,3.6590000000001274e-05,0.0001456770519561168,0.00015713791176663605,0.0001697829555236119,0.00017517914998577133,0.00018371452336429783,0.00018341135668342723
2022-12-07,2.1275999999999977e-05,0.00014330435840648192,0.00015431396092835392,0.00016712016817987951,0.00017278596551562053,0.00018261543438868877,0.000181326461136333
2022-12-08,0.00015897399999999923,0.00014295981768830401,0.00015755751743573576,0.00016594036504535836,0.00017510319796176788,0.00018288075948480476,0.0001820468211151116
2022-12-09,4.328399999999934e-05,0.00014521793119670612,0.0001565656509991964,0.000166853791552235,0.0001757107736231056,0.00018341135668342723,0.00018257752936134963
2022-12-12,5.7700000000004276e-06,0.00014579182388074763,0.00015755751743573576,0.0001666635116297499,0.0001770774802416497,0.00018507848806903482,0.00018454811282642147
2022-12-13,4.020799999999991e-05,0.00014762772522214362,0.00015645118898266475,0.00016928857239961737,0.00017639418552706232,0.00018269124336178777,0.00017999914123811855
2022-12-14,0.00018724799999999923,0.00014801009822229538,0.0001555735376059797,0.00016879412793024962,0.00017749499156072268,0.00018208473119107893,0.00018049219738469624
2022-12-15,6.787999999999933e-05,0.00014950100241906128,0.00016079843582117448,0.0001681094112087056,0.00017669788653229546,0.00018216055026121225,0.00018068181812069817
2022-12-16,7.192999999999956e-05,0.0001495774440096742,0.00016018858195354646,0.0001667776806735244,0.00017559686024304355,0.00018170561420016718,0.00017878520458958214
2022-12-19,6.646199999999977e-05,0.00014938633728367456,0.00015992174153334204,0.00016643516372805145,0.00017601452671756057,0.0001816677005173073,0.00018049219738469624
2022-12-20,3.57345e-05,0.00014682462246606853,0.0001591973703041205,0.0001692125080130502,0.00017517914998577133,0.00018261543438868877,0.00018007500000094545
2022-12-21,0.0001361900000000013,0.0001455622767256859,0.00015858727132722628,0.00016822353883316765,0.00017700156439248715,0.00018159187206912009,0.0001787472631096243
2022-12-22,0.0,0.00014533271634609157,0.00015778637463270684,0.0001682996221004096,0.00017700156439248715,0.00018147812669111474,0.0001807576638885866
2022-12-23,2.765299999999988e-05,0.00014472049066927006,0.00015912111304028365,0.00016841374427745137,0.00017738112917564663,0.00018159187206912009,0.00018121270818194368
2022-12-27,7.60380000000005e-05,0.00014353403566880196,0.00016117954709615745,0.00016750067533211066,0.00017924047417183786,0.00018185726532493618,0.00018253962397341006
2022-12-28,7.979999999999446e-06,0.00014146646355617243,0.00016232266226468006,0.00017305194589067874,0.000179126661652651,0.00018409344928294047,0.00018238799881586942
2022-12-29,0.0001385300000000013,0.0001408536435085761,0.00016270362779202685,0.00017175987487161315,0.00018125062619422927,0.00018337345922647685,0.00018193308872316294
2022-12-30,6.242199999999991e-05,0.00015580250877622603,0.0001697829555236119,0.0001710756676223113,0.00018185726532493618,0.00018481330927189177,0.0001835250468915639
2023-01-03,3.39629999999997e-05,0.00015648934335343867,0.00016879412793024962,0.0001698590090219998,0.00018174352752242662,0.0001852678906919536,0.00018276705089270706
2023-01-04,5.011000000000078e-05,0.00015774823267933336,0.00016963084417231933,0.0001752930753076143,0.00018109895198015202,0.0001856087927283312,0.0001826533390556495
2023-01-05,0.00015630999999999978,0.00016091277303109663,0.00017255796820547786,0.00017931634737888835,0.0001845102261792686,0.00018791858258015992,0.00018500272449917254
2023-01-06,2.2279999999999522e-05,0.00016361779647988683,0.00017544497067034648,0.00017946808945867865,0.0001841313398929234,0.00018723714448376505,0.00018280495411726605
2023-01-09,0.00018990259999999997,0.00016487443607848817,0.00017582468374710558,0.00017905078483382297,0.0001835250468915639,0.00018731286558271165,0.0001822742761612428
2023-01-10,0.0,0.00016590230106316994,0.00017681176844197566,0.00018181935308492214,0.00018488907644331753,0.00018935679154563623,0.0001843965640759837
2023-01-11,2.1579999999998475e-05,0.00016521708720085293,0.00017677380816705224,0.00018140229463536883,0.00018466177060716404,0.00018875129314244177,0.00018367662879059665
2023-01-12,0.00011729700000000015,0.0001651028734337423,0.0001744955296461015,0.00017882314570805136,0.00018394188323944682,0.00018598753856702288,0.00018159187206912009
2023-01-13,3.569700000000033e-05,0.00017263396875843995,0.00017673584753041816,0.00017924047417183786,0.00018363873385629503,0.00018598753856702288,0.0001822742761612428
2023-01-17,2.1549999999997786e-06,0.00017377380314043123,0.00017749499156072268,0.000179126661652651,0.00018341135668342723,0.00018557091616444588,0.00018162978647362493
2023-01-18,0.0,0.00017305194589067874,0.0001771533946444137,0.00018041634656373873,0.00018208473119107893,0.0001864041174148845,0.0001803784206118042
2023-01-19,0.00012109100000000025,0.0001723679604812567,0.00017753294496625216,0.00018098519253073597,0.00018394188323944682,0.00018700997255316487,0.00018140229463536883
2023-01-20,2.267000000000241e-05,0.0001768876879071346,0.00017878520458958214,0.00018083350821274102,0.0001841313398929234,0.00018712356013739218,0.0001820468211151116
2023-01-23,0.0,0.000177267263536951,0.00017867137906613095,0.00018109895198015202,0.00018443445180382767,0.00018731286558271165,0.00018276705089270706
2023-01-24,2.266639999999999e-05,0.0001771533946444137,0.00017893696689652572,0.00018208473119107893,0.0001843207875391606,0.0001882214065549448,0.00018170561420016718
2023-01-25,9.715400000000012e-06,0.00017559686024304355,0.000178253990993138,0.000181326461136333,0.0001831839665351609,0.00018700997255316487,0.00018094727199247096
2023-01-26,6.969000000000072e-05,0.0001744955296461015,0.00017734317432438473,0.00018109895198015202,0.0001845102261792686,0.00018731286558271165,0.00018121270818194368
2023-01-27,1.6516999999999747e-05,0.00017669788653229546,0.00017867137906613095,0.00018140229463536883,0.0001845102261792686,0.00018754002024667926,0.00018147812669111474
2023-01-30,9.841000000000016e-05,0.00017650807611646613,0.00017867137906613095,0.00018079558623118608,0.0001845102261792686,0.000185798170147633,0.00018280495411726605
2023-01-31,1.8950000000000217e-05,0.00017559686024304355,0.00017855755029105858,0.00018200891067854386,0.00018371452336429783,0.00018731286558271165,0.00018174352752242662
2023-02-01,5.619999999999584e-06,0.00017559686024304355,0.00017832988298560615,0.0001806059709090757,0.00018310816693545284,0.0001867070564982587,0.00018079558623118608
2023-02-02,5.351999999999961e-05,0.0001736218440597792,0.00017696360592567295,0.00017999914123811855,0.00018333556140914808,0.00018549516195665028,0.00017996121131513831
2023-02-03,4.146000000000011e-05,0.00017681176844197566,0.00017878520458958214,0.0001807197411849426,0.00018481330927189177,0.000188032144267547,0.00018507848806903482
2023-02-06,6.740500000000042e-05,0.0001770774802416497,0.00017886108646547605,0.00018098519253073597,0.00018530577013620153,0.00018852420751858112,0.0001882214065549448
2023-02-07,1.7629999999999382e-05,0.00017696360592567295,0.00017886108646547605,0.00018238799881586942,0.00018500272449917254,0.00019075665431267375,0.00018912974042639696
2023-02-08,3.0260000000000703e-05,0.00017753294496625216,0.0001793922191410946,0.00018280495411726605,0.00018568454477607688,0.00019075665431267375,0.00018882698547462162
2023-02-09,0.00014834599999999885,0.00017886108646547605,0.00018102311270795646,0.00018382820492335306,0.00018788072796516175,0.00019090796137644084,0.00018909189731530773
2023-02-10,0.00020282200000000007,0.00017882314570805136,0.00018257752936134963,0.00018504060646429288,0.00018848635865653662,0.00019094578724465627,0.00018965950624849626
2023-02-13,0.0001489200000000003,0.0001786334365023734,0.0001826533390556495,0.0001852300108875493,0.00018909189731530773,0.00019457539982736805,0.00019056751240364989
2023-02-14,0.00012396256,0.0001770774802416497,0.00018223636788849973,0.00018553303924062625,0.00018894052127715888,0.00019446202446293803,0.0001932146825081027
2023-02-15,0.00024983899999999996,0.0001772293076010012,0.0001821226409064458,0.00018504060646429288,0.00018894052127715888,0.00019385730136667334,0.00019260977007617974
2023-02-16,8.780000000000072e-05,0.00017700156439248715,0.00018155395730379276,0.00018610115529904547,0.00019045402294848301,0.0001937439055688106,0.00019245852761917703
2023-02-17,0.00017751200000000033,0.000178253990993138,0.00018375241757762062,0.00018659345704086228,0.00019075665431267375,0.0001945376083976047,0.00019363050654397362
2023-02-21,8.220000000003225e-06,0.00017795040856838362,0.00018401766698161737,0.0001866691903724682,0.00019132402617971778,0.0001946131908987514,0.00019495329441432396
2023-02-22,1.7142000000000155e-05,0.00017684972835541046,0.00018322186579444733,0.00018712356013739218,0.0001912105582688728,0.0001974842641545571,0.00019608676320115315
2023-02-23,7.864799999999974e-05,0.00017605249422625313,0.00018288075948480476,0.00018727500521298346,0.00019276100679332941,0.00019706884209047537,0.0001947265619626215
2023-02-24,4.3659999999999186e-05,0.0001793922191410946,0.00018492695948868487,0.00018731286558271165,0.00019344150099787072,0.00019778636209299982,0.00019559563297777416
2023-02-27,0.00011908399999999977,0.000179126661652651,0.0001845102261792686,0.00018621476879188137,0.00019313907347573434,0.00019706884209047537,0.00019476435160048489
2023-02-28,0.00010047100000000041,0.000178216044454782,0.00018360083856183707,0.0001882214065549448,0.00019223165316972768,0.00019854150675513438,0.00019400849074457938
2023-03-01,5.7222e-05,0.000178216044454782,0.00018341135668342723,0.00018859990416442152,0.00019249633877160832,0.0001995229809264032,0.00019586009523497871
2023-03-02,0.00015696700000000004,0.0001779883576364938,0.0001831839665351609,0.00018867559937230105,0.00019495329441432396,0.00019899452487281977,0.00019563341437467408
2023-03-03,8.456000000000088e-05,0.00018174352752242662,0.0001847375406598406,0.00018890267636906266,0.00019457539982736805,0.0001988057735826665,0.0001947265619626215
2023-03-06,3.626889999999998e-05,0.00018162978647362493,0.00018443445180382767,0.0001887891394882768,0.00019495329441432396,0.00019929650834193957,0.00019574675641687023
2023-03-07,2.640999999999928e-05,0.00018288075948480476,0.00018644198605977103,0.00019412187901335365,0.0001986170133514431,0.00020446442674937337,0.00020171155258386086
2023-03-08,8.359600000000002e-05,0.00018170561420016718,0.00018651772226996322,0.00019499108190212944,0.00020046647817517638,0.00020529368726607267,0.0002028053878242453
2023-03-09,0.00016238000000000016,0.00017999914123811855,0.00018814570271863396,0.00019400849074457938,0.0002012965710045389,0.00020435133239793402,0.00020050421341899494
2023-03-10,7.618000000000034e-05,0.0001831839665351609,0.00018871344643711652,0.00019192913380927656,0.00019691776878349998,0.00019850375292063127,0.00018894052127715888
2023-03-13,2.2106000000000035e-05,0.00017620436064391676,0.00018500272449917254,0.00018719928339461234,0.00018920542557032682,0.00018610115529904547,0.0001667776806735244
2023-03-14,0.0002380100000000003,0.00016947872701411626,0.0001828428569812246,0.00018742644453317858,0.00019174004754551888,0.00018894052127715888,0.00017373581391355586
2023-03-15,3.440800000000053e-05,0.0001633130968865526,0.0001766599251724621,0.00018435867598776134,0.00018924326760316745,0.00018208473119107893,0.00016624486381333625
2023-03-16,0.0001708000000000022,0.00016007422396158155,0.00017829193717000535,0.00018257752936134963,0.00019158877207425817,0.00018981085497671302,0.00017441956459052221
2023-03-17,2.4649999999999325e-05,0.0001559551489136446,0.0001724819662030086,0.00017312793702251028,0.00018621476879188137,0.0001843207875391606,0.00016731042629780646
2023-03-20,8.071999999999593e-06,0.000166168741302819,0.00017426763013439484,0.00017924047417183786,0.00018848635865653662,0.00018530577013620153,0.00017035332138193304
2023-03-21,7.071999999999981e-05,0.000154581177133295,0.00017206392927593406,0.00018428289873062553,0.00018954599092979585,0.00019075665431267375,0.0001796577589332493
2023-03-22,7.379000000000066e-05,0.00015912111304028365,0.00017263396875843995,0.00018299446483238668,0.00018863775194821741,0.0001899621979568611,0.00017521712545498502
2023-03-23,8.14310000000003e-05,0.00015648934335343867,0.0001710756676223113,0.0001811747898088356,0.00018719928339461234,0.00018496484217389586,0.00016993506106866008
2023-03-24,7.270999999999667e-06,0.0001643413646481573,0.0001726719684913558,0.00018189517720434978,0.00018621476879188137,0.0001843207875391606,0.00016803332430948004
2023-03-27,0.0,0.00016258934195811925,0.00017073351993635022,0.00018424500956149004,0.0001906809986262914,0.00018761573559045175,0.00017502724448981155
2023-03-28,2.2536000000000084e-05,0.00016159872740195702,0.0001667776806735244,0.00018496484217389586,0.00018875129314244177,0.00018791858258015992,0.00017605249422625313
2023-03-29,0.0,0.0001633130968865526,0.000170201231802114,0.00018504060646429288,0.00018856205602135745,0.00018965950624849626,0.00017719135130356278
2023-03-30,0.00014140000000000073,0.00017555888839249079,0.000178216044454782,0.00018659345704086228,0.00019158877207425817,0.00018931895059082215,0.00017901284588273114
2023-03-31,3.799999999999984e-05,0.00018242590564621075,0.00018443445180382767,0.0001861390268231844,0.0001920803963602058,0.00018935679154563623,0.0001793922191410946
2023-04-03,1.8599999999997958e-06,0.00018049219738469624,0.00018424500956149004,0.00018375241757762062,0.0001926475797937588,0.00018901621001510271,0.0001791645995203872
2023-04-04,8.628599999999965e-05,0.00017901284588273114,0.00018458599911364004,0.0001892811092767399,0.00019075665431267375,0.00018632837904530852,0.00017430561429154778
2023-04-05,0.00012679300000000004,0.00017643214941864827,0.00018329766323121888,0.00018799429073124152,0.00018924326760316745,0.00018621476879188137,0.00017251996738543163
2023-04-06,0.00020015199999999988,0.00017229195485457538,0.0001820468211151116,0.0001892811092767399,0.00019098361275382558,0.0001915509523089387,0.00017514117415462493
2023-04-10,3.3834200000000016e-05,0.0001738497805077177,0.000185798170147633,0.00019370610625246698,0.0001960489861021486,0.00019253414956521553,0.00018140229463536883
2023-04-11,0.0,0.0001635416237659726,0.00018568454477607688,0.0001949155065681385,0.00019612453994199974,0.00019306346300873578,0.00018291866162778447
2023-04-12,2.074800000000012e-05,0.00016098899601502126,0.00018515425019849374,0.00019412187901335365,0.00019638896710083564,0.000191966949985245,0.00018147812669111474
2023-04-13,0.00015569999999999994,0.0001504182047333824,0.00018337345922647685,0.00019468877196637813,0.00019691776878349998,0.00019162659148053152,0.00018197099988115362
2023-04-14,4.162999999999736e-06,0.0001654835732598503,0.00019018920164981523,0.0001972576756701372,0.00019899452487281977,0.00019449981660946136,0.00018674492226455897
2023-04-17,1.6645999999999935e-05,0.00015576434782826887,0.00019087013514895723,0.00019771083975550496,0.00020227736691946774,0.0001956711954136381,0.00018776716196233778
2023-04-18,0.0,0.00014793362655751707,0.00019026486667383935,0.00020080608250583332,0.0002017492760391093,0.0001970310743006909,0.00018704783544087888
2023-04-19,0.0,0.00014605961218272512,0.00019003786729143712,0.0001994474914950306,0.00020024005920804555,0.00019710660952232395,0.00018700997255316487
2023-04-20,0.00010206699999999996,0.0001377114606357921,0.00018738858524280921,0.00019744650030206756,0.00020088154620445664,0.00019586009523497871,0.00018458599911364004
2023-04-21,1.7239999999999964e-05,0.00013069007981947323,0.00019291223777062605,0.00019805067900291462,0.00020118338670926939,0.0001960112086449861,0.00018515425019849374
2023-04-24,0.0,0.00013855472855461848,0.0001920425812607096,0.00019593565265640933,0.0002003155336265383,0.00019536893707239322,0.0001847375406598406
2023-04-25,4.078000000000068e-05,0.00015603146678988544,0.00019260977007617974,0.00019816395231186945,0.00019888127517164733,0.00019268538915229172,0.0001796577589332493
2023-04-26,5.638999999999991e-06,0.00014674812804682524,0.0001920803963602058,0.0001990322740579309,0.00019846599872819226,0.00019347930282420656,0.00018087142983347348
2023-04-27,2.3320000000000285e-05,0.0001652551577289163,0.00019215602548272592,0.0002009947390730904,0.00020088154620445664,0.00019578453638113835,0.00018602541117096472
2023-04-28,0.00011448099999999961,0.00016765286801967427,0.00019642674097686275,0.00019755979078639463,0.00020069288427815302,0.00019559563297777416,0.00018659345704086228
2023-05-01,2.7185000000000317e-06,0.00016966887255454033,0.00019555785122249425,0.00019555785122249425,0.0002012965710045389,0.00019729544131230625,0.00018875129314244177
2023-05-02,7.97000000000124e-06,0.00017061946417906704,0.0002033333387720937,0.00020220192964970352,0.00020008910608226849,0.0001943864390943073,0.00018409344928294047
2023-05-03,1.0866999999999474e-05,0.00017673584753041816,0.00020563288047203976,0.00020337104687762064,0.00020073061737790887,0.00019559563297777416,0.00018469965581346948
2023-05-04,0.00012733900000000062,0.00017673584753041816,0.00020578362374101822,0.00020374810830925405,0.0001991077713556777,0.0001937439055688106,0.00017973362419509975
2023-05-05,5.375000000000171e-05,0.0002110560488401969,0.00020171155258386086,0.0002036349936260784,0.0002009947390730904,0.0001975975535652985,0.00018504060646429288
2023-05-08,1.7536800000000018e-05,0.0002110560488401969,0.0001988057735826665,0.00020322021231455878,0.00020020232146267247,0.0001971821433122134,0.00018769144949581928
2023-05-09,6.904200000000006e-05,0.00021380247735147684,0.00019820170936601933,0.00020423823483661785,0.0002012588432633855,0.0001996362123919404,0.00018848635865653662
2023-05-10,2.758700000000079e-05,0.00021338875306287086,0.00019260977007617974,0.00020239052014625614,0.00019846599872819226,0.00019771083975550496,0.00018435867598776134
2023-05-11,0.00020622900000000005,0.00021395291189829635,0.00017616639458206684,0.0002005796828346007,0.00019929650834193957,0.00019801292051768726,0.00018435867598776134
2023-05-12,0.00022893700000000002,0.00021925210455520094,0.00018735072559250554,0.00020178699913731002,0.00020080608250583332,0.0001986170133514431,0.00018602541117096472
2023-05-15,0.00012881799999999973,0.00021624633534500504,0.00019049185312614014,0.00020027779659592682,0.00020069288427815302,0.00019971169824839485,0.000185798170147633
2023-05-16,5.159100000000014e-05,0.0002144793880938245,0.00019192913380927656,0.00020190016628918173,0.0001996739554988025,0.00020235280276104106,0.00019022703434146138
2023-05-17,0.00018857000000000075,0.00021226019572573307,0.0001922694664748814,0.00020348416905346944,0.00020133429838842254,0.00020416283467916685,0.00019083230856264954
2023-05-18,0.00018185800000000002,0.00020913618735218797,0.0001943108522921566,0.00020472830108753115,0.00020676331601698905,0.00020676331601698905,0.00019442423195781267
2023-05-19,2.4158999999999943e-05,0.0002129749858159613,0.0002025791017179479,0.00020337104687762064,0.00020755443013542596,0.00020597204480843345,0.00019434864587242195
2023-05-22,0.00010973270000000002,0.0002168476705908251,0.0002058966774505233,0.00020412513406542487,0.00020951270368985142,0.00020634886021775323,0.00019631341827452964
2023-05-23,1.8750000000001404e-05,0.00021662218050733095,0.00020197560927170954,0.00020600972795281614,0.00020702703817443435,0.00020725307184754627,0.00019710660952232395
2023-05-24,1.733200000000011e-05,0.0002219553597522239,0.0002005796828346007,0.00020691401652972452,0.00020717772871425844,0.00020853368720552545,0.00019854150675513438
2023-05-25,3.128999999999979e-05,0.00021883894570229323,0.00020250367016028115,0.00020766743361799733,0.00021120658710138684,0.0002099268305755242,0.00020254138611752737
2023-05-26,7.059999999999879e-05,0.0002161711620585205,0.00020491677206035952,0.00020578362374101822,0.00021120658710138684,0.00020939975252387555,0.00020412513406542487
2023-05-30,6.48186e-05,0.00020367269887722195,0.00020303166108126547,0.0002053690660290819,0.00021086786801638446,0.00021056676021302678,0.0002030693720416199
2023-05-31,0.00020312200000000002,0.000201447478397343,0.0002051429254619208,0.00020936210142386003,0.0002101526998292691,0.00021113131868166768,0.00020118338670926939
2023-06-01,0.0001824719999999995,0.00020239052014625614,0.00020521830707687094,0.00020815707834898056,0.00021060439993259017,0.000210303272219603,0.00019899452487281977
2023-06-02,5.6679999999999925e-05,0.00020269224637736727,0.00020676331601698905,0.00020845836828153885,0.00021120658710138684,0.00021263641701874114,0.0002030693720416199
2023-06-05,1.9450000000000066e-05,0.00020103246931491014,0.00020472830108753115,0.00020578362374101822,0.00020951270368985142,0.00021109368393879002,0.00020171155258386086
2023-06-06,2.6185000000000184e-05,0.00019831497838196377,0.00020148520435259165,0.00020623581933620905,0.0002083830479340243,0.0002099268305755242,0.00020231508501877826
2023-06-07,2.827100000000072e-05,0.00019468877196637813,0.00020095700847422293,0.00020563288047203976,0.000207780433896243,0.0002099268305755242,0.00020073061737790887
2023-06-08,0.00011129199999999981,0.0001974842641545571,0.00020084381453377986,0.0002036349936260784,0.0002074414234480848,0.00020827006474322118,0.00019956072510574074
2023-06-09,2.772499999999993e-05,0.0002009192775180857,0.0002039366256463282,0.0002036349936260784,0.00020891026047231698,0.00020860900470576205,0.00020118338670926939
2023-06-12,0.0,0.0002006174170063879,0.0002033333387720937,0.00020340875462654395,0.00020811941550569202,0.00020808175230624393,0.00020197560927170954
2023-06-13,4.2462000000000055e-05,0.00019857926023214567,0.0002009947390730904,0.00020355958205331426,0.00020593436130766918,0.0002071023841567765,0.0002030693720416199
2023-06-14,0.00022590659999999988,0.00019786188299897312,0.0002003910066155079,0.00020318250278150707,0.00020521830707687094,0.0002072154004588711,0.00020386121978188676
2023-06-15,0.00017728000000000015,0.00019687999956174984,0.00019956072510574074,0.00020205105082604646,0.00020567056682385676,0.00020646189789252922,0.00020197560927170954
2023-06-16,1.8297999999999925e-05,0.00019812619490000571,0.00020227736691946774,0.00020242823717464553,0.00020604741074103927,0.00020676331601698905,0.00020239052014625614
2023-06-20,6.553999999999761e-06,0.00019778636209299982,0.0002012588432633855,0.00020242823717464553,0.00020623581933620905,0.00020672563999823979,0.00020269224637736727
2023-06-21,6.211600000000008e-05,0.0001974842641545571,0.00020084381453377986,0.0002049544651852031,0.0002071023841567765,0.000209324449967907,0.00020348416905346944
2023-06-22,8.535299999999982e-05,0.00019657783290027986,0.00020122111516496233,0.00020510523411965131,0.00020834538722636076,0.00020928679815646056,0.00020491677206035952
2023-06-23,8.627000000000634e-06,0.00019782412272495442,0.00020344646201841954,0.00020510523411965131,0.00020823240296774514,0.00020909853376172016,0.00020329563030974107
2023-06-26,1.913800000000014e-05,0.00019782412272495442,0.0002030693720416199,0.00020567056682385676,0.00020834538722636076,0.0002096633002643955,0.00020389892289252032
2023-06-27,0.0,0.00019771083975550496,0.00020303166108126547,0.00020649957640506145,0.0002081947408363316,0.0002110560488401969,0.0002061604569671971
2023-06-28,0.0,0.00019774860110310932,0.00020299394976408536,0.00020612277524811873,0.000207780433896243,0.00021094314141234527,0.00020653725456121208
2023-06-29,0.00012340899999999967,0.00019937200063346872,0.000204803690546429,0.00020676331601698905,0.00020977624396034678,0.00021252355436041093,0.0002098515379793664
2023-06-30,3.656999999999966e-05,0.00020080608250583332,0.00020548213150051176,0.00020582130866730886,0.00020939975252387555,0.0002113194870652091,0.00020913618735218797
2023-07-03,4.8305000000000006e-05,0.00020107019919946012,0.00020506754242077818,0.00020544444336656476,0.00020947505365698227,0.0002116581677662488,0.0002102279867355339
2023-07-05,0.00011898799999999999,0.00020103246931491014,0.0002047659959953929,0.0002072154004588711,0.00020917384058694033,0.00021214732241103818,0.00020939975252387555
2023-07-06,7.88049999999995e-05,0.00020103246931491014,0.00020521830707687094,0.0002079687605724967,0.0002102279867355339,0.00021252355436041093,0.00021060439993259017
2023-07-07,0.000155002,0.0002035218757319157,0.00020608509317265877,0.00020827006474322118,0.0002102279867355339,0.0002122225716427728,0.00020962565165416613
2023-07-10,7.723000000000278e-06,0.0002035218757319157,0.0002061604569671971,0.00020834538722636076,0.00021052912013774794,0.00021248593276390615,0.00020909853376172016
2023-07-11,2.825599999999994e-05,0.00020359728801810917,0.00020702703817443435,0.00020917384058694033,0.00021007741150058656,0.00021305021942019664,0.00020924914598907662
2023-07-12,2.2761999999999956e-05,0.00020348416905346944,0.00020631118028013873,0.00020868432078269272,0.00020947505365698227,0.00021214732241103818,0.00020665028689204057
2023-07-13,0.0001010999999999998,0.0002033333387720937,0.00020627349998636468,0.00020853368720552545,0.00021000212174926425,0.00021109368393879002,0.0002039366256463282
2023-07-14,3.3477900000000054e-05,0.0002053690660290819,0.00020714005661348622,0.00020913618735218797,0.00021052912013774794,0.00021173342623526104,0.00020604741074103927
2023-07-17,0.0,0.0002049544651852031,0.00020732841355597387,0.00020883494866574814,0.00021041619777872889,0.00021150764656385768,0.00020593436130766918
2023-07-18,0.0,0.00020453982120050007,0.00020770510073342408,0.00020917384058694033,0.00021037855628125435,0.0002119591931151188,0.00020578362374101822
2023-07-19,1.6879999999999933e-05,0.00020423823483661785,0.00020766743361799733,0.00020917384058694033,0.00021034091442806435,0.00021184631127391107,0.00020578362374101822
2023-07-20,9.299799999999952e-05,0.000204803690546429,0.0002073660838761704,0.000209324449967907,0.00021079259319845,0.00021210969726248585,0.00020680099167935673
2023-07-21,0.0,0.00020740375384020737,0.00020872197828714079,0.00020962565165416613,0.00021090550489200055,0.0002122225716427728,0.0002068386669857869
2023-07-24,1.4916999999999708e-05,0.00020766743361799733,0.00020860900470576205,0.00020939975252387555,0.0002113947519308823,0.00021218494720454117,0.00020815707834898056
2023-07-25,1.660099999999977e-05,0.00020811941550569202,0.0002090608798155369,0.00021003976680278313,0.0002113571196757924,0.00021316306716334665,0.0002090608798155369
2023-07-26,1.3891900000000002e-05,0.00020732841355597387,0.00020883494866574814,0.0002101526998292691,0.0002114323838304788,0.0002129749858159613,0.00020811941550569202
2023-07-27,6.73449999999999e-05,0.0002072154004588711,0.00020860900470576205,0.00021011505584267454,0.0002119968196847566,0.00021353920322875197,0.00020879729222889054
2023-07-28,0.00010278000000000023,0.00020766743361799733,0.00020891026047231698,0.0002099268305755242,0.00021169579717850162,0.00021274927648073927,0.00020823240296774514
2023-07-31,2.8011000000000095e-05,0.00020759209831888725,0.00020879729222889054,0.00020962565165416613,0.0002118086832831878,0.00021263641701874114,0.00020842070828575032
2023-08-01,2.525500000000007e-05,0.0002079310959492986,0.00020887260474711233,0.0002098515379793664,0.000211883938909585,0.00021274927648073927,0.00020868432078269272
2023-08-02,9.04000000000009e-06,0.00020789343096994095,0.00020853368720552545,0.0002096633002643955,0.00021154527739741802,0.00021244831081213,0.00020804408875108038
2023-08-03,4.739000000000002e-05,0.00020759209831888725,0.00020853368720552545,0.00021011505584267454,0.0002118086832831878,0.00021210969726248585,0.00020834538722636076
2023-08-04,6.987599999999997e-05,0.00020804408875108038,0.00020909853376172016,0.0002098515379793664,0.0002113947519308823,0.00021120658710138684,0.00020672563999823979
2023-08-07,2.8550999999999924e-05,0.00020815707834898056,0.0002089855708555799,0.00021000212174926425,0.0002116205379987246,0.0002113947519308823,0.00020649957640506145
2023-08-08,8.545000000000427e-06,0.00020755443013542596,0.00020924914598907662,0.0002110560488401969,0.00021147001537480392,0.00021256117560164434,0.0002061604569671971
2023-08-09,8.385800000000002e-05,0.00020714005661348622,0.00020921149346597723,0.00021045383892048797,0.0002114323838304788,0.00021274927648073927,0.000206951690767454
2023-08-10,0.00014311560000000002,0.00020740375384020737,0.00020928679815646056,0.00021011505584267454,0.0002116205379987246,0.00021210969726248585,0.00020631118028013873
2023-08-11,0.00014183799999999993,0.00020815707834898056,0.00020909853376172016,0.0002099268305755242,0.0002116205379987246,0.00021203444589934506,0.0002070647113436852
2023-08-14,6.629199999999991e-05,0.00020834538722636076,0.00020928679815646056,0.000210303272219603,0.0002116205379987246,0.00021241068850530453,0.00020789343096994095
2023-08-15,0.0001462400000000006,0.00020804408875108038,0.00020924914598907662,0.0002106420392968822,0.0002113571196757924,0.0002132759117108307,0.00020755443013542596
2023-08-16,0.00015212300000000054,0.00020740375384020737,0.00020902322551341612,0.0002106420392968822,0.0002113571196757924,0.00021305021942019664,0.0002078557656346458
2023-08-17,0.00019069099999999978,0.00020747909270002474,0.0002089855708555799,0.00021052912013774794,0.00021210969726248585,0.00021252355436041093,0.00020770510073342408
2023-08-18,6.588366000000001e-05,0.00020815707834898056,0.00020928679815646056,0.00021041619777872889,0.000211883938909585,0.00021210969726248585,0.00020691401652972452
2023-08-21,1.886699999999967e-05,0.00020815707834898056,0.00020939975252387555,0.00021037855628125435,0.0002119968196847566,0.00021301260279571466,0.0002079310959492986
2023-08-22,1.5157000000000018e-05,0.00020811941550569202,0.00020943740326839766,0.0002110560488401969,0.00021214732241103818,0.00021376486782753723,0.0002086466629220851
2023-08-23,1.7760000000000345e-05,0.00020781809994341316,0.00020913618735218797,0.0002112818540993544,0.00021244831081213,0.00021316306716334665,0.0002073660838761704
2023-08-24,2.6020000000001597e-05,0.00020815707834898056,0.00020921149346597723,0.00021154527739741802,0.0002132759117108307,0.0002145545933012194,0.00020891026047231698
2023-08-25,0.00012613700000000012,0.0002086466629220851,0.00020958800268844335,0.0002119215661899876,0.00021368964771451004,0.00021526897199164452,0.00021049147970697568
2023-08-28,1.22220000000001e-05,0.00020872197828714079,0.0002096633002643955,0.00021259879648782842,0.00021417855307070965,0.00021572009255721447,0.00021098077757719658
2023-08-29,2.9090000000000713e-05,0.00020804408875108038,0.0002096633002643955,0.00021203444589934506,0.00021305021942019664,0.00021436657762152755,0.00020860900470576205
2023-08-30,0.0001609519999999998,0.0002081947408363316,0.000209324449967907,0.0002118086832831878,0.00021293736848138067,0.00021395291189829635,0.00020887260474711233
2023-08-31,0.00023412900000000002,0.00020845836828153885,0.00020909853376172016,0.00021169579717850162,0.00021289975079130663,0.00021301260279571466,0.00020823240296774514
2023-09-01,5.0541000000000084e-05,0.00020815707834898056,0.00020947505365698227,0.00021037855628125435,0.00021259879648782842,0.00021229781945342197,0.0002079310959492986
2023-09-05,4.0880999999999557e-05,0.00020804408875108038,0.00020936210142386003,0.00021056676021302678,0.0002128621327464053,0.00021368964771451004,0.00021019034346037024
2023-09-06,2.4520000000000097e-05,0.00020789343096994095,0.00020921149346597723,0.0002114323838304788,0.00021244831081213,0.00021425376395556306,0.00021026562965542617
2023-09-07,0.00013287399999999984,0.00020759209831888725,0.0002089855708555799,0.00021090550489200055,0.0002129749858159613,0.00021353920322875197,0.00020902322551341612
2023-09-08,7.014200000000003e-05,0.00020834538722636076,0.00020958800268844335,0.0002113947519308823,0.00021289975079130663,0.00021365203712542247,0.00020913618735218797
2023-09-11,0.0,0.00020834538722636076,0.00020977624396034678,0.00021098077757719658,0.00021267403719460454,0.0002136144261815076,0.000209324449967907
2023-09-12,3.9256000000000534e-05,0.00020811941550569202,0.00020955035336700512,0.0002116205379987246,0.00021226019572573307,0.00021395291189829635,0.00020951270368985142
2023-09-13,8.560000000000121e-06,0.00020808175230624393,0.00020962565165416613,0.0002114323838304788,0.00021233544282606154,0.0002140657340814478,0.00020939975252387555
2023-09-14,0.0002791679999999998,0.00020834538722636076,0.00020958800268844335,0.0002113947519308823,0.00021289975079130663,0.00021353920322875197,0.00020958800268844335
2023-09-15,3.953000000000116e-05,0.00020872197828714079,0.00020988918445530302,0.00021120658710138684,0.0002129749858159613,0.0002134263661368596,0.0002099268305755242
2023-09-18,1.4216200000000015e-05,0.00020872197828714079,0.00020977624396034678,0.00021116895306927397,0.0002129749858159613,0.0002136144261815076,0.00021052912013774794
2023-09-19,0.0,0.00020860900470576205,0.0002098515379793664,0.0002116205379987246,0.0002128621327464053,0.00021387769533487422,0.00021060439993259017
2023-09-20,6.327200000000137e-05,0.0002083830479340243,0.00020981389114771432,0.0002118086832831878,0.00021312545160401264,0.00021387769533487422,0.00021120658710138684
2023-09-21,3.155999999999992e-05,0.00020815707834898056,0.00020977624396034678,0.000211883938909585,0.00021338875306287086,0.00021395291189829635,0.00021116895306927397
2023-09-22,2.00020000000003e-05,0.00020853368720552545,0.00021026562965542617,0.0002118086832831878,0.0002135015912199112,0.00021402812704196528,0.00021101841338633243
2023-09-25,1.2813000000000407e-05,0.00020845836828153885,0.00021026562965542617,0.00021177105493674908,0.0002135015912199112,0.00021421615869066102,0.00021120658710138684
2023-09-26,6.312999999999978e-05,0.00020872197828714079,0.00021060439993259017,0.00021241068850530453,0.00021335113963405483,0.00021466739845088512,0.000211582907875707
2023-09-27,1.92429e-05,0.00020868432078269272,0.00021067967830545875,0.00021259879648782842,0.0002136144261815076,0.00021508099001543712,0.00021259879648782842
2023-09-28,0.00013388599999999973,0.00020834538722636076,0.00021037855628125435,0.00021169579717850162,0.00021348654631681008,0.00021432897342110735,0.0002116581677662488
2023-09-29,3.300199999999986e-05,0.00020853368720552545,0.0002110560488401969,0.0002116205379987246,0.00021338875306287086,0.00021444178495788613,0.0002113571196757924
2023-10-02,5.048899999999992e-06,0.00020845836828153885,0.00021113131868166768,0.0002119591931151188,0.00021387769533487422,0.00021523137630574674,0.00021278689559123265
2023-10-03,7.359000000000011e-05,0.00020830772616275972,0.00021083023078527496,0.00021282451434645466,0.00021365203712542247,0.00021568250112724563,0.0002123730658432077
2023-10-04,4.571000000000089e-06,0.0002083830479340243,0.000210303272219603,0.00021259879648782842,0.00021353920322875197,0.00021519378026524372,0.00020955035336700512
2023-10-05,0.00018024100000000004,0.00020827006474322118,0.00021094314141234527,0.00021256117560164434,0.0002140657340814478,0.00021462979708908314,0.00020827006474322118
2023-10-06,0.00015526000000000081,0.00020988918445530302,0.00021229781945342197,0.00021312545160401264,0.00021478020040754942,0.00021572009255721447,0.00020973859641726378
2023-10-10,1.994900000000001e-05,0.00020977624396034678,0.0002119968196847566,0.00021233544282606154,0.00021384008652058917,0.00021429136886585987,0.00020725307184754627
2023-10-11,6.0728000000000344e-05,0.00020936210142386003,0.00021147001537480392,0.00021259879648782842,0.0002139153037938879,0.00021478020040754942,0.00020804408875108038
2023-10-12,0.00010267100000000036,0.000209324449967907,0.0002113194870652091,0.0002128621327464053,0.00021429136886585987,0.00021545694510027857,0.00020970094851868737
2023-10-13,3.964999999999871e-06,0.00021007741150058656,0.0002112442207780063,0.0002123730658432077,0.00021387769533487422,0.0002149681965730732,0.0002089855708555799
2023-10-16,2.9100000000000653e-05,0.000209324449967907,0.00021094314141234527,0.0002123730658432077,0.00021387769533487422,0.00021500579474187376,0.00020958800268844335
2023-10-17,0.0,0.00020917384058694033,0.00021083023078527496,0.00021289975079130663,0.00021425376395556306,0.0002160959873540591,0.0002119591931151188
2023-10-18,0.0,0.00020887260474711233,0.00021011505584267454,0.00021241068850530453,0.0002136144261815076,0.00021549453865810086,0.0002113947519308823
2023-10-19,8.106400000000048e-05,0.00020894791584180616,0.00020996447634025195,0.0002119968196847566,0.0002132759117108307,0.00021474260011022928,0.00021056676021302678
2023-10-20,3.0449999999999575e-05,0.000209324449967907,0.00021075495525635368,0.0002113947519308823,0.00021278689559123265,0.0002137272579485483,0.00020947505365698227
2023-10-23,0.0,0.000209324449967907,0.00021075495525635368,0.00021116895306927397,0.00021278689559123265,0.00021421615869066102,0.0002096633002643955
2023-10-24,2.129100000000054e-05,0.00020879729222889054,0.00021060439993259017,0.00021173342623526104,0.0002128621327464053,0.0002148929991712123,0.0002102279867355339
2023-10-25,5.389999999999215e-06,0.00020868432078269272,0.00021060439993259017,0.0002118086832831878,0.00021338875306287086,0.00021508099001543712,0.00021075495525635368
2023-10-26,1.4089999999999589e-05,0.00020853368720552545,0.0002101526998292691,0.00021169579717850162,0.0002130878356896293,0.00021425376395556306,0.00020936210142386003
2023-10-27,1.7842000000000552e-05,0.00020902322551341612,0.0002110560488401969,0.0002116205379987246,0.00021312545160401264,0.00021432897342110735,0.000209324449967907
2023-10-30,9.989999999999999e-05,0.00020872197828714079,0.00021094314141234527,0.00021177105493674908,0.00021338875306287086,0.00021462979708908314,0.00020988918445530302
2023-10-31,6.488799999999992e-05,0.00020849602792138988,0.00021101841338633243,0.00021203444589934506,0.00021353920322875197,0.00021519378026524372,0.00021101841338633243
2023-11-01,4.580000000000556e-06,0.00020857134613350148,0.00021049147970697568,0.0002112442207780063,0.00021338875306287086,0.00021417855307070965,0.00020830772616275972
2023-11-02,6.453000000000014e-05,0.00020834538722636076,0.00020958800268844335,0.0002102279867355339,0.00021259879648782842,0.00021353920322875197,0.00020808175230624393
2023-11-03,4.526199999999904e-05,0.00020872197828714079,0.00020947505365698227,0.0002098515379793664,0.0002116205379987246,0.0002116205379987246,0.00020461521422499018
2023-11-06,3.2602000000000065e-05,0.0002086466629220851,0.0002096633002643955,0.00020970094851868737,0.0002113947519308823,0.000211883938909585,0.00020623581933620905
2023-11-07,1.8231000000000063e-05,0.00020842070828575032,0.00020955035336700512,0.00021034091442806435,0.00021086786801638446,0.00021226019572573307,0.00020612277524811873
2023-11-08,4.839899999999997e-05,0.00020830772616275972,0.00020894791584180616,0.00020996447634025195,0.0002106420392968822,0.00021233544282606154,0.00020661260980459062
2023-11-09,0.00018958400000000132,0.00020827006474322118,0.00020921149346597723,0.00020981389114771432,0.0002113947519308823,0.0002122225716427728,0.00020834538722636076
2023-11-10,0.00015295000000000065,0.00020872197828714079,0.00020939975252387555,0.00020913618735218797,0.00021109368393879002,0.0002119215661899876,0.00020827006474322118
2023-11-13,6.157480000000006e-05,0.00020872197828714079,0.00020939975252387555,0.00020970094851868737,0.0002113194870652091,0.00021229781945342197,0.0002079310959492986
2023-11-14,0.00020732000000000042,0.00020811941550569202,0.00020894791584180616,0.00020936210142386003,0.00020988918445530302,0.00021003976680278313,0.0002030693720416199
2023-11-15,0.00017748200000000007,0.00020830772616275972,0.0002086466629220851,0.00020947505365698227,0.00021011505584267454,0.0002102279867355339,0.00020416283467916685
2023-11-16,0.0002331201000000001,0.00020827006474322118,0.00020842070828575032,0.00020902322551341612,0.00020981389114771432,0.00020921149346597723,0.00020269224637736727
2023-11-17,7.156999999999997e-05,0.0002086466629220851,0.0002089855708555799,0.0002087596354358734,0.00021011505584267454,0.00020939975252387555,0.00020318250278150707
2023-11-20,9.923100000000084e-05,0.00020872197828714079,0.00020928679815646056,0.00020891026047231698,0.0002102279867355339,0.00021037855628125435,0.00020367269887722195
2023-11-21,2.2906999999999962e-05,0.00020842070828575032,0.00020857134613350148,0.00020943740326839766,0.00020988918445530302,0.00021041619777872889,0.0002033333387720937
2023-11-22,5.084800000000004e-05,0.00020853368720552545,0.00020860900470576205,0.00020981389114771432,0.00021003976680278313,0.0002113194870652091,0.0002042005349363052
2023-11-24,2.5086099999999936e-05,0.00020902322551341612,0.00020917384058694033,0.00020962565165416613,0.00021079259319845,0.0002116205379987246,0.00020427593438054892
2023-11-27,1.6283999999999656e-05,0.00020913618735218797,0.00020909853376172016,0.00020962565165416613,0.00021052912013774794,0.00021120658710138684,0.00020371040377153982
2023-11-28,3.2000000000000778e-06,0.00020849602792138988,0.0002090608798155369,0.0002096633002643955,0.00021007741150058656,0.00021034091442806435,0.00020073061737790887
2023-11-29,0.00016212330000000012,0.0002083830479340243,0.00020894791584180616,0.00020887260474711233,0.00020970094851868737,0.00020902322551341612,0.00019797516167474605
2023-11-30,0.00032142900000000025,0.00020845836828153885,0.00020891026047231698,0.00020883494866574814,0.00021000212174926425,0.0002089855708555799,0.00019899452487281977
2023-12-01,8.126199999999948e-05,0.00020853368720552545,0.00020879729222889054,0.00020827006474322118,0.00020902322551341612,0.00020740375384020737,0.00019540672061890696
2023-12-04,2.814999999999762e-06,0.00020853368720552545,0.00020879729222889054,0.00020842070828575032,0.00020970094851868737,0.00020868432078269272,0.00019755979078639463
2023-12-05,4.677860000000002e-05,0.00020823240296774514,0.00020808175230624393,0.0002089855708555799,0.0002089855708555799,0.00020823240296774514,0.00019631341827452964
2023-12-06,2.9048000000000268e-05,0.00020781809994341316,0.00020766743361799733,0.0002089855708555799,0.0002090608798155369,0.0002080064248397573,0.00019650228765466515
2023-12-07,0.00017484999999999896,0.00020766743361799733,0.00020823240296774514,0.0002087596354358734,0.000209324449967907,0.0002073660838761704,0.00019574675641687023
2023-12-08,2.2527999999999958e-05,0.00020853368720552545,0.00020917384058694033,0.0002086466629220851,0.0002099268305755242,0.0002083830479340243,0.00019899452487281977
2023-12-11,4.987000000000134e-06,0.00020845836828153885,0.00020917384058694033,0.00020860900470576205,0.00020970094851868737,0.0002087596354358734,0.0001990700228855502
2023-12-12,4.111799999999971e-05,0.00020755443013542596,0.00020917384058694033,0.00020928679815646056,0.00020928679815646056,0.00020902322551341612,0.0001990700228855502
2023-12-13,1.9210000000000407e-05,0.00020714005661348622,0.00020883494866574814,0.0002083830479340243,0.00020827006474322118,0.00020608509317265877,0.00019192913380927656
2023-12-14,0.00022311399999999995,0.00020653725456121208,0.00020872197828714079,0.00020804408875108038,0.0002086466629220851,0.00020544444336656476,0.00019098361275382558
2023-12-15,5.507579e-05,0.00020804408875108038,0.00020917384058694033,0.00020834538722636076,0.00020902322551341612,0.00020638653979898613,0.0001922694664748814
2023-12-18,1.1958000000000281e-05,0.00020717772871425844,0.00020872197828714079,0.00020853368720552545,0.00020921149346597723,0.00020698936464902395,0.00019283662299951487
2023-12-19,8.13910000000001e-05,0.00020676331601698905,0.0002083830479340243,0.00020887260474711233,0.0002083830479340243,0.00020649957640506145,0.00019200476580238934
2023-12-20,0.00011011000000000007,0.00020665028689204057,0.00020766743361799733,0.00020849602792138988,0.00020827006474322118,0.0002058966774505233,0.00019045402294848301
2023-12-21,3.369999999999068e-06,0.00020691401652972452,0.00020755443013542596,0.0002079687605724967,0.00020842070828575032,0.00020506754242077818,0.00018856205602135745
2023-12-22,0.0,0.0002078557656346458,0.00020879729222889054,0.0002079310959492986,0.00020842070828575032,0.0002049544651852031,0.00018829710895307272
2023-12-26,5.32399999999926e-06,0.00020811941550569202,0.0002090608798155369,0.00020770510073342408,0.00020849602792138988,0.0002042005349363052,0.00018746430346405774
2023-12-27,0.0002374199999999999,0.00020789343096994095,0.00020913618735218797,0.00020868432078269272,0.0002083830479340243,0.00020386121978188676,0.00018534364922051516
2023-12-28,0.00011609689999999998,0.00020827006474322118,0.0002089855708555799,0.00020853368720552545,0.0002086466629220851,0.00020404973176790797,0.00018655558983549092
2023-12-29,4.903399999999988e-05,0.00020894791584180616,0.00020939975252387555,0.00020687634193583548,0.00020842070828575032,0.0002035218757319157,0.00018492695948868487
2024-01-02,3.130999999999967e-05,0.00020849602792138988,0.00020917384058694033,0.00020789343096994095,0.00020830772616275972,0.00020340875462654395,0.00018625263923621738
2024-01-03,4.090699999999975e-05,0.0002080064248397573,0.00020913618735218797,0.00020868432078269272,0.00020808175230624393,0.00020408743309507926,0.0001866691903724682
2024-01-04,0.00013062199999999994,0.00020766743361799733,0.00020891026047231698,0.00020853368720552545,0.00020811941550569202,0.00020397432804375448,0.00018799429073124152
2024-01-05,0.0,0.00020827006474322118,0.0002089855708555799,0.00020827006474322118,0.00020781809994341316,0.00020348416905346944,0.000188032144267547
2024-01-08,2.0080000000000445e-05,0.00020834538722636076,0.00020917384058694033,0.00020823240296774514,0.00020774276749269127,0.00020314479289185172,0.00018750216203522463
2024-01-09,0.00013609600000000005,0.00020823240296774514,0.0002087596354358734,0.00020849602792138988,0.00020770510073342408,0.00020348416905346944,0.00018769144949581928
2024-01-10,2.6467000000000504e-05,0.00020789343096994095,0.00020853368720552545,0.00020827006474322118,0.00020729074287983984,0.00020318250278150707,0.00018727500521298346
2024-01-11,3.3268000000000035e-05,0.00020789343096994095,0.00020830772616275972,0.00020804408875108038,0.000206951690767454,0.00020261681696132072,0.00018519213072321072
2024-01-12,8.436210000000008e-05,0.00020834538722636076,0.00020879729222889054,0.00020725307184754627,0.00020634886021775323,0.00020069288427815302,0.00018068181812069817
2024-01-16,1.4610999999999878e-05,0.00020860900470576205,0.00020917384058694033,0.00020762976614641104,0.0002071023841567765,0.0002016738287715647,0.00018344925377977717
2024-01-17,1.943200000000065e-05,0.00020830772616275972,0.00020845836828153885,0.00020789343096994095,0.00020747909270002474,0.00020216421047947186,0.00018712356013739218
2024-01-18,8.02100000000007e-05,0.00020747909270002474,0.00020811941550569202,0.00020766743361799733,0.00020725307184754627,0.00020212649095197044,0.00018742644453317858
2024-01-19,5.5370000000000766e-05,0.00020815707834898056,0.00020872197828714079,0.00020747909270002474,0.00020755443013542596,0.00020276767436544496,0.00018882698547462162
2024-01-22,0.0,0.00020815707834898056,0.00020860900470576205,0.00020755443013542596,0.00020755443013542596,0.0002025791017179479,0.0001887891394882768
2024-01-23,2.1408000000000104e-05,0.00020811941550569202,0.00020827006474322118,0.00020770510073342408,0.00020740375384020737,0.0002024659538459872,0.0001880699974441402
2024-01-24,8.243800000000065e-06,0.00020762976614641104,0.00020815707834898056,0.00020770510073342408,0.00020747909270002474,0.00020276767436544496,0.00018700997255316487
2024-01-25,5.5780000000000066e-05,0.00020766743361799733,0.00020842070828575032,0.00020729074287983984,0.00020702703817443435,0.00020171155258386086,0.00018458599911364004
2024-01-26,0.0,0.00020804408875108038,0.00020849602792138988,0.00020747909270002474,0.00020714005661348622,0.00020216421047947186,0.00018557091616444588
2024-01-29,1.7426000000000073e-05,0.0002079687605724967,0.00020879729222889054,0.0002074414234480848,0.000206951690767454,0.00020133429838842254,0.00018492695948868487
2024-01-30,8.576329999999998e-05,0.0002078557656346458,0.00020887260474711233,0.00020759209831888725,0.00020732841355597387,0.0002017492760391093,0.0001859496656029247
2024-01-31,3.0259999999997234e-05,0.00020789343096994095,0.00020853368720552545,0.00020740375384020737,0.00020638653979898613,0.00020024005920804555,0.00018325976469313332
2024-02-01,5.007999999999922e-05,0.00020789343096994095,0.00020842070828575032,0.00020766743361799733,0.00020634886021775323,0.00020042874257408805,0.0001821984592551562
2024-02-02,4.534000000000135e-05,0.00020834538722636076,0.00020879729222889054,0.000207780433896243,0.00020755443013542596,0.0002030693720416199,0.00018712356013739218
2024-02-05,1.4675999999999925e-05,0.00020834538722636076,0.00020879729222889054,0.00020842070828575032,0.00020762976614641104,0.0002036349936260784,0.00018882698547462162
2024-02-06,2.6803000000000157e-05,0.0002079310959492986,0.00020887260474711233,0.0002081947408363316,0.00020732841355597387,0.00020318250278150707,0.00018716142194574736
2024-02-07,1.4748999999999665e-05,0.0002080064248397573,0.00020853368720552545,0.0002081947408363316,0.00020729074287983984,0.00020318250278150707,0.00018727500521298346
2024-02-08,0.00012372069999999993,0.00020789343096994095,0.00020872197828714079,0.00020834538722636076,0.0002074414234480848,0.00020374810830925405,0.00018784287299045133
2024-02-09,9.606099999999972e-05,0.00020834538722636076,0.00020879729222889054,0.00020827006474322118,0.00020781809994341316,0.00020435133239793402,0.00018882698547462162
2024-02-12,1.2091599999999978e-05,0.00020834538722636076,0.0002089855708555799,0.00020842070828575032,0.0002079310959492986,0.00020502985036552346,0.00018924326760316745
2024-02-13,0.00011480999999999991,0.00020804408875108038,0.00020924914598907662,0.00020887260474711233,0.00020909853376172016,0.00020691401652972452,0.0001941596743861851
2024-02-14,0.00018589599999999963,0.0002080064248397573,0.00020845836828153885,0.0002081947408363316,0.00020845836828153885,0.00020619813832989387,0.00019219383950552782
2024-02-15,0.00022269599999999966,0.00020789343096994095,0.00020860900470576205,0.00020815707834898056,0.00020842070828575032,0.00020597204480843345,0.000191966949985245
2024-02-16,0.00015424699999999972,0.00020834538722636076,0.00020879729222889054,0.00020842070828575032,0.00020883494866574814,0.00020653725456121208,0.00019344150099787072
2024-02-20,3.5211999999999744e-05,0.00020842070828575032,0.00020887260474711233,0.00020789343096994095,0.00020868432078269272,0.00020612277524811873,0.00019185350038042337
2024-02-21,4.412299999999986e-05,0.00020857134613350148,0.00020883494866574814,0.00020868432078269272,0.0002087596354358734,0.00020668796362333097,0.00019298785110710703
2024-02-22,5.066999999999919e-05,0.00020845836828153885,0.00020891026047231698,0.00020894791584180616,0.00020872197828714079,0.00020687634193583548,0.00019419746940019245
2024-02-23,2.1380400000000016e-05,0.0002086466629220851,0.00020909853376172016,0.00020913618735218797,0.00020891026047231698,0.00020687634193583548,0.00019363050654397362
2024-02-26,3.597299999999991e-05,0.00020872197828714079,0.00020939975252387555,0.000209324449967907,0.000209324449967907,0.00020725307184754627,0.00019483992980107168
2024-02-27,1.4335999999999993e-05,0.00020879729222889054,0.0002096633002643955,0.00020853368720552545,0.00020909853376172016,0.00020653725456121208,0.00019514222826977345
2024-02-28,9.238200000000001e-05,0.00020849602792138988,0.00020921149346597723,0.00020830772616275972,0.00020887260474711233,0.00020604741074103927,0.00019400849074457938
2024-02-29,0.00022432500000000005,0.0002086466629220851,0.00020921149346597723,0.00020770510073342408,0.00020827006474322118,0.00020551981927807716,0.00019427305835328923
2024-03-01,5.8265999999999527e-05,0.00020789343096994095,0.00020883494866574814,0.00020740375384020737,0.000207780433896243,0.00020431363356743226,0.00019124838126494126
2024-03-04,3.447900000000002e-05,0.000207780433896243,0.00020872197828714079,0.00020759209831888725,0.00020815707834898056,0.00020559519376384117,0.00019359270615204593
2024-03-05,2.2659999999999e-05,0.00020729074287983984,0.00020811941550569202,0.0002079310959492986,0.0002074414234480848,0.00020525599734977362,0.0001921182111008779
2024-03-06,7.309499999999958e-05,0.0002074414234480848,0.00020827006474322118,0.0002079310959492986,0.00020747909270002474,0.0002051429254619208,0.00019253414956521553
2024-03-07,0.00013886999999999927,0.00020714005661348622,0.00020815707834898056,0.00020808175230624393,0.00020717772871425844,0.00020502985036552346,0.0001915509523089387
2024-03-08,6.73449999999999e-05,0.00020770510073342408,0.00020853368720552545,0.00020789343096994095,0.0002073660838761704,0.00020472830108753115,0.00019132402617971778
2024-03-11,3.645000000000037e-06,0.00020751676159580512,0.00020845836828153885,0.00020845836828153885,0.000207780433896243,0.00020540675487601412,0.00019253414956521553
2024-03-12,3.3780000000000615e-05,0.00020747909270002474,0.00020830772616275972,0.00020830772616275972,0.00020774276749269127,0.000205745938458346,0.0001940462871925508
2024-03-13,4.02130000000001e-05,0.0002074414234480848,0.00020808175230624393,0.00020842070828575032,0.00020770510073342408,0.000205745938458346,0.00019476435160048489
2024-03-14,0.00026065600000000017,0.00020740375384020737,0.00020804408875108038,0.00020857134613350148,0.00020789343096994095,0.00020623581933620905,0.0001961623163246884
2024-03-15,3.245600000000015e-05,0.0002080064248397573,0.00020834538722636076,0.00020830772616275972,0.000207780433896243,0.00020612277524811873,0.00019654006045644046
2024-03-18,1.1136000000000132e-05,0.0002081947408363316,0.00020845836828153885,0.00020815707834898056,0.00020808175230624393,0.00020649957640506145,0.00019714437659623663
2024-03-19,0.0,0.00020804408875108038,0.00020830772616275972,0.00020823240296774514,0.0002078557656346458,0.00020665028689204057,0.00019710660952232395
2024-03-20,0.00013014100000000028,0.00020774276749269127,0.00020827006474322118,0.0002080064248397573,0.00020751676159580512,0.00020555750669903894,0.00019359270615204593
2024-03-21,2.232100000000006e-05,0.00020740375384020737,0.0002078557656346458,0.0002080064248397573,0.0002073660838761704,0.00020540675487601412,0.00019359270615204593
2024-03-22,4.8871999999999935e-05,0.00020751676159580512,0.00020823240296774514,0.00020751676159580512,0.00020717772871425844,0.00020491677206035952,0.00019260977007617974
2024-03-25,0.0,0.00020770510073342408,0.00020845836828153885,0.00020766743361799733,0.00020759209831888725,0.00020559519376384117,0.0001935171042921624
2024-03-26,0.0,0.0002073660838761704,0.00020830772616275972,0.0002074414234480848,0.00020755443013542596,0.00020555750669903894,0.00019381950312591378
2024-03-27,0.0001223280000000014,0.000206951690767454,0.00020789343096994095,0.00020732841355597387,0.00020770510073342408,0.00020563288047203976,0.00019359270615204593
2024-03-28,2.9425000000000024e-05,0.00020751676159580512,0.00020827006474322118,0.0002072154004588711,0.00020789343096994095,0.00020612277524811873,0.0001946131908987514
2024-04-01,5.180000000000028e-06,0.0002080064248397573,0.00020823240296774514,0.00020747909270002474,0.0002079687605724967,0.00020661260980459062,0.00019657783290027986
2024-04-02,2.6583000000000162e-05,0.00020766743361799733,0.0002074414234480848,0.00020725307184754627,0.0002074414234480848,0.00020563288047203976,0.0001960489861021486
2024-04-03,4.7093000000000005e-05,0.0002073660838761704,0.00020702703817443435,0.00020717772871425844,0.00020732841355597387,0.00020544444336656476,0.00019540672061890696
2024-04-04,0.00012072999999999945,0.00020702703817443435,0.00020698936464902395,0.00020702703817443435,0.0002071023841567765,0.00020491677206035952,0.0001941596743861851
2024-04-05,4.200000000001078e-06,0.00020732841355597387,0.00020804408875108038,0.0002074414234480848,0.00020747909270002474,0.000205745938458346,0.00019593565265640933
2024-04-08,1.6606300000000004e-05,0.00020740375384020737,0.00020804408875108038,0.00020762976614641104,0.000207780433896243,0.00020619813832989387,0.00019684222998228584
2024-04-09,0.00014901900000000002,0.00020747909270002474,0.00020811941550569202,0.00020762976614641104,0.00020766743361799733,0.00020555750669903894,0.00019536893707239322
2024-04-10,1.9034000000001106e-05,0.00020781809994341316,0.0002083830479340243,0.00020842070828575032,0.0002089855708555799,0.00020804408875108038,0.00020133429838842254
2024-04-11,2.5426000000000268e-05,0.00020789343096994095,0.00020845836828153885,0.00020830772616275972,0.00020857134613350148,0.0002074414234480848,0.0002003910066155079
2024-04-12,0.00011371000000000124,0.000207780433896243,0.00020834538722636076,0.00020789343096994095,0.00020815707834898056,0.00020672563999823979,0.00019899452487281977
2024-04-15,1.1809999999999252e-05,0.0002080064248397573,0.0002086466629220851,0.00020827006474322118,0.00020868432078269272,0.00020740375384020737,0.0002003155336265383
2024-04-16,0.0,0.0002079687605724967,0.00020860900470576205,0.00020823240296774514,0.00020894791584180616,0.00020766743361799733,0.00020050421341899494
2024-04-17,0.0,0.0002079310959492986,0.00020827006474322118,0.00020830772616275972,0.00020879729222889054,0.0002074414234480848,0.00019978718267466
2024-04-18,5.994500000000005e-05,0.00020789343096994095,0.00020845836828153885,0.00020857134613350148,0.00020894791584180616,0.00020781809994341316,0.0002006174170063879
2024-04-19,4.554399999999979e-05,0.00020789343096994095,0.00020853368720552545,0.00020860900470576205,0.0002087596354358734,0.00020762976614641104,0.00020001362737498418
2024-04-22,0.0,0.0002080064248397573,0.0002086466629220851,0.00020857134613350148,0.0002090608798155369,0.0002079310959492986,0.00020012684489989496
2024-04-23,2.0960000000000423e-05,0.00020804408875108038,0.00020849602792138988,0.00020853368720552545,0.00020894791584180616,0.0002074414234480848,0.0001990700228855502
2024-04-24,5.049900000000007e-06,0.00020774276749269127,0.00020845836828153885,0.00020891026047231698,0.00020909853376172016,0.0002079687605724967,0.00020005136690737224
2024-04-25,1.879399999999993e-05,0.0002072154004588711,0.00020845836828153885,0.00020887260474711233,0.00020947505365698227,0.00020842070828575032,0.00020148520435259165
2024-04-26,1.5240000000001433e-05,0.00020759209831888725,0.00020834538722636076,0.00020849602792138988,0.00020936210142386003,0.00020815707834898056,0.000201447478397343
2024-04-29,5.9417999999999884e-05,0.00020759209831888725,0.00020845836828153885,0.0002083830479340243,0.00020917384058694033,0.0002079310959492986,0.00020118338670926939
2024-04-30,3.4460000000000046e-05,0.0002073660838761704,0.00020849602792138988,0.00020860900470576205,0.000209324449967907,0.00020827006474322118,0.00020303166108126547
2024-05-01,7.739000000000096e-06,0.00020725307184754627,0.00020845836828153885,0.00020872197828714079,0.0002089855708555799,0.00020804408875108038,0.00020148520435259165
2024-05-02,1.629400000000003e-05,0.00020665028689204057,0.00020747909270002474,0.00020830772616275972,0.00020887260474711233,0.00020762976614641104,0.00020020232146267247
2024-05-03,4.7569999999998516e-05,0.00020759209831888725,0.00020834538722636076,0.0002080064248397573,0.00020887260474711233,0.0002074414234480848,0.0001988057735826665
2024-05-06,2.9559999999999656e-05,0.00020759209831888725,0.00020845836828153885,0.00020827006474322118,0.0002087596354358734,0.00020770510073342408,0.0001986925185168964
2024-05-07,5.1666999999999816e-05,0.00020766743361799733,0.00020849602792138988,0.00020853368720552545,0.00020872197828714079,0.0002074414234480848,0.00019918326722279112
2024-05-08,1.5603999999999927e-06,0.00020755443013542596,0.0002083830479340243,0.00020853368720552545,0.00020891026047231698,0.0002074414234480848,0.00019937200063346872
2024-05-09,0.0002073470000000001,0.00020732841355597387,0.00020834538722636076,0.00020849602792138988,0.00020894791584180616,0.0002074414234480848,0.00019895677532999478
2024-05-10,0.00015745100000000008,0.00020759209831888725,0.00020834538722636076,0.0002083830479340243,0.0002090608798155369,0.00020804408875108038,0.00020054194830554373
2024-05-13,1.422359999999999e-05,0.00020740375384020737,0.00020823240296774514,0.00020827006474322118,0.0002090608798155369,0.0002079310959492986,0.00020050421341899494
2024-05-14,0.0001319060000000002,0.00020698936464902395,0.00020823240296774514,0.00020830772616275972,0.00020894791584180616,0.0002078557656346458,0.00020027779659592682
2024-05-15,0.00018495999999999964,0.000206951690767454,0.00020770510073342408,0.00020830772616275972,0.00020872197828714079,0.00020725307184754627,0.00019740873609142007
2024-05-16,0.00020206200000000003,0.00020665028689204057,0.000207780433896243,0.0002083830479340243,0.00020887260474711233,0.00020762976614641104,0.00019854150675513438
2024-05-17,4.054299999999987e-05,0.00020732841355597387,0.00020815707834898056,0.00020830772616275972,0.0002087596354358734,0.00020774276749269127,0.0001986925185168964
2024-05-20,8.265880000000016e-05,0.0002072154004588711,0.00020823240296774514,0.00020815707834898056,0.00020894791584180616,0.0002079310959492986,0.00019918326722279112
2024-05-21,2.5132999999999666e-05,0.00020717772871425844,0.0002080064248397573,0.00020830772616275972,0.00020883494866574814,0.00020766743361799733,0.00019895677532999478
2024-05-22,1.3203999999999733e-05,0.000206951690767454,0.00020808175230624393,0.00020853368720552545,0.00020891026047231698,0.00020804408875108038,0.00019986266567117994
2024-05-23,3.582699999999956e-05,0.000206951690767454,0.00020804408875108038,0.00020857134613350148,0.00020917384058694033,0.00020834538722636076,0.0002012965710045389
2024-05-24,2.358700000000026e-05,0.00020759209831888725,0.00020845836828153885,0.00020857134613350148,0.00020924914598907662,0.00020830772616275972,0.0002015983800753851
2024-05-28,0.0,0.0002073660838761704,0.00020842070828575032,0.00020853368720552545,0.00020913618735218797,0.00020808175230624393,0.00020212649095197044
2024-05-29,1.1839000000000467e-05,0.0002073660838761704,0.0002083830479340243,0.00020872197828714079,0.0002089855708555799,0.00020808175230624393,0.0002020887710674213
2024-05-30,9.824999999999938e-05,0.00020732841355597387,0.00020834538722636076,0.00020868432078269272,0.00020894791584180616,0.00020774276749269127,0.00020114565789652872
2024-05-31,9.903300000000011e-05,0.00020751676159580512,0.00020845836828153885,0.0002083830479340243,0.00020887260474711233,0.00020755443013542596,0.00020088154620445664
2024-06-03,0.00011894200000000014,0.000207780433896243,0.0002086466629220851,0.0002083830479340243,0.00020857134613350148,0.00020732841355597387,0.0001995229809264032
2024-06-04,5.1920000000000004e-05,0.00020759209831888725,0.00020849602792138988,0.00020853368720552545,0.00020823240296774514,0.0002070647113436852,0.00019846599872819226
2024-06-05,1.4540000000000386e-05,0.00020755443013542596,0.00020827006474322118,0.00020830772616275972,0.00020811941550569202,0.0002068386669857869,0.00019740873609142007
2024-06-06,1.5316819999999997e-05,0.00020714005661348622,0.00020804408875108038,0.00020808175230624393,0.00020815707834898056,0.00020661260980459062,0.00019729544131230625
2024-06-07,0.00018326310000000006,0.00020732841355597387,0.00020815707834898056,0.00020830772616275972,0.00020887260474711233,0.0002079310959492986,0.00020073061737790887
2024-06-10,8.476799999999982e-05,0.0002072154004588711,0.00020815707834898056,0.0002079687605724967,0.00020887260474711233,0.00020781809994341316,0.00020073061737790887
2024-06-11,7.881999999999854e-06,0.00020680099167935673,0.00020755443013542596,0.00020853368720552545,0.0002086466629220851,0.00020766743361799733,0.0002003910066155079
2024-06-12,2.455399999999955e-05,0.0002070647113436852,0.000207780433896243,0.00020842070828575032,0.00020830772616275972,0.00020714005661348622,0.00019805067900291462
2024-06-13,1.0944000000000145e-05,0.00020627349998636468,0.00020759209831888725,0.00020830772616275972,0.00020827006474322118,0.00020653725456121208,0.0001960489861021486
2024-06-14,0.00024164800000000004,0.00020714005661348622,0.0002079687605724967,0.0002081947408363316,0.00020827006474322118,0.00020653725456121208,0.000195897874124773
2024-06-17,0.00011967400000000017,0.00020665028689204057,0.00020804408875108038,0.00020845836828153885,0.00020868432078269272,0.00020732841355597387,0.00019782412272495442
2024-06-18,3.163899999999997e-05,0.00020533137682576807,0.00020740375384020737,0.00020811941550569202,0.00020811941550569202,0.00020714005661348622,0.00019706884209047537
2024-06-20,7.321000000000237e-06,0.00020472830108753115,0.00020668796362333097,0.0002080064248397573,0.0002079687605724967,0.0002072154004588711,0.0001978996429155
2024-06-21,4.995300000000015e-05,0.00020548213150051176,0.00020766743361799733,0.00020740375384020737,0.00020808175230624393,0.00020702703817443435,0.00019782412272495442
2024-06-24,6.670700000000005e-05,0.00020548213150051176,0.00020747909270002474,0.00020698936464902395,0.00020815707834898056,0.00020702703817443435,0.00019771083975550496
2024-06-25,0.0,0.0002058589932372179,0.0002074414234480848,0.00020774276749269127,0.00020804408875108038,0.0002068386669857869,0.0001978996429155
2024-06-26,1.0310000000000787e-06,0.00020608509317265877,0.0002072154004588711,0.0002079310959492986,0.0002081947408363316,0.00020665028689204057,0.00019899452487281977
2024-06-27,1.1756000000000136e-05,0.00020634886021775323,0.00020717772871425844,0.00020770510073342408,0.00020808175230624393,0.00020600972795281614,0.00019786188299897312
2024-06-28,0.00012340300000000023,0.00020740375384020737,0.0002079687605724967,0.00020732841355597387,0.0002079687605724967,0.00020551981927807716,0.0001976730780499647
2024-07-01,3.133999999999993e-05,0.000207780433896243,0.00020823240296774514,0.00020740375384020737,0.00020808175230624393,0.00020570825281929217,0.00019839048927061675
2024-07-02,4.951000000000434e-06,0.00020766743361799733,0.0002080064248397573,0.00020808175230624393,0.00020774276749269127,0.00020551981927807716,0.0001970310743006909
2024-07-03,2.8383999999999354e-05,0.0002072154004588711,0.0002073660838761704,0.00020789343096994095,0.00020759209831888725,0.00020521830707687094,0.0001956711954136381
2024-07-05,0.00015527499999999986,0.00020759209831888725,0.00020823240296774514,0.00020770510073342408,0.00020747909270002474,0.00020461521422499018,0.00019385730136667334
2024-07-08,3.1132500000000075e-05,0.00020740375384020737,0.00020823240296774514,0.00020740375384020737,0.0002073660838761704,0.00020457751789115797,0.0001941596743861851
2024-07-09,2.3075000000000005e-05,0.00020623581933620905,0.00020725307184754627,0.00020774276749269127,0.0002073660838761704,0.00020472830108753115,0.00019514222826977345
2024-07-10,0.00011634000000000123,0.00020619813832989387,0.0002071023841567765,0.00020774276749269127,0.00020714005661348622,0.00020472830108753115,0.0001939328967726084
2024-07-11,4.612799999999945e-05,0.00020634886021775323,0.00020717772871425844,0.00020672563999823979,0.00020570825281929217,0.00020178699913731002,0.0001899621979568611
2024-07-12,1.0679999999999024e-06,0.00020732841355597387,0.00020774276749269127,0.00020665028689204057,0.00020551981927807716,0.0002009947390730904,0.00018897836582576488
2024-07-15,9.910999999999991e-05,0.00020759209831888725,0.0002078557656346458,0.00020642421902383745,0.00020551981927807716,0.00020088154620445664,0.00018784287299045133
2024-07-16,0.0,0.00020729074287983984,0.00020762976614641104,0.00020653725456121208,0.0002053690660290819,0.00020080608250583332,0.000188032144267547
2024-07-17,1.0549999999999796e-05,0.00020676331601698905,0.00020759209831888725,0.00020653725456121208,0.00020506754242077818,0.00020080608250583332,0.000188032144267547
2024-07-18,4.029999999998618e-06,0.00020665028689204057,0.00020747909270002474,0.00020661260980459062,0.000204803690546429,0.00020088154620445664,0.00018859990416442152
2024-07-19,5.865499999999947e-05,0.00020770510073342408,0.0002079687605724967,0.00020642421902383745,0.000204803690546429,0.0002009947390730904,0.00018909189731530773
2024-07-22,4.085000000000026e-05,0.00020770510073342408,0.0002079687605724967,0.00020619813832989387,0.00020491677206035952,0.0002009947390730904,0.00018965950624849626
2024-07-23,0.0,0.000207780433896243,0.00020823240296774514,0.0002058589932372179,0.00020457751789115797,0.00020042874257408805,0.0001890540538447283
2024-07-24,1.3479999999999742e-05,0.00020774276749269127,0.00020808175230624393,0.00020555750669903894,0.00020416283467916685,0.00019940974624299557,0.00018776716196233778
2024-07-25,8.468999999999664e-06,0.00020808175230624393,0.00020815707834898056,0.00020525599734977362,0.00020382351631442752,0.00019918326722279112,0.00018795643683544583
2024-07-26,6.675000000000084e-05,0.000207780433896243,0.00020766743361799733,0.0002048790785789123,0.0002036349936260784,0.0001986925185168964,0.0001864798543449453
2024-07-29,1.2270299999999983e-05,0.0002081947408363316,0.00020804408875108038,0.0002046529102024408,0.00020382351631442752,0.0001987680222517163,0.00018678278767092493
2024-07-30,3.6240000000006822e-06,0.00020804408875108038,0.00020781809994341316,0.0002042005349363052,0.00020371040377153982,0.00019808843713042812,0.0001861390268231844
2024-07-31,8.370000000000252e-05,0.00020781809994341316,0.00020789343096994095,0.0002042005349363052,0.00020355958205331426,0.00019801292051768726,0.000185798170147633
2024-08-01,3.867999999999927e-05,0.00020714005661348622,0.00020747909270002474,0.00020359728801810917,0.000201447478397343,0.00019555785122249425,0.00018068181812069817
2024-08-02,1.296000000000283e-05,0.00020740375384020737,0.00020502985036552346,0.00020054194830554373,0.00019680446004444185,0.00018784287299045133,0.00016955478631897059
2024-08-05,4.062000000000163e-05,0.00020702703817443435,0.00020582130866730886,0.00020171155258386086,0.0001971821433122134,0.00018950815177176672,0.00017096162165786133
2024-08-06,1.6389999999999808e-05,0.00020649957640506145,0.00020597204480843345,0.00020205105082604646,0.00019835273400503617,0.00019185350038042337,0.00017483735447609838
2024-08-07,3.2622999999999854e-05,0.00020638653979898613,0.00020597204480843345,0.00020205105082604646,0.00019922101461999908,0.00019174004754551888,0.0001724819662030086
2024-08-08,7.759999999999018e-06,0.00020676331601698905,0.00020593436130766918,0.00020220192964970352,0.00019937200063346872,0.0001927231981522226,0.00017411568988534576
2024-08-09,0.00011912500000000031,0.00020770510073342408,0.0002046529102024408,0.0002019378879589695,0.00019937200063346872,0.00019317687817133056,0.00017426763013439484
2024-08-12,0.00013885770400000002,0.00020740375384020737,0.0002047659959953929,0.00020171155258386086,0.00019937200063346872,0.00019283662299951487,0.00017354586234641367
2024-08-13,8.340000000002512e-06,0.0002058589932372179,0.00020442672898890457,0.00020114565789652872,0.00019865476611302668,0.00019105926269502582,0.00017126573697634484
2024-08-14,2.9897000000000083e-05,0.00020631118028013873,0.0002043890308716101,0.00020156065519150168,0.00019959846892758648,0.000191966949985245,0.00017187389799211417
2024-08-15,0.0002872899999999991,0.00020597204480843345,0.0002051429254619208,0.00020220192964970352,0.00019956072510574074,0.00019385730136667334,0.00017586265306479554
2024-08-16,0.0001519920000000001,0.00020714005661348622,0.00020435133239793402,0.0002019378879589695,0.00019925876165971523,0.00019295004461827858,0.0001747993753873356
2024-08-19,0.00010885100000000009,0.0002068386669857869,0.00020435133239793402,0.0002014097520848246,0.00019899452487281977,0.0001927231981522226,0.00017476139593664008
2024-08-20,2.7760999999999845e-05,0.00020604741074103927,0.00020367269887722195,0.0002003910066155079,0.00019835273400503617,0.00019083230856264954,0.0001728999592789382
2024-08-21,4.394699999999991e-05,0.00020544444336656476,0.00020227736691946774,0.00019929650834193957,0.0001963511928666506,0.00018924326760316745,0.0001703152995311541
2024-08-22,1.735999999999925e-05,0.00020567056682385676,0.00020242823717464553,0.00020005136690737224,0.00019691776878349998,0.00019102143790394877,0.00017297595330934001
2024-08-23,1.378000000000143e-05,0.00020646189789252922,0.00020261681696132072,0.00019899452487281977,0.00019612453994199974,0.00018943247237745986,0.0001700491364171608
2024-08-26,2.3636999999999964e-05,0.00020627349998636468,0.0002028053878242453,0.00019888127517164733,0.00019680446004444185,0.0001899243627505598,0.00017137977423731243
2024-08-27,7.519600000000003e-05,0.00020623581933620905,0.0002025791017179479,0.00019786188299897312,0.0001962756433240287,0.00018791858258015992,0.00017012518483539019
2024-08-28,5.276000000000239e-06,0.0002058966774505233,0.00020265453184786786,0.00019714437659623663,0.00019555785122249425,0.00018754002024667926,0.00017084757242935567
2024-08-29,4.86253e-05,0.00020502985036552346,0.00020272996054981895,0.00019771083975550496,0.0001947265619626215,0.00018829710895307272,0.0001715318188417747
2024-08-30,0.00014864999999999844,0.00020386121978188676,0.000201824721878463,0.0001975220276493328,0.0001949155065681385,0.00018829710895307272,0.0001715698290865042
2024-09-03,9.791000000000313e-05,0.00020314479289185172,0.00020171155258386086,0.00019778636209299982,0.00019480214087996828,0.00018799429073124152,0.00017054342519373655
2024-09-04,4.042400000000006e-05,0.00020148520435259165,0.0002009192775180857,0.00019684222998228584,0.00019378170452677423,0.00018530577013620153,0.0001643794435439716
2024-09-05,3.5324000000000206e-05,0.00019914551946809134,0.00019914551946809134,0.00019642674097686275,0.00019185350038042337,0.00018458599911364004,0.00016361779647988683
2024-09-06,0.00012305999999999775,0.00019933425466645005,0.00019922101461999908,0.00019574675641687023,0.00019117273491398024,0.00018322186579444733,0.0001598836200145115
2024-09-09,0.00010653000000000051,0.00019823946606245535,0.00019842824417826144,0.00019495329441432396,0.00019056751240364989,0.00018337345922647685,0.0001604935205545832
2024-09-10,2.7827000000000233e-05,0.0001960112086449861,0.00019597343082966567,0.00019253414956521553,0.00018818355481653448,0.00018128854384569237,0.0001582440495977444
2024-09-11,1.0420000000000568e-05,0.0001970310743006909,0.0001962378680158139,0.00019400849074457938,0.00019102143790394877,0.00018409344928294047,0.0001604935205545832
2024-09-12,1.4972000000000249e-05,0.0001967289190951682,0.0001960112086449861,0.00019298785110710703,0.00018916758317799598,0.00018269124336178777,0.00015973113029232877
2024-09-13,0.000167899,0.00019476435160048489,0.00019521779930364858,0.0001899621979568611,0.00018738858524280921,0.00017999914123811855,0.00015610778320440666
2024-09-16,0.00019501300000000017,0.0001933280933668069,0.00019317687817133056,0.0001890540538447283,0.00018610115529904547,0.00017886108646547605,0.0001547720348804571
2024-09-17,2.1330148e-05,0.00019090796137644084,0.00019109708712705675,0.00018867559937230105,0.00018587391859514746,0.00017738112917564663,0.00015580250877622603
2024-09-18,1.6932999999999792e-05,0.00018496484217389586,0.00018651772226996322,0.00018534364922051516,0.00018208473119107893,0.00017574874402637164,0.00015454300448691782
2024-09-19,5.789000000000141e-05,0.00018185726532493618,0.0001856087927283312,0.0001835629429070007,0.0001802646405903996,0.00017441956459052221,0.0001546193494139647
2024-09-20,9.185000000000096e-06,0.00018443445180382767,0.00018481330927189177,0.000181516042177865,0.00017946808945867865,0.00017365983437334087,0.00015347402188981007
2024-09-23,1.0558999999999829e-05,0.00018367662879059665,0.0001841313398929234,0.00017992328103111355,0.0001779883576364938,0.00017251996738543163,0.00015305398596643371
2024-09-24,5.096999999999914e-06,0.00018121270818194368,0.00018223636788849973,0.00017924047417183786,0.00017738112917564663,0.00017042936399502828,0.00015202280094017695
2024-09-25,4.9119999999999286e-06,0.00018170561420016718,0.00018193308872316294,0.00017924047417183786,0.00017745703779392663,0.00017061946417906704,0.00015263390576114588
2024-09-26,5.90600000000001e-05,0.00018310816693545284,0.00018329766323121888,0.00017924047417183786,0.00017749499156072268,0.00017141778593221524,0.00015507738826237016
2024-09-27,3.1496999999999905e-05,0.00018568454477607688,0.0001843207875391606,0.00017867137906613095,0.0001770774802416497,0.00017042936399502828,0.00015309217288006494
2024-09-30,8.888899999999998e-05,0.00018678278767092493,0.00018511636931384245,0.00017961982576042423,0.00017817809755515945,0.0001715318188417747,0.0001565656509991964
2024-10-01,2.8191000000000327e-05,0.00018791858258015992,0.00018576029538364125,0.0001791645995203872,0.00017738112917564663,0.00016993506106866008,0.00015530638794358786
2024-10-02,5.9188530000000006e-05,0.00018644198605977103,0.00018458599911364004,0.00017836782843994037,0.0001763562212737657,0.0001697069005737184,0.00015419943421179916
2024-10-03,3.367999999999904e-06,0.00018716142194574736,0.00018504060646429288,0.000178443718264365,0.00017639418552706232,0.0001703152995311541,0.00015603146678988544
2024-10-04,0.0002068769999999994,0.00018829710895307272,0.00018492695948868487,0.00018003707080005427,0.00017878520458958214,0.00017316593204519393,0.00016297028199119268
2024-10-07,1.1764999999998652e-05,0.00018841065985375494,0.00018549516195665028,0.0001807197411849426,0.0001792784109559964,0.00017331790851260465,0.0001647982873829168
2024-10-08,4.206999999999128e-06,0.00018704783544087888,0.00018488907644331753,0.0001803404942990472,0.00017795040856838362,0.00017274796686983507,0.00016365588229105832
2024-10-09,2.9392999999999954e-05,0.00018621476879188137,0.00018477542514605538,0.0001806059709090757,0.00017795040856838362,0.00017354586234641367,0.0001652932278932706
2024-10-10,0.00015557700000000006,0.00018659345704086228,0.00018492695948868487,0.00018079558623118608,0.00017760885069240118,0.00017331790851260465,0.0001642652057649574
2024-10-11,8.727999999999514e-06,0.00018742644453317858,0.00018363873385629503,0.00018011292884101415,0.00017760885069240118,0.0001728239637990292,0.00016266553287835883
2024-10-15,8.036799999999993e-05,0.000186176897987389,0.00018360083856183707,0.00017999914123811855,0.00017795040856838362,0.00017251996738543163,0.0001628560038051674
2024-10-16,1.2469999999999669e-05,0.0001856466689322822,0.00018329766323121888,0.00017954395833186254,0.0001777606578072799,0.0001721399392520251,0.00016243695574735817
2024-10-17,1.0098100000000004e-05,0.0001852300108875493,0.0001831839665351609,0.00018041634656373873,0.00017738112917564663,0.00017320392670550078,0.0001642652057649574
2024-10-18,5.53159999999997e-05,0.00018530577013620153,0.00018333556140914808,0.00018003707080005427,0.00017760885069240118,0.00017324192100343083,0.00016338927396919445
2024-10-21,3.629999999999996e-05,0.00018530577013620153,0.00018375241757762062,0.00018003707080005427,0.00017817809755515945,0.00017453351163077002,0.0001653312976941379
2024-10-22,4.696200000000011e-06,0.0001845102261792686,0.00018341135668342723,0.0001794301544804089,0.000178253990993138,0.00017392575642616315,0.0001654074362043012
2024-10-23,1.565999999999894e-05,0.00018409344928294047,0.00018322186579444733,0.00017992328103111355,0.0001786334365023734,0.0001746474554127353,0.000166625454554703
2024-10-24,0.0,0.00018390399082779396,0.00018250171822487005,0.00017893696689652572,0.00017760885069240118,0.00017441956459052221,0.00016571197569814622
2024-10-25,8.454600000000012e-06,0.00018424500956149004,0.0001821984592551562,0.00017973362419509975,0.00017848166263445542,0.00017567280285835096,0.00016689184644658184
2024-10-28,1.2153999999999898e-05,0.00018394188323944682,0.00018208473119107893,0.00017855755029105858,0.00017836782843994037,0.00017476139593664008,0.00016719627251715607
2024-10-29,0.0,0.0001841313398929234,0.0001820468211151116,0.000178443718264365,0.00017795040856838362,0.00017403971758800374,0.00016624486381333625
2024-10-30,5.175000000000058e-06,0.00018409344928294047,0.0001820468211151116,0.0001777606578072799,0.00017703952249803478,0.00017373581391355586,0.00016582617200811
2024-10-31,8.210999999999982e-05,0.00018197099988115362,0.000181440210843542,0.00017677380816705224,0.00017669788653229546,0.00017343188705964963,0.00016601649191883006
2024-11-01,4.059900000000054e-05,0.00018018878543757388,0.0001796577589332493,0.00017552091618022736,0.0001759006220205528,0.00017274796686983507,0.00016605455481011333
2024-11-04,4.79870000000002e-05,0.00017999914123811855,0.00017954395833186254,0.00017609046137323503,0.00017521712545498502,0.0001718358906477313,0.0001651028734337423
2024-11-05,1.4170000000000849e-05,0.00017901284588273114,0.00017893696689652572,0.00017639418552706232,0.0001747993753873356,0.0001717218664396558,0.00016601649191883006
2024-11-06,2.7000000000013125e-06,0.00017772270657090417,0.0001787093212683999,0.0001768876879071346,0.00017567280285835096,0.00017251996738543163,0.0001677670087207872
2024-11-07,2.4240000000000025e-05,0.00017749499156072268,0.00017889902686163417,0.0001764701129483015,0.00017552091618022736,0.00017240596275103215,0.0001669299009772196
2024-11-08,0.00020806899999999996,0.00017814015029427033,0.00017779860868238906,0.00017628029168226256,0.0001757107736231056,0.0001728239637990292,0.00016780505489477626
2024-11-12,5.782199999999991e-05,0.00017840577353278597,0.00017817809755515945,0.00017628029168226256,0.0001766599251724621,0.00017381179200515184,0.00017012518483539019
2024-11-13,4.33597e-05,0.0001780263063428933,0.0001776468030134648,0.00017510319796176788,0.00017506522140675607,0.00017232995784910443,0.0001673484768314193
2024-11-14,0.00011446399999999989,0.00017730521911141217,0.00017703952249803478,0.0001747993753873356,0.00017460947451408693,0.0001728999592789382,0.0001677670087207872
2024-11-15,0.0001348500000000006,0.00017832988298560615,0.0001769256470971481,0.00017521712545498502,0.00017533104969102986,0.0001738497805077177,0.00016833766318935517
2024-11-18,0.00018855,0.000178253990993138,0.00017643214941864827,0.00017548294360625327,0.00017559686024304355,0.0001738497805077177,0.00016841374427745137
2024-11-19,1.2933999999999168e-05,0.000177267263536951,0.00017544497067034648,0.00017559686024304355,0.0001752930753076143,0.0001736218440597792,0.0001687180541045663
2024-11-20,3.0124600000000013e-05,0.00017760885069240118,0.0001752930753076143,0.0001757107736231056,0.00017536902371273477,0.00017392575642616315,0.0001695167568480649
2024-11-21,0.00014773499999999953,0.00017829193717000535,0.00017605249422625313,0.0001759765588469353,0.00017540699737250698,0.00017430561429154778,0.00017061946417906704
2024-11-22,4.0146999999999926e-05,0.00017901284588273114,0.0001769256470971481,0.00017612842815850627,0.00017559686024304355,0.00017457149325350585,0.00017137977423731243
2024-11-25,7.194000000000297e-06,0.00017980948801277208,0.00017711543762377602,0.00017559686024304355,0.0001757107736231056,0.00017476139593664008,0.0001702392547413556
2024-11-26,6.494699999999923e-05,0.00017996121131513831,0.00017700156439248715,0.00017517914998577133,0.00017567280285835096,0.00017422964561530918,0.00016974492823029763
2024-11-27,6.976500000000028e-05,0.00018030256762524566,0.0001772293076010012,0.00017468543594945096,0.00017514117415462493,0.00017343188705964963,0.00016826158064842112
2024-11-29,0.00010051399999999946,0.0001793922191410946,0.00017730521911141217,0.00017434359808654598,0.00017460947451408693,0.00017286196172006107,0.00016719627251715607
2024-12-02,0.00011887899999999969,0.00017882314570805136,0.000176242326344056,0.00017472341612401188,0.00017502724448981155,0.00017331790851260465,0.00016769091528345825
2024-12-03,1.8610200000000027e-05,0.00017620436064391676,0.00017365983437334087,0.0001736218440597792,0.00017301394978108675,0.00017164584848816666,0.00016575004149843586
2024-12-04,1.9813999999999943e-05,0.00017628029168226256,0.00017305194589067874,0.00017324192100343083,0.0001727099678616728,0.00017050540515683998,0.00016418904542603308
2024-12-05,6.062600000000004e-05,0.00017593859061459938,0.00017217794369628336,0.00017293795647521648,0.00017225395149766953,0.00017069550171333603,0.00016468406161118665
2024-12-06,0.00011435699999999983,0.00017263396875843995,0.0001710376526633528,0.00017137977423731243,0.00017084757242935567,0.00016925054038785525,0.00016258934195811925
2024-12-09,0.00013910400000000014,0.00017244396465820877,0.0001710376526633528,0.0001710756676223113,0.0001710376526633528,0.0001693266040485586,0.00016327500779889093
2024-12-10,1.982999999999976e-05,0.00017134176217958874,0.00017035332138193304,0.00017077153779676557,0.00017084757242935567,0.00016909840871059956,0.00016411288363138432
2024-12-11,1.4204999999999773e-05,0.00016997308654764787,0.00016963084417231933,0.0001695928154270554,0.00016963084417231933,0.00016822353883316765,0.0001635797103050063
2024-12-12,0.0,0.0001682996221004096,0.0001681474541133099,0.00016841374427745137,0.00016868001664716026,0.0001677670087207872,0.00016407480218805226
2024-12-13,0.00013815405,0.00016757677240253344,0.00016852786318599655,0.0001681474541133099,0.0001685659020960184,0.0001681094112087056,0.00016483636191266804
2024-12-16,0.00012975800000000065,0.00016757677240253344,0.0001687180541045663,0.00016852786318599655,0.00016868001664716026,0.00016799528031508082,0.00016483636191266804
2024-12-17,2.1106000000000336e-05,0.00016883216429852688,0.00016909840871059956,0.00016940266625709022,0.00016875609119892943,0.00016761482039284736,0.00016521708720085293
2024-12-18,1.8409999999999954e-05,0.00016803332430948004,0.0001688702003037612,0.0001692125080130502,0.00016868001664716026,0.00016780505489477626,0.0001671582205302613
2024-12-19,2.4525999999999975e-06,0.00016742457680840594,0.00016795723595763867,0.00016860394064277529,0.00016818549665487126,0.00016708211546623275,0.00016594036504535836
2024-12-20,4.728000000000024e-05,0.00016769091528345825,0.0001678431007052783,0.00016822353883316765,0.0001683757039148137,0.00016704406238909897,0.00016567390953436956
2024-12-23,5.754900000000049e-05,0.00016757677240253344,0.00016879412793024962,0.0001681094112087056,0.00016917447527520224,0.00016742457680840594,0.0001645317554885839
2024-12-24,0.0,0.00016753872404895453,0.0001688702003037612,0.00016852786318599655,0.0001692125080130502,0.00016769091528345825,0.0001649125098803772
2024-12-26,7.722319999999998e-05,0.00016731042629780646,0.00016925054038785525,0.00016868001664716026,0.00016890823594573057,0.00016799528031508082,0.0001645698325649647
2024-12-27,8.30899999999992e-05,0.0001677670087207872,0.00016833766318935517,0.000166853791552235,0.00016818549665487126,0.00016723432414078587,0.0001633130968865526
2024-12-30,8.680000000000493e-06,0.0001677670087207872,0.0001681094112087056,0.000166853791552235,0.00016757677240253344,0.0001668157362946232,0.00016217026585474414
2024-12-31,8.860699999999923e-05,0.00016628292452347537,0.0001669299009772196,0.00016803332430948004,0.0001671582205302613,0.0001660926173379096,0.00016159872740195702
