quote_date,n_obs_raw,n_obs_unique,coverage,status,interp_used
2013-10-01,259,217,0.672,kept,linear
2013-10-02,253,209,0.532,kept,linear
2013-10-03,264,199,0.66,kept,linear
2013-10-04,247,205,0.782,kept,linear
2013-10-07,278,233,0.708,kept,linear
2013-10-08,340,262,0.676,kept,linear
2013-10-09,330,253,0.704,kept,linear
2013-10-10,256,191,0.544,kept,linear
2013-10-11,242,182,0.654,kept,linear
2013-10-15,258,188,0.514,kept,linear
2013-10-16,278,199,0.65,kept,linear
2013-10-17,289,217,0.668,kept,linear
2013-10-18,242,192,0.686,kept,linear
2013-10-21,249,191,0.568,kept,linear
2013-10-22,289,219,0.49,kept,linear
2013-10-23,279,214,0.554,kept,linear
2013-10-24,202,159,0.532,kept,linear
2013-10-25,242,192,0.676,kept,linear
2013-10-28,254,200,0.55,kept,linear
2013-10-29,302,237,0.574,kept,linear
2013-10-30,309,237,0.562,kept,linear
2013-10-31,240,173,0.474,kept,linear
2013-11-01,243,184,0.554,kept,linear
2013-11-04,241,182,0.602,kept,linear
2013-11-05,273,209,0.508,kept,linear
2013-11-06,243,210,0.59,kept,linear
2013-11-07,246,178,0.518,kept,linear
2013-11-08,269,202,0.602,kept,linear
2013-11-11,259,194,0.552,kept,linear
2013-11-12,276,208,0.614,kept,linear
2013-11-13,316,248,0.564,kept,linear
2013-11-14,325,232,0.55,kept,linear
2013-11-15,275,206,0.552,kept,linear
2013-11-18,299,217,0.568,kept,linear
2013-11-19,284,205,0.498,kept,linear
2013-11-20,278,206,0.546,kept,linear
2013-11-21,268,203,0.51,kept,linear
2013-11-22,227,178,0.482,kept,linear
2013-11-25,238,191,0.544,kept,linear
2013-11-26,221,173,0.44,kept,linear
2013-11-27,234,186,0.466,kept,linear
2013-11-29,188,147,0.476,kept,linear
2013-12-02,212,165,0.504,kept,linear
2013-12-03,204,156,0.488,kept,linear
2013-12-04,233,187,0.502,kept,linear
2013-12-05,196,149,0.56,kept,linear
2013-12-06,202,147,0.508,kept,linear
2013-12-09,184,132,0.446,kept,linear
2013-12-10,227,179,0.46,kept,linear
2013-12-11,250,190,0.5,kept,linear
2013-12-12,234,179,0.53,kept,linear
2013-12-13,221,167,0.532,kept,linear
2013-12-16,234,170,0.488,kept,linear
2013-12-17,225,164,0.566,kept,linear
2013-12-18,267,191,0.478,kept,linear
2013-12-19,262,192,0.434,kept,linear
2013-12-20,237,175,0.746,kept,linear
2013-12-23,238,189,0.624,kept,linear
2013-12-24,180,149,0.614,kept,linear
2013-12-26,208,155,0.732,kept,linear
2013-12-27,224,177,0.606,kept,linear
2013-12-30,241,196,0.612,kept,linear
2013-12-31,271,212,0.722,kept,linear
2014-01-02,260,201,0.622,kept,linear
2014-01-03,216,170,0.584,kept,linear
2014-01-06,262,207,0.67,kept,linear
2014-01-07,269,207,0.67,kept,linear
2014-01-08,263,215,0.66,kept,linear
2014-01-09,219,166,0.588,kept,linear
2014-01-10,231,179,0.652,kept,linear
2014-01-13,335,241,0.65,kept,linear
2014-01-14,301,225,0.656,kept,linear
2014-01-15,309,235,0.708,kept,linear
2014-01-16,240,177,0.616,kept,linear
2014-01-17,295,226,0.668,kept,linear
2014-01-21,299,224,0.68,kept,linear
2014-01-22,304,239,0.638,kept,linear
2014-01-23,387,297,0.684,kept,linear
2014-01-24,395,316,0.742,kept,linear
2014-01-27,436,342,0.746,kept,linear
2014-01-28,350,293,0.676,kept,linear
2014-01-29,427,336,0.63,kept,linear
2014-01-30,329,272,0.608,kept,linear
2014-01-31,370,307,0.718,kept,linear
2014-02-03,490,382,0.792,kept,linear
2014-02-04,397,304,0.72,kept,linear
2014-02-05,371,302,0.646,kept,linear
2014-02-06,279,239,0.694,kept,linear
2014-02-07,344,265,0.702,kept,linear
2014-02-10,344,268,0.692,kept,linear
2014-02-11,382,305,0.658,kept,linear
2014-02-12,337,291,0.612,kept,linear
2014-02-13,348,258,0.604,kept,linear
2014-02-14,365,290,0.66,kept,linear
2014-02-18,339,264,0.64,kept,linear
2014-02-19,397,307,0.586,kept,linear
2014-02-20,364,290,0.624,kept,linear
2014-02-21,309,260,0.58,kept,linear
2014-02-24,364,300,0.62,kept,linear
2014-02-25,315,271,0.558,kept,linear
2014-02-26,327,282,0.59,kept,linear
2014-02-27,274,227,0.578,kept,linear
2014-02-28,358,282,0.55,kept,linear
2014-03-03,376,311,0.582,kept,linear
2014-03-04,365,303,0.546,kept,linear
2014-03-05,310,257,0.568,kept,linear
2014-03-06,296,242,0.56,kept,linear
2014-03-07,309,255,0.558,kept,linear
2014-03-10,349,294,0.614,kept,linear
2014-03-11,374,305,0.588,kept,linear
2014-03-12,366,305,0.556,kept,linear
2014-03-13,361,285,0.544,kept,linear
2014-03-14,351,278,0.54,kept,linear
2014-03-17,341,272,0.576,kept,linear
2014-03-18,360,292,0.518,kept,linear
2014-03-19,339,275,0.492,kept,linear
2014-03-20,327,258,0.54,kept,linear
2014-03-21,351,295,0.526,kept,linear
2014-03-24,353,296,0.586,kept,linear
2014-03-25,343,288,0.596,kept,linear
2014-03-26,368,321,0.656,kept,linear
2014-03-27,286,248,0.634,kept,linear
2014-03-28,305,260,0.666,kept,linear
2014-03-31,320,275,0.542,kept,linear
2014-04-01,375,317,0.622,kept,linear
2014-04-02,407,333,0.636,kept,linear
2014-04-03,304,248,0.628,kept,linear
2014-04-04,375,299,0.606,kept,linear
2014-04-07,436,353,0.67,kept,linear
2014-04-08,337,288,0.616,kept,linear
2014-04-09,395,336,0.59,kept,linear
2014-04-10,386,310,0.634,kept,linear
2014-04-11,469,377,0.632,kept,linear
2014-04-14,409,343,0.634,kept,linear
2014-04-15,446,363,0.63,kept,linear
2014-04-16,418,345,0.634,kept,linear
2014-04-17,406,333,0.624,kept,linear
2014-04-21,310,269,0.582,kept,linear
2014-04-22,386,318,0.566,kept,linear
2014-04-23,316,274,0.584,kept,linear
2014-04-24,299,251,0.542,kept,linear
2014-04-25,353,285,0.56,kept,linear
2014-04-28,352,292,0.516,kept,linear
2014-04-29,308,256,0.522,kept,linear
2014-04-30,337,272,0.554,kept,linear
2014-05-01,296,255,0.52,kept,linear
2014-05-02,314,262,0.492,kept,linear
2014-05-05,352,296,0.562,kept,linear
2014-05-06,371,309,0.61,kept,linear
2014-05-07,337,293,0.538,kept,linear
2014-05-08,290,237,0.434,kept,linear
2014-05-09,327,263,0.522,kept,linear
2014-05-12,438,352,0.594,kept,linear
2014-05-13,382,310,0.54,kept,linear
2014-05-14,383,319,0.476,kept,linear
2014-05-15,424,339,0.54,kept,linear
2014-05-16,359,280,0.512,kept,linear
2014-05-19,361,286,0.502,kept,linear
2014-05-20,368,302,0.54,kept,linear
2014-05-21,359,300,0.492,kept,linear
2014-05-22,377,303,0.464,kept,linear
2014-05-23,315,262,0.496,kept,linear
2014-05-27,403,325,0.534,kept,linear
2014-05-28,348,293,0.436,kept,linear
2014-05-29,301,242,0.478,kept,linear
2014-05-30,307,256,0.504,kept,linear
2014-06-02,316,257,0.494,kept,linear
2014-06-03,298,243,0.466,kept,linear
2014-06-04,265,212,0.46,kept,linear
2014-06-05,322,249,0.462,kept,linear
2014-06-06,323,258,0.488,kept,linear
2014-06-09,321,256,0.428,kept,linear
2014-06-10,317,257,0.454,kept,linear
2014-06-11,322,256,0.438,kept,linear
2014-06-12,302,246,0.478,kept,linear
2014-06-13,299,239,0.402,kept,linear
2014-06-16,308,243,0.494,kept,linear
2014-06-17,277,221,0.424,kept,linear
2014-06-18,336,272,0.42,kept,linear
2014-06-19,390,306,0.64,kept,linear
2014-06-20,308,264,0.598,kept,linear
2014-06-23,310,254,0.576,kept,linear
2014-06-24,404,323,0.618,kept,linear
2014-06-25,339,282,0.586,kept,linear
2014-06-26,291,244,0.62,kept,linear
2014-06-27,282,241,0.632,kept,linear
2014-06-30,333,277,0.708,kept,linear
2014-07-01,428,348,0.606,kept,linear
2014-07-02,338,280,0.584,kept,linear
2014-07-03,264,207,0.566,kept,linear
2014-07-07,355,291,0.608,kept,linear
2014-07-08,409,336,0.642,kept,linear
2014-07-09,363,301,0.594,kept,linear
2014-07-10,338,271,0.598,kept,linear
2014-07-11,286,234,0.606,kept,linear
2014-07-14,352,293,0.586,kept,linear
2014-07-15,378,316,0.62,kept,linear
2014-07-16,358,300,0.622,kept,linear
2014-07-17,486,401,0.626,kept,linear
2014-07-18,349,303,0.57,kept,linear
2014-07-21,364,308,0.594,kept,linear
2014-07-22,401,333,0.612,kept,linear
2014-07-23,428,364,0.636,kept,linear
2014-07-24,329,281,0.638,kept,linear
2014-07-25,352,301,0.674,kept,linear
2014-07-28,364,312,0.598,kept,linear
2014-07-29,421,356,0.548,kept,linear
2014-07-30,440,369,0.506,kept,linear
2014-07-31,513,416,0.678,kept,linear
2014-08-01,519,427,0.618,kept,linear
2014-08-04,448,376,0.526,kept,linear
2014-08-05,503,417,0.592,kept,linear
2014-08-06,423,379,0.582,kept,linear
2014-08-07,432,363,0.624,kept,linear
2014-08-08,425,350,0.586,kept,linear
2014-08-11,433,366,0.542,kept,linear
2014-08-12,425,363,0.564,kept,linear
2014-08-13,425,376,0.51,kept,linear
2014-08-14,361,291,0.542,kept,linear
2014-08-15,438,345,0.53,kept,linear
2014-08-18,446,356,0.544,kept,linear
2014-08-19,455,384,0.546,kept,linear
2014-08-20,404,340,0.484,kept,linear
2014-08-21,462,372,0.544,kept,linear
2014-08-22,396,328,0.48,kept,linear
2014-08-25,445,376,0.538,kept,linear
2014-08-26,459,399,0.508,kept,linear
2014-08-27,399,340,0.464,kept,linear
2014-08-28,365,300,0.472,kept,linear
2014-08-29,348,294,0.432,kept,linear
2014-09-02,354,299,0.48,kept,linear
2014-09-03,360,311,0.408,kept,linear
2014-09-04,323,279,0.48,kept,linear
2014-09-05,343,285,0.506,kept,linear
2014-09-08,312,264,0.476,kept,linear
2014-09-09,429,352,0.462,kept,linear
2014-09-10,370,313,0.392,kept,linear
2014-09-11,313,266,0.484,kept,linear
2014-09-12,408,321,0.522,kept,linear
2014-09-15,382,318,0.514,kept,linear
2014-09-16,427,347,0.434,kept,linear
2014-09-17,427,354,0.482,kept,linear
2014-09-18,458,379,0.438,kept,linear
2014-09-19,427,357,0.426,kept,linear
2014-09-22,473,405,0.464,kept,linear
2014-09-23,523,446,0.696,kept,linear
2014-09-24,463,385,0.636,kept,linear
2014-09-25,501,412,0.712,kept,linear
2014-09-26,429,368,0.588,kept,linear
2014-09-29,507,428,0.652,kept,linear
2014-09-30,462,394,0.658,kept,linear
2014-10-01,602,495,0.722,kept,linear
2014-10-02,474,374,0.642,kept,linear
2014-10-03,454,378,0.738,kept,linear
2014-10-06,430,359,0.532,kept,linear
2014-10-07,515,430,0.658,kept,linear
2014-10-08,517,426,0.612,kept,linear
2014-10-09,526,409,0.614,kept,linear
2014-10-10,537,432,0.666,kept,linear
2014-10-14,702,548,0.712,kept,linear
2014-10-15,778,584,0.614,kept,linear
2014-10-16,524,413,0.746,kept,linear
2014-10-17,576,448,0.618,kept,linear
2014-10-20,529,421,0.586,kept,linear
2014-10-21,620,477,0.65,kept,linear
2014-10-22,614,493,0.61,kept,linear
2014-10-23,557,450,0.644,kept,linear
2014-10-24,470,390,0.51,kept,linear
2014-10-27,474,399,0.596,kept,linear
2014-10-28,564,476,0.596,kept,linear
2014-10-29,551,436,0.57,kept,linear
2014-10-30,425,348,0.532,kept,linear
2014-10-31,499,405,0.598,kept,linear
2014-11-03,500,402,0.56,kept,linear
2014-11-04,471,384,0.564,kept,linear
2014-11-05,447,369,0.532,kept,linear
2014-11-06,405,323,0.496,kept,linear
2014-11-07,405,333,0.538,kept,linear
2014-11-10,450,363,0.562,kept,linear
2014-11-12,424,356,0.438,kept,linear
2014-11-13,441,339,0.56,kept,linear
2014-11-14,386,304,0.554,kept,linear
2014-11-17,465,374,0.556,kept,linear
2014-11-18,518,421,0.57,kept,linear
2014-11-19,465,370,0.462,kept,linear
2014-11-20,476,374,0.546,kept,linear
2014-11-21,474,382,0.536,kept,linear
2014-11-24,460,386,0.552,kept,linear
2014-11-25,434,353,0.476,kept,linear
2014-11-26,388,337,0.496,kept,linear
2014-11-28,355,291,0.456,kept,linear
2014-12-01,472,383,0.422,kept,linear
2014-12-02,301,251,0.436,kept,linear
2014-12-03,343,289,0.508,kept,linear
2014-12-04,291,241,0.496,kept,linear
2014-12-05,330,269,0.472,kept,linear
2014-12-08,405,340,0.504,kept,linear
2014-12-09,456,371,0.524,kept,linear
2014-12-10,556,461,0.562,kept,linear
2014-12-11,361,304,0.514,kept,linear
2014-12-12,489,403,0.536,kept,linear
2014-12-15,520,414,0.564,kept,linear
2014-12-16,534,431,0.584,kept,linear
2014-12-17,532,422,0.484,kept,linear
2014-12-18,478,376,0.512,kept,linear
2014-12-19,439,356,0.684,kept,linear
2014-12-22,426,365,0.672,kept,linear
2014-12-23,469,383,0.682,kept,linear
2014-12-24,328,290,0.652,kept,linear
2014-12-26,347,300,0.65,kept,linear
2014-12-29,427,364,0.67,kept,linear
2014-12-30,434,368,0.656,kept,linear
2014-12-31,564,466,0.754,kept,linear
2015-01-02,461,378,0.678,kept,linear
2015-01-05,642,507,0.782,kept,linear
2015-01-06,689,533,0.724,kept,linear
2015-01-07,572,462,0.732,kept,linear
2015-01-08,504,406,0.708,kept,linear
2015-01-09,498,397,0.71,kept,linear
2015-01-12,601,462,0.724,kept,linear
2015-01-13,626,494,0.71,kept,linear
2015-01-14,672,530,0.75,kept,linear
2015-01-15,447,366,0.826,kept,linear
2015-01-16,502,417,0.786,kept,linear
2015-01-20,522,435,0.706,kept,linear
2015-01-21,505,423,0.678,kept,linear
2015-01-22,568,463,0.674,kept,linear
2015-01-23,518,431,0.704,kept,linear
2015-01-26,495,415,0.74,kept,linear
2015-01-27,615,518,0.692,kept,linear
2015-01-28,624,511,0.732,kept,linear
2015-01-29,552,455,0.666,kept,linear
2015-01-30,512,450,0.7,kept,linear
2015-02-02,659,541,0.674,kept,linear
2015-02-03,623,515,0.65,kept,linear
2015-02-04,534,453,0.612,kept,linear
2015-02-05,486,433,0.604,kept,linear
2015-02-06,594,512,0.65,kept,linear
2015-02-09,587,503,0.696,kept,linear
2015-02-10,617,505,0.658,kept,linear
2015-02-11,517,440,0.63,kept,linear
2015-02-12,506,418,0.666,kept,linear
2015-02-13,581,472,0.686,kept,linear
2015-02-17,583,502,0.62,kept,linear
2015-02-18,553,458,0.66,kept,linear
2015-02-19,472,410,0.624,kept,linear
2015-02-20,502,427,0.586,kept,linear
2015-02-23,489,437,0.6,kept,linear
2015-02-24,512,448,0.572,kept,linear
2015-02-25,500,431,0.558,kept,linear
2015-02-26,440,391,0.576,kept,linear
2015-02-27,437,382,0.564,kept,linear
2015-03-02,398,337,0.544,kept,linear
2015-03-03,483,408,0.628,kept,linear
2015-03-04,434,368,0.566,kept,linear
2015-03-05,351,305,0.586,kept,linear
2015-03-06,562,467,0.606,kept,linear
2015-03-09,468,405,0.564,kept,linear
2015-03-10,651,553,0.58,kept,linear
2015-03-11,537,460,0.598,kept,linear
2015-03-12,438,370,0.542,kept,linear
2015-03-13,501,411,0.558,kept,linear
2015-03-16,535,454,0.558,kept,linear
2015-03-17,473,394,0.552,kept,linear
2015-03-18,545,433,0.596,kept,linear
2015-03-19,497,425,0.542,kept,linear
2015-03-20,583,483,0.624,kept,linear
2015-03-23,519,443,0.55,kept,linear
2015-03-24,564,495,0.636,kept,linear
2015-03-25,652,562,0.698,kept,linear
2015-03-26,616,525,0.698,kept,linear
2015-03-27,450,403,0.632,kept,linear
2015-03-30,566,473,0.634,kept,linear
2015-03-31,626,542,0.668,kept,linear
2015-04-01,632,532,0.666,kept,linear
2015-04-02,421,368,0.624,kept,linear
2015-04-06,584,493,0.556,kept,linear
2015-04-07,508,435,0.64,kept,linear
2015-04-08,465,404,0.574,kept,linear
2015-04-09,483,420,0.738,kept,linear
2015-04-10,501,423,0.608,kept,linear
2015-04-13,573,491,0.676,kept,linear
2015-04-14,485,407,0.624,kept,linear
2015-04-15,597,508,0.636,kept,linear
2015-04-16,421,379,0.598,kept,linear
2015-04-17,637,556,0.63,kept,linear
2015-04-20,515,458,0.622,kept,linear
2015-04-21,533,459,0.598,kept,linear
2015-04-22,618,524,0.634,kept,linear
2015-04-23,545,464,0.574,kept,linear
2015-04-24,483,422,0.678,kept,linear
2015-04-27,592,518,0.554,kept,linear
2015-04-28,539,465,0.586,kept,linear
2015-04-29,570,482,0.584,kept,linear
2015-04-30,632,544,0.626,kept,linear
2015-05-01,543,469,0.66,kept,linear
2015-05-04,611,531,0.586,kept,linear
2015-05-05,696,605,0.618,kept,linear
2015-05-06,709,635,0.616,kept,linear
2015-05-07,545,483,0.562,kept,linear
2015-05-08,692,592,0.576,kept,linear
2015-05-11,625,544,0.596,kept,linear
2015-05-12,615,529,0.51,kept,linear
2015-05-13,581,506,0.548,kept,linear
2015-05-14,637,543,0.566,kept,linear
2015-05-15,582,487,0.562,kept,linear
2015-05-18,673,570,0.536,kept,linear
2015-05-19,565,487,0.45,kept,linear
2015-05-20,653,566,0.524,kept,linear
2015-05-21,493,441,0.492,kept,linear
2015-05-22,533,479,0.526,kept,linear
2015-05-26,774,658,0.574,kept,linear
2015-05-27,682,596,0.524,kept,linear
2015-05-28,512,451,0.48,kept,linear
2015-05-29,589,523,0.49,kept,linear
2015-06-01,537,470,0.448,kept,linear
2015-06-02,541,475,0.548,kept,linear
2015-06-03,456,411,0.49,kept,linear
2015-06-04,591,521,0.486,kept,linear
2015-06-05,548,472,0.476,kept,linear
2015-06-08,649,558,0.542,kept,linear
2015-06-09,570,496,0.53,kept,linear
2015-06-10,707,596,0.54,kept,linear
2015-06-11,500,438,0.476,kept,linear
2015-06-12,587,512,0.47,kept,linear
2015-06-15,644,550,0.528,kept,linear
2015-06-16,559,479,0.586,kept,linear
2015-06-17,572,493,0.56,kept,linear
2015-06-18,727,637,0.734,kept,linear
2015-06-19,615,535,0.626,kept,linear
2015-06-22,636,556,0.65,kept,linear
2015-06-23,573,503,0.636,kept,linear
2015-06-24,697,599,0.706,kept,linear
2015-06-25,567,499,0.724,kept,linear
2015-06-26,619,549,0.632,kept,linear
2015-06-29,1031,864,0.744,kept,linear
2015-06-30,817,691,0.728,kept,linear
2015-07-01,674,597,0.718,kept,linear
2015-07-02,644,564,0.638,kept,linear
2015-07-06,761,659,0.746,kept,linear
2015-07-07,813,683,0.636,kept,linear
2015-07-08,772,667,0.67,kept,linear
2015-07-09,685,585,0.644,kept,linear
2015-07-10,674,585,0.652,kept,linear
2015-07-13,744,626,0.638,kept,linear
2015-07-14,755,656,0.662,kept,linear
2015-07-15,689,601,0.658,kept,linear
2015-07-16,665,584,0.61,kept,linear
2015-07-17,615,532,0.56,kept,linear
2015-07-20,718,606,0.622,kept,linear
2015-07-21,665,575,0.63,kept,linear
2015-07-22,659,564,0.64,kept,linear
2015-07-23,766,666,0.62,kept,linear
2015-07-24,860,719,0.622,kept,linear
2015-07-27,951,803,0.626,kept,linear
2015-07-28,862,750,0.766,kept,linear
2015-07-29,788,674,0.524,kept,linear
2015-07-30,716,611,0.556,kept,linear
2015-07-31,686,585,0.584,kept,linear
2015-08-03,680,585,0.594,kept,linear
2015-08-04,617,538,0.628,kept,linear
2015-08-05,652,593,0.562,kept,linear
2015-08-06,718,633,0.584,kept,linear
2015-08-07,694,597,0.578,kept,linear
2015-08-10,741,633,0.656,kept,linear
2015-08-11,848,725,0.606,kept,linear
2015-08-12,894,755,0.584,kept,linear
2015-08-13,617,526,0.594,kept,linear
2015-08-14,613,540,0.546,kept,linear
2015-08-17,772,664,0.574,kept,linear
2015-08-18,689,599,0.542,kept,linear
2015-08-19,871,738,0.516,kept,linear
2015-08-20,934,793,0.602,kept,linear
2015-08-21,1075,884,0.602,kept,linear
2015-08-24,690,599,0.562,kept,linear
2015-08-25,1104,894,0.636,kept,linear
2015-08-26,1167,921,0.6,kept,linear
2015-08-27,866,672,0.586,kept,linear
2015-08-28,885,729,0.606,kept,linear
2015-08-31,829,671,0.59,kept,linear
2015-09-01,884,726,0.65,kept,linear
2015-09-02,842,695,0.6,kept,linear
2015-09-03,685,574,0.652,kept,linear
2015-09-04,742,620,0.676,kept,linear
2015-09-08,818,671,0.58,kept,linear
2015-09-09,807,681,0.562,kept,linear
2015-09-10,630,528,0.588,kept,linear
2015-09-11,588,522,0.556,kept,linear
2015-09-14,596,510,0.596,kept,linear
2015-09-15,808,680,0.59,kept,linear
2015-09-16,729,596,0.57,kept,linear
2015-09-17,327,259,0.398,kept,linear
2015-09-18,834,717,0.596,kept,linear
2015-09-21,787,670,0.594,kept,linear
2015-09-22,880,725,0.79,kept,linear
2015-09-23,734,618,0.748,kept,linear
2015-09-24,762,642,0.748,kept,linear
2015-09-25,691,580,0.746,kept,linear
2015-09-28,859,717,0.71,kept,linear
2015-09-29,835,681,0.748,kept,linear
2015-09-30,813,671,0.79,kept,linear
2015-10-01,691,585,0.692,kept,linear
2015-10-02,872,734,0.792,kept,linear
2015-10-05,995,828,0.774,kept,linear
2015-10-06,807,696,0.69,kept,linear
2015-10-07,872,748,0.702,kept,linear
2015-10-08,788,670,0.602,kept,linear
2015-10-09,737,619,0.782,kept,linear
2015-10-13,790,671,0.656,kept,linear
2015-10-14,721,618,0.698,kept,linear
2015-10-15,702,588,0.678,kept,linear
2015-10-16,695,572,0.722,kept,linear
2015-10-19,627,535,0.646,kept,linear
2015-10-20,702,587,0.654,kept,linear
2015-10-21,736,609,0.588,kept,linear
2015-10-22,770,646,0.596,kept,linear
2015-10-23,868,711,0.636,kept,linear
2015-10-26,736,619,0.602,kept,linear
2015-10-27,725,625,0.568,kept,linear
2015-10-28,874,717,0.594,kept,linear
2015-10-29,683,580,0.594,kept,linear
2015-10-30,784,658,0.636,kept,linear
2015-11-02,772,641,0.57,kept,linear
2015-11-03,748,624,0.62,kept,linear
2015-11-04,691,597,0.56,kept,linear
2015-11-05,569,475,0.558,kept,linear
2015-11-06,611,505,0.546,kept,linear
2015-11-09,750,625,0.614,kept,linear
2015-11-10,623,511,0.612,kept,linear
2015-11-12,709,588,0.572,kept,linear
2015-11-13,861,698,0.628,kept,linear
2015-11-16,714,584,0.576,kept,linear
2015-11-17,717,594,0.562,kept,linear
2015-11-18,748,598,0.592,kept,linear
2015-11-19,685,549,0.564,kept,linear
2015-11-20,689,575,0.606,kept,linear
2015-11-23,641,553,0.492,kept,linear
2015-11-24,690,591,0.562,kept,linear
2015-11-25,443,385,0.554,kept,linear
2015-11-27,414,368,0.522,kept,linear
2015-11-30,611,501,0.546,kept,linear
2015-12-01,703,577,0.562,kept,linear
2015-12-02,628,513,0.51,kept,linear
2015-12-03,784,621,0.558,kept,linear
2015-12-04,761,609,0.47,kept,linear
2015-12-07,748,618,0.566,kept,linear
2015-12-08,777,640,0.52,kept,linear
2015-12-09,892,721,0.544,kept,linear
2015-12-10,602,497,0.528,kept,linear
2015-12-11,835,682,0.556,kept,linear
2015-12-14,809,669,0.584,kept,linear
2015-12-15,721,601,0.562,kept,linear
2015-12-16,752,638,0.526,kept,linear
2015-12-17,709,609,0.746,kept,linear
2015-12-18,869,731,0.778,kept,linear
2015-12-21,741,629,0.722,kept,linear
2015-12-22,761,656,0.7,kept,linear
2015-12-23,876,735,0.688,kept,linear
2015-12-24,494,444,0.682,kept,linear
2015-12-28,727,635,0.768,kept,linear
2015-12-29,828,696,0.686,kept,linear
2015-12-30,732,628,0.656,kept,linear
2015-12-31,700,605,0.77,kept,linear
2016-01-04,1017,840,0.762,kept,linear
2016-01-05,805,675,0.806,kept,linear
2016-01-06,964,819,0.772,kept,linear
2016-01-07,1018,834,0.82,kept,linear
2016-01-08,971,798,0.818,kept,linear
2016-01-11,1103,890,0.828,kept,linear
2016-01-12,975,799,0.794,kept,linear
2016-01-13,1110,906,0.808,kept,linear
2016-01-14,963,775,0.828,kept,linear
2016-01-15,1089,888,0.804,kept,linear
2016-01-19,1026,826,0.756,kept,linear
2016-01-20,1247,972,0.74,kept,linear
2016-01-21,891,737,0.83,kept,linear
2016-01-22,946,770,0.808,kept,linear
2016-01-25,903,758,0.78,kept,linear
2016-01-26,885,737,0.738,kept,linear
2016-01-27,1005,843,0.768,kept,linear
2016-01-28,729,622,0.694,kept,linear
2016-01-29,1015,835,0.82,kept,linear
2016-02-01,832,694,0.806,kept,linear
2016-02-02,854,711,0.74,kept,linear
2016-02-03,851,738,0.746,kept,linear
2016-02-04,693,591,0.724,kept,linear
2016-02-05,824,687,0.772,kept,linear
2016-02-08,1024,838,0.76,kept,linear
2016-02-09,876,716,0.738,kept,linear
2016-02-10,819,684,0.742,kept,linear
2016-02-11,922,734,0.752,kept,linear
2016-02-12,840,700,0.752,kept,linear
2016-02-16,932,758,0.708,kept,linear
2016-02-17,1066,863,0.702,kept,linear
2016-02-18,776,674,0.708,kept,linear
2016-02-19,774,679,0.682,kept,linear
2016-02-22,897,751,0.692,kept,linear
2016-02-23,902,782,0.698,kept,linear
2016-02-24,846,729,0.778,kept,linear
2016-02-25,735,631,0.672,kept,linear
2016-02-26,840,699,0.652,kept,linear
2016-02-29,827,702,0.652,kept,linear
2016-03-01,996,819,0.638,kept,linear
2016-03-02,801,662,0.614,kept,linear
2016-03-03,706,606,0.614,kept,linear
2016-03-04,789,649,0.612,kept,linear
2016-03-07,735,621,0.65,kept,linear
2016-03-08,817,692,0.632,kept,linear
2016-03-09,695,602,0.632,kept,linear
2016-03-10,739,618,0.648,kept,linear
2016-03-11,803,672,0.61,kept,linear
2016-03-14,731,607,0.624,kept,linear
2016-03-15,724,594,0.65,kept,linear
2016-03-16,804,654,0.58,kept,linear
2016-03-17,816,682,0.61,kept,linear
2016-03-18,797,653,0.646,kept,linear
2016-03-21,733,608,0.64,kept,linear
2016-03-22,876,743,0.656,kept,linear
2016-03-23,870,729,0.686,kept,linear
2016-03-24,780,666,0.738,kept,linear
2016-03-28,702,594,0.654,kept,linear
2016-03-29,867,711,0.684,kept,linear
2016-03-30,939,756,0.704,kept,linear
2016-03-31,665,561,0.664,kept,linear
2016-04-01,814,671,0.68,kept,linear
2016-04-04,780,663,0.654,kept,linear
2016-04-05,893,744,0.77,kept,linear
2016-04-06,796,695,0.658,kept,linear
2016-04-07,846,712,0.738,kept,linear
2016-04-08,713,607,0.67,kept,linear
2016-04-11,872,730,0.738,kept,linear
2016-04-12,936,769,0.744,kept,linear
2016-04-13,983,797,0.7,kept,linear
2016-04-14,760,637,0.626,kept,linear
2016-04-15,762,649,0.678,kept,linear
2016-04-18,904,752,0.646,kept,linear
2016-04-19,911,749,0.676,kept,linear
2016-04-20,967,786,0.736,kept,linear
2016-04-21,794,670,0.704,kept,linear
2016-04-22,776,668,0.672,kept,linear
2016-04-25,900,764,0.632,kept,linear
2016-04-26,733,635,0.65,kept,linear
2016-04-27,839,722,0.65,kept,linear
2016-04-28,830,705,0.71,kept,linear
2016-04-29,983,808,0.686,kept,linear
2016-05-02,767,652,0.628,kept,linear
2016-05-03,833,699,0.644,kept,linear
2016-05-04,838,706,0.656,kept,linear
2016-05-05,658,569,0.664,kept,linear
2016-05-06,783,654,0.652,kept,linear
2016-05-09,749,638,0.59,kept,linear
2016-05-10,855,715,0.646,kept,linear
2016-05-11,782,704,0.61,kept,linear
2016-05-12,704,580,0.578,kept,linear
2016-05-13,842,695,0.604,kept,linear
2016-05-16,819,661,0.584,kept,linear
2016-05-17,859,729,0.628,kept,linear
2016-05-18,870,698,0.58,kept,linear
2016-05-19,826,668,0.582,kept,linear
2016-05-20,787,668,0.58,kept,linear
2016-05-23,754,634,0.694,kept,linear
2016-05-24,869,704,0.584,kept,linear
2016-05-25,871,702,0.6,kept,linear
2016-05-26,646,543,0.54,kept,linear
2016-05-27,677,565,0.532,kept,linear
2016-05-31,718,566,0.6,kept,linear
2016-06-01,636,518,0.546,kept,linear
2016-06-02,571,459,0.564,kept,linear
2016-06-03,596,485,0.594,kept,linear
2016-06-06,654,513,0.532,kept,linear
2016-06-07,745,600,0.574,kept,linear
2016-06-08,704,578,0.546,kept,linear
2016-06-09,637,516,0.578,kept,linear
2016-06-10,774,630,0.534,kept,linear
2016-06-13,809,682,0.554,kept,linear
2016-06-14,842,681,0.56,kept,linear
2016-06-15,756,626,0.55,kept,linear
2016-06-16,723,608,0.714,kept,linear
2016-06-17,677,574,0.722,kept,linear
2016-06-20,762,648,0.698,kept,linear
2016-06-21,668,579,0.68,kept,linear
2016-06-22,712,611,0.666,kept,linear
2016-06-23,586,488,0.606,kept,linear
2016-06-24,833,660,0.73,kept,linear
2016-06-27,895,693,0.788,kept,linear
2016-06-28,828,662,0.71,kept,linear
2016-06-29,891,709,0.67,kept,linear
2016-06-30,781,624,0.704,kept,linear
2016-07-01,742,619,0.65,kept,linear
2016-07-05,805,658,0.7,kept,linear
2016-07-06,811,691,0.672,kept,linear
2016-07-07,656,536,0.606,kept,linear
2016-07-08,807,638,0.724,kept,linear
2016-07-11,868,694,0.712,kept,linear
2016-07-12,877,711,0.718,kept,linear
2016-07-13,826,674,0.696,kept,linear
2016-07-14,795,620,0.658,kept,linear
2016-07-15,711,587,0.708,kept,linear
2016-07-18,745,607,0.686,kept,linear
2016-07-19,755,638,0.648,kept,linear
2016-07-20,886,722,0.596,kept,linear
2016-07-21,800,657,0.678,kept,linear
2016-07-22,792,680,0.696,kept,linear
2016-07-25,767,651,0.69,kept,linear
2016-07-26,783,657,0.656,kept,linear
2016-07-27,803,654,0.656,kept,linear
2016-07-28,709,591,0.668,kept,linear
2016-07-29,764,621,0.692,kept,linear
2016-08-01,816,666,0.666,kept,linear
2016-08-02,770,627,0.664,kept,linear
2016-08-03,628,534,0.612,kept,linear
2016-08-04,526,440,0.596,kept,linear
2016-08-05,694,544,0.726,kept,linear
2016-08-08,680,531,0.548,kept,linear
2016-08-09,746,589,0.646,kept,linear
2016-08-10,696,598,0.598,kept,linear
2016-08-11,651,508,0.642,kept,linear
2016-08-12,614,496,0.594,kept,linear
2016-08-15,677,534,0.578,kept,linear
2016-08-16,745,603,0.546,kept,linear
2016-08-17,705,586,0.626,kept,linear
2016-08-18,592,505,0.58,kept,linear
2016-08-19,638,532,0.56,kept,linear
2016-08-22,664,555,0.578,kept,linear
2016-08-23,660,537,0.634,kept,linear
2016-08-24,721,610,0.56,kept,linear
2016-08-25,603,514,0.668,kept,linear
2016-08-26,654,536,0.586,kept,linear
2016-08-29,658,551,0.608,kept,linear
2016-08-30,682,583,0.594,kept,linear
2016-08-31,775,648,0.59,kept,linear
2016-09-01,599,503,0.562,kept,linear
2016-09-02,680,555,0.572,kept,linear
2016-09-06,701,572,0.482,kept,linear
2016-09-07,716,610,0.576,kept,linear
2016-09-08,613,510,0.63,kept,linear
2016-09-09,942,745,0.566,kept,linear
2016-09-12,908,718,0.574,kept,linear
2016-09-13,884,735,0.524,kept,linear
2016-09-14,858,694,0.536,kept,linear
2016-09-15,696,574,0.54,kept,linear
2016-09-16,722,606,0.574,kept,linear
2016-09-19,716,599,0.478,kept,linear
2016-09-20,673,568,0.586,kept,linear
2016-09-21,743,600,0.634,kept,linear
2016-09-22,745,615,0.62,kept,linear
2016-09-23,692,580,0.64,kept,linear
2016-09-26,809,679,0.688,kept,linear
2016-09-27,766,635,0.67,kept,linear
2016-09-28,832,682,0.706,kept,linear
2016-09-29,716,581,0.65,kept,linear
2016-09-30,774,643,0.712,kept,linear
2016-10-03,696,567,0.63,kept,linear
2016-10-04,797,657,0.694,kept,linear
2016-10-05,715,630,0.716,kept,linear
2016-10-06,703,595,0.668,kept,linear
2016-10-07,789,659,0.65,kept,linear
2016-10-11,964,786,0.762,kept,linear
2016-10-12,857,703,0.682,kept,linear
2016-10-13,908,740,0.732,kept,linear
2016-10-14,858,707,0.674,kept,linear
2016-10-17,870,709,0.642,kept,linear
2016-10-18,888,732,0.678,kept,linear
2016-10-19,873,692,0.676,kept,linear
2016-10-20,834,675,0.654,kept,linear
2016-10-21,824,682,0.662,kept,linear
2016-10-24,858,706,0.728,kept,linear
2016-10-25,832,683,0.706,kept,linear
2016-10-26,953,769,0.76,kept,linear
2016-10-27,807,663,0.716,kept,linear
2016-10-28,835,664,0.71,kept,linear
2016-10-31,773,661,0.6,kept,linear
2016-11-01,865,695,0.676,kept,linear
2016-11-02,829,682,0.69,kept,linear
2016-11-03,679,592,0.652,kept,linear
2016-11-04,759,623,0.624,kept,linear
2016-11-07,759,620,0.644,kept,linear
2016-11-08,655,556,0.572,kept,linear
2016-11-09,911,711,0.626,kept,linear
2016-11-10,812,649,0.658,kept,linear
2016-11-14,836,698,0.644,kept,linear
2016-11-15,859,709,0.636,kept,linear
2016-11-16,785,654,0.656,kept,linear
2016-11-17,759,628,0.618,kept,linear
2016-11-18,720,613,0.658,kept,linear
2016-11-21,839,675,0.706,kept,linear
2016-11-22,818,647,0.612,kept,linear
2016-11-23,763,634,0.61,kept,linear
2016-11-25,629,531,0.616,kept,linear
2016-11-28,747,608,0.624,kept,linear
2016-11-29,722,588,0.606,kept,linear
2016-11-30,787,655,0.646,kept,linear
2016-12-01,682,561,0.646,kept,linear
2016-12-02,660,557,0.558,kept,linear
2016-12-05,768,619,0.632,kept,linear
2016-12-06,765,622,0.614,kept,linear
2016-12-07,1019,819,0.65,kept,linear
2016-12-08,866,687,0.608,kept,linear
2016-12-09,901,713,0.596,kept,linear
2016-12-12,926,727,0.542,kept,linear
2016-12-13,1015,795,0.59,kept,linear
2016-12-14,944,745,0.54,kept,linear
2016-12-15,869,689,0.78,kept,linear
2016-12-16,891,715,0.754,kept,linear
2016-12-19,906,708,0.79,kept,linear
2016-12-20,901,730,0.786,kept,linear
2016-12-21,773,626,0.77,kept,linear
2016-12-22,780,626,0.742,kept,linear
2016-12-23,654,552,0.708,kept,linear
2016-12-27,813,671,0.744,kept,linear
2016-12-28,948,775,0.712,kept,linear
2016-12-29,769,637,0.728,kept,linear
2016-12-30,965,781,0.758,kept,linear
2017-01-03,921,748,0.754,kept,linear
2017-01-04,903,744,0.732,kept,linear
2017-01-05,749,605,0.712,kept,linear
2017-01-06,892,730,0.726,kept,linear
2017-01-09,837,686,0.72,kept,linear
2017-01-10,909,746,0.736,kept,linear
2017-01-11,940,756,0.674,kept,linear
2017-01-12,870,709,0.732,kept,linear
2017-01-13,811,658,0.678,kept,linear
2017-01-17,930,730,0.686,kept,linear
2017-01-18,851,670,0.678,kept,linear
2017-01-19,815,672,0.77,kept,linear
2017-01-20,814,670,0.788,kept,linear
2017-01-23,869,701,0.806,kept,linear
2017-01-24,918,728,0.776,kept,linear
2017-01-25,985,770,0.78,kept,linear
2017-01-26,771,595,0.768,kept,linear
2017-01-27,817,658,0.706,kept,linear
2017-01-30,895,693,0.75,kept,linear
2017-01-31,832,641,0.726,kept,linear
2017-02-01,773,633,0.71,kept,linear
2017-02-02,646,514,0.7,kept,linear
2017-02-03,775,609,0.74,kept,linear
2017-02-06,744,598,0.684,kept,linear
2017-02-07,764,621,0.702,kept,linear
2017-02-08,741,618,0.648,kept,linear
2017-02-09,773,611,0.664,kept,linear
2017-02-10,777,593,0.68,kept,linear
2017-02-13,844,664,0.68,kept,linear
2017-02-14,867,687,0.648,kept,linear
2017-02-15,986,758,0.7,kept,linear
2017-02-16,871,695,0.678,kept,linear
2017-02-17,890,698,0.676,kept,linear
2017-02-21,1074,822,0.676,kept,linear
2017-02-22,1017,798,0.656,kept,linear
2017-02-23,914,710,0.69,kept,linear
2017-02-24,849,698,0.654,kept,linear
2017-02-27,947,741,0.606,kept,linear
2017-02-28,907,720,0.662,kept,linear
2017-03-01,1151,868,0.654,kept,linear
2017-03-02,868,671,0.62,kept,linear
2017-03-03,861,665,0.626,kept,linear
2017-03-06,864,674,0.614,kept,linear
2017-03-07,837,659,0.644,kept,linear
2017-03-08,842,712,0.63,kept,linear
2017-03-09,788,632,0.626,kept,linear
2017-03-10,759,603,0.604,kept,linear
2017-03-13,742,619,0.614,kept,linear
2017-03-14,920,721,0.6,kept,linear
2017-03-15,857,651,0.6,kept,linear
2017-03-16,835,641,0.598,kept,linear
2017-03-17,830,648,0.62,kept,linear
2017-03-20,812,620,0.576,kept,linear
2017-03-21,976,725,0.696,kept,linear
2017-03-22,913,700,0.694,kept,linear
2017-03-23,761,599,0.706,kept,linear
2017-03-24,734,586,0.622,kept,linear
2017-03-27,925,732,0.708,kept,linear
2017-03-28,993,772,0.75,kept,linear
2017-03-29,905,725,0.702,kept,linear
2017-03-30,828,643,0.658,kept,linear
2017-03-31,760,619,0.648,kept,linear
2017-04-03,940,731,0.756,kept,linear
2017-04-04,839,682,0.654,kept,linear
2017-04-05,1047,803,0.694,kept,linear
2017-04-06,725,595,0.642,kept,linear
2017-04-07,791,646,0.714,kept,linear
2017-04-10,901,712,0.692,kept,linear
2017-04-11,1061,820,0.696,kept,linear
2017-04-12,991,764,0.782,kept,linear
2017-04-13,931,730,0.624,kept,linear
2017-04-17,967,764,0.782,kept,linear
2017-04-18,968,744,0.778,kept,linear
2017-04-19,1024,779,0.606,kept,linear
2017-04-20,971,732,0.746,kept,linear
2017-04-21,877,672,0.612,kept,linear
2017-04-24,1104,837,0.674,kept,linear
2017-04-25,1183,913,0.732,kept,linear
2017-04-26,1123,873,0.63,kept,linear
2017-04-27,919,720,0.646,kept,linear
2017-04-28,966,751,0.642,kept,linear
2017-05-01,1001,773,0.648,kept,linear
2017-05-02,920,660,0.594,kept,linear
2017-05-03,1054,766,0.618,kept,linear
2017-05-04,930,642,0.614,kept,linear
2017-05-05,990,704,0.63,kept,linear
2017-05-08,1066,777,0.622,kept,linear
2017-05-09,1101,758,0.656,kept,linear
2017-05-10,1006,767,0.582,kept,linear
2017-05-11,1048,763,0.62,kept,linear
2017-05-12,1002,723,0.596,kept,linear
2017-05-15,1107,787,0.612,kept,linear
2017-05-16,1022,722,0.596,kept,linear
2017-05-17,1317,920,0.626,kept,linear
2017-05-18,1115,822,0.622,kept,linear
2017-05-19,1111,795,0.562,kept,linear
2017-05-22,1097,758,0.554,kept,linear
2017-05-23,1075,759,0.586,kept,linear
2017-05-24,1110,775,0.626,kept,linear
2017-05-25,1183,811,0.578,kept,linear
2017-05-26,960,716,0.558,kept,linear
2017-05-30,1015,726,0.562,kept,linear
2017-05-31,1131,813,0.55,kept,linear
2017-06-01,1158,777,0.57,kept,linear
2017-06-02,1229,857,0.594,kept,linear
2017-06-05,1116,768,0.542,kept,linear
2017-06-06,1052,742,0.598,kept,linear
2017-06-07,1009,722,0.578,kept,linear
2017-06-08,940,666,0.536,kept,linear
2017-06-09,1182,797,0.536,kept,linear
2017-06-12,1136,808,0.526,kept,linear
2017-06-13,1021,769,0.524,kept,linear
2017-06-14,1112,799,0.518,kept,linear
2017-06-15,1160,839,0.732,kept,linear
2017-06-16,1128,794,0.668,kept,linear
2017-06-19,1339,897,0.704,kept,linear
2017-06-20,1157,797,0.694,kept,linear
2017-06-21,1177,809,0.682,kept,linear
2017-06-22,911,678,0.736,kept,linear
2017-06-23,1025,742,0.652,kept,linear
2017-06-26,1155,772,0.698,kept,linear
2017-06-27,1301,817,0.72,kept,linear
2017-06-28,1182,852,0.724,kept,linear
2017-06-29,1345,880,0.732,kept,linear
2017-06-30,1202,825,0.75,kept,linear
2017-07-03,958,682,0.692,kept,linear
2017-07-05,972,710,0.738,kept,linear
2017-07-06,953,645,0.626,kept,linear
2017-07-07,1154,759,0.65,kept,linear
2017-07-10,1131,766,0.66,kept,linear
2017-07-11,1172,777,0.646,kept,linear
2017-07-12,1271,828,0.722,kept,linear
2017-07-13,1099,708,0.718,kept,linear
2017-07-14,1277,829,0.656,kept,linear
2017-07-17,1245,820,0.648,kept,linear
2017-07-18,1219,778,0.664,kept,linear
2017-07-19,1334,814,0.666,kept,linear
2017-07-20,1110,735,0.614,kept,linear
2017-07-21,1119,748,0.62,kept,linear
2017-07-24,1081,722,0.616,kept,linear
2017-07-25,1129,731,0.694,kept,linear
2017-07-26,1122,748,0.638,kept,linear
2017-07-27,1209,757,0.6,kept,linear
2017-07-28,1120,763,0.622,kept,linear
2017-07-31,1126,761,0.684,kept,linear
2017-08-01,1080,722,0.64,kept,linear
2017-08-02,1106,735,0.672,kept,linear
2017-08-03,967,634,0.596,kept,linear
2017-08-04,1027,667,0.628,kept,linear
2017-08-07,1014,703,0.634,kept,linear
2017-08-08,1181,764,0.588,kept,linear
2017-08-09,1288,827,0.606,kept,linear
2017-08-10,1271,815,0.602,kept,linear
2017-08-11,1241,803,0.594,kept,linear
2017-08-14,1294,813,0.568,kept,linear
2017-08-15,1126,749,0.568,kept,linear
2017-08-16,1158,778,0.556,kept,linear
2017-08-17,1174,786,0.674,kept,linear
2017-08-18,1207,786,0.612,kept,linear
2017-08-21,1148,767,0.622,kept,linear
2017-08-22,1139,766,0.584,kept,linear
2017-08-23,1127,805,0.57,kept,linear
2017-08-24,1005,714,0.584,kept,linear
2017-08-25,1032,708,0.562,kept,linear
2017-08-28,1076,754,0.566,kept,linear
2017-08-29,1076,749,0.506,kept,linear
2017-08-30,1147,796,0.57,kept,linear
2017-08-31,1210,795,0.572,kept,linear
2017-09-01,1206,789,0.56,kept,linear
2017-09-05,1256,812,0.576,kept,linear
2017-09-06,1239,809,0.54,kept,linear
2017-09-07,1078,756,0.558,kept,linear
2017-09-08,1119,769,0.522,kept,linear
2017-09-11,1366,892,0.54,kept,linear
2017-09-12,1305,888,0.554,kept,linear
2017-09-13,1307,889,0.532,kept,linear
2017-09-14,1090,757,0.52,kept,linear
2017-09-15,1239,822,0.464,kept,linear
2017-09-18,1360,873,0.534,kept,linear
2017-09-19,1197,795,0.578,kept,linear
2017-09-20,1388,859,0.566,kept,linear
2017-09-21,1186,802,0.694,kept,linear
2017-09-22,1170,789,0.648,kept,linear
2017-09-25,1298,892,0.76,kept,linear
2017-09-26,1151,801,0.664,kept,linear
2017-09-27,1363,926,0.788,kept,linear
2017-09-28,1136,772,0.682,kept,linear
2017-09-29,1436,937,0.756,kept,linear
2017-10-02,1330,865,0.656,kept,linear
2017-10-03,1211,803,0.766,kept,linear
2017-10-04,1367,893,0.674,kept,linear
2017-10-05,1358,880,0.646,kept,linear
2017-10-06,1220,835,0.72,kept,linear
2017-10-10,1154,759,0.742,kept,linear
2017-10-11,1208,806,0.72,kept,linear
2017-10-12,1149,722,0.66,kept,linear
2017-10-13,1158,767,0.722,kept,linear
2017-10-16,1219,801,0.646,kept,linear
2017-10-17,1106,728,0.652,kept,linear
2017-10-18,1320,845,0.686,kept,linear
2017-10-19,1115,765,0.6,kept,linear
2017-10-20,1285,856,0.662,kept,linear
2017-10-23,1219,817,0.642,kept,linear
2017-10-24,1115,753,0.688,kept,linear
2017-10-25,1367,897,0.638,kept,linear
2017-10-26,974,664,0.62,kept,linear
2017-10-27,1151,759,0.624,kept,linear
2017-10-30,1159,778,0.648,kept,linear
2017-10-31,1093,727,0.732,kept,linear
2017-11-01,1115,736,0.62,kept,linear
2017-11-02,1002,650,0.602,kept,linear
2017-11-03,1063,708,0.56,kept,linear
2017-11-06,1109,734,0.634,kept,linear
2017-11-07,1150,772,0.666,kept,linear
2017-11-08,1125,767,0.636,kept,linear
2017-11-09,1261,841,0.646,kept,linear
2017-11-10,1126,784,0.614,kept,linear
2017-11-13,1151,783,0.62,kept,linear
2017-11-14,1228,828,0.618,kept,linear
2017-11-15,1384,943,0.612,kept,linear
2017-11-16,1042,810,0.63,kept,linear
2017-11-17,1137,833,0.622,kept,linear
2017-11-20,1124,786,0.594,kept,linear
2017-11-21,1272,849,0.602,kept,linear
2017-11-22,1114,807,0.592,kept,linear
2017-11-24,902,630,0.502,kept,linear
2017-11-27,1093,771,0.592,kept,linear
2017-11-28,1257,816,0.544,kept,linear
2017-11-29,1300,855,0.544,kept,linear
2017-11-30,1117,766,0.532,kept,linear
2017-12-01,1301,843,0.538,kept,linear
2017-12-04,1242,824,0.546,kept,linear
2017-12-05,1107,742,0.578,kept,linear
2017-12-06,1125,773,0.49,kept,linear
2017-12-07,1008,691,0.554,kept,linear
2017-12-08,1136,783,0.508,kept,linear
2017-12-11,1250,822,0.518,kept,linear
2017-12-12,1238,803,0.512,kept,linear
2017-12-13,1228,802,0.514,kept,linear
2017-12-14,1156,781,0.506,kept,linear
2017-12-15,1323,854,0.528,kept,linear
2017-12-18,1446,906,0.546,kept,linear
2017-12-19,1292,823,0.524,kept,linear
2017-12-20,1165,784,0.466,kept,linear
2017-12-21,1101,760,0.754,kept,linear
2017-12-22,1097,762,0.652,kept,linear
2017-12-26,997,696,0.68,kept,linear
2017-12-27,1118,790,0.642,kept,linear
2017-12-28,953,670,0.74,kept,linear
2017-12-29,1070,741,0.688,kept,linear
2018-01-02,1160,716,0.782,kept,linear
2018-01-03,1179,778,0.728,kept,linear
2018-01-04,1232,780,0.724,kept,linear
2018-01-05,1311,811,0.716,kept,linear
2018-01-08,1348,854,0.712,kept,linear
2018-01-09,1329,881,0.724,kept,linear
2018-01-10,1427,895,0.7,kept,linear
2018-01-11,1363,828,0.732,kept,linear
2018-01-12,1490,912,0.718,kept,linear
2018-01-16,1638,935,0.708,kept,linear
2018-01-17,1625,961,0.772,kept,linear
2018-01-18,1342,862,0.734,kept,linear
2018-01-19,1355,890,0.768,kept,linear
2018-01-22,1441,928,0.722,kept,linear
2018-01-23,1480,943,0.734,kept,linear
2018-01-24,1614,1008,0.758,kept,linear
2018-01-25,1363,884,0.728,kept,linear
2018-01-26,1506,955,0.786,kept,linear
2018-01-29,1612,1016,0.772,kept,linear
2018-01-30,1583,983,0.754,kept,linear
2018-01-31,1427,926,0.754,kept,linear
2018-02-01,1216,773,0.712,kept,linear
2018-02-02,1623,994,0.728,kept,linear
2018-02-05,1668,1048,0.742,kept,linear
2018-02-06,1701,1035,0.688,kept,linear
2018-02-07,1709,1101,0.778,kept,linear
2018-02-08,1597,989,0.712,kept,linear
2018-02-09,1592,1017,0.706,kept,linear
2018-02-12,1697,1008,0.714,kept,linear
2018-02-13,1370,850,0.71,kept,linear
2018-02-14,1497,967,0.686,kept,linear
2018-02-15,1182,846,0.674,kept,linear
2018-02-16,1330,921,0.704,kept,linear
2018-02-20,1148,836,0.7,kept,linear
2018-02-21,1273,904,0.722,kept,linear
2018-02-22,1046,771,0.686,kept,linear
2018-02-23,1112,796,0.644,kept,linear
2018-02-26,1491,969,0.66,kept,linear
2018-02-27,1441,952,0.652,kept,linear
2018-02-28,1267,832,0.638,kept,linear
2018-03-01,1436,934,0.666,kept,linear
2018-03-02,1400,932,0.658,kept,linear
2018-03-05,1358,912,0.652,kept,linear
2018-03-06,1220,849,0.678,kept,linear
2018-03-07,1265,862,0.634,kept,linear
2018-03-08,1108,779,0.648,kept,linear
2018-03-09,1486,928,0.702,kept,linear
2018-03-12,1554,1008,0.698,kept,linear
2018-03-13,1684,1093,0.632,kept,linear
2018-03-14,1522,1076,0.612,kept,linear
2018-03-15,1418,974,0.774,kept,linear
2018-03-16,1430,977,0.75,kept,linear
2018-03-19,1774,1141,0.81,kept,linear
2018-03-20,1383,946,0.768,kept,linear
2018-03-21,1454,990,0.672,kept,linear
2018-03-22,1617,1097,0.744,kept,linear
2018-03-23,1600,1046,0.768,kept,linear
2018-03-26,1764,1196,0.76,kept,linear
2018-03-27,1473,1007,0.74,kept,linear
2018-03-28,1439,1042,0.758,kept,linear
2018-03-29,1351,923,0.756,kept,linear
2018-04-02,1651,1069,0.738,kept,linear
2018-04-03,1427,932,0.734,kept,linear
2018-04-04,1487,1010,0.7,kept,linear
2018-04-05,1322,889,0.73,kept,linear
2018-04-06,1470,951,0.76,kept,linear
2018-04-09,1360,937,0.712,kept,linear
2018-04-10,1329,904,0.732,kept,linear
2018-04-11,1319,909,0.748,kept,linear
2018-04-12,1334,877,0.71,kept,linear
2018-04-13,1488,957,0.682,kept,linear
2018-04-16,1644,1046,0.724,kept,linear
2018-04-17,1766,1101,0.69,kept,linear
2018-04-18,1533,1006,0.648,kept,linear
2018-04-19,1377,988,0.618,kept,linear
2018-04-20,1495,1024,0.7,kept,linear
2018-04-23,1434,1013,0.644,kept,linear
2018-04-24,1705,1117,0.684,kept,linear
2018-04-25,1513,1058,0.688,kept,linear
2018-04-26,1330,907,0.648,kept,linear
2018-04-27,1217,843,0.648,kept,linear
2018-04-30,1359,990,0.714,kept,linear
2018-05-01,1485,1021,0.686,kept,linear
2018-05-02,1338,928,0.688,kept,linear
2018-05-03,1458,945,0.678,kept,linear
2018-05-04,1387,941,0.676,kept,linear
2018-05-07,1441,999,0.634,kept,linear
2018-05-08,1292,879,0.67,kept,linear
2018-05-09,1545,1066,0.688,kept,linear
2018-05-10,1527,1017,0.646,kept,linear
2018-05-11,1362,968,0.642,kept,linear
2018-05-14,1461,992,0.648,kept,linear
2018-05-15,1460,985,0.678,kept,linear
2018-05-16,1348,944,0.636,kept,linear
2018-05-17,1013,769,0.596,kept,linear
2018-05-18,1072,814,0.604,kept,linear
2018-05-21,1272,927,0.616,kept,linear
2018-05-22,1263,910,0.592,kept,linear
2018-05-23,1317,954,0.606,kept,linear
2018-05-24,1161,872,0.604,kept,linear
2018-05-25,1034,773,0.57,kept,linear
2018-05-29,1526,1015,0.61,kept,linear
2018-05-30,1314,941,0.596,kept,linear
2018-05-31,1120,830,0.56,kept,linear
2018-06-01,1356,997,0.628,kept,linear
2018-06-04,1289,909,0.578,kept,linear
2018-06-05,1296,948,0.548,kept,linear
2018-06-06,1540,1100,0.594,kept,linear
2018-06-07,1275,910,0.568,kept,linear
2018-06-08,1146,801,0.546,kept,linear
2018-06-11,1383,956,0.554,kept,linear
2018-06-12,1193,853,0.556,kept,linear
2018-06-13,1322,934,0.56,kept,linear
2018-06-14,1164,848,0.558,kept,linear
2018-06-15,1411,976,0.546,kept,linear
2018-06-18,1357,935,0.568,kept,linear
2018-06-19,1482,984,0.56,kept,linear
2018-06-20,1279,893,0.532,kept,linear
2018-06-21,1276,944,0.782,kept,linear
2018-06-22,1090,833,0.746,kept,linear
2018-06-25,1572,1043,0.722,kept,linear
2018-06-26,1355,998,0.804,kept,linear
2018-06-27,1571,1131,0.754,kept,linear
2018-06-28,1394,994,0.744,kept,linear
2018-06-29,1367,961,0.762,kept,linear
2018-07-02,1313,895,0.76,kept,linear
2018-07-03,1070,755,0.758,kept,linear
2018-07-05,1115,797,0.718,kept,linear
2018-07-06,1363,926,0.722,kept,linear
2018-07-09,1412,1007,0.758,kept,linear
2018-07-10,1397,959,0.806,kept,linear
2018-07-11,1379,978,0.718,kept,linear
2018-07-12,1265,871,0.736,kept,linear
2018-07-13,1250,861,0.678,kept,linear
2018-07-16,1300,893,0.676,kept,linear
2018-07-17,1417,945,0.688,kept,linear
2018-07-18,1398,962,0.674,kept,linear
2018-07-19,1118,845,0.652,kept,linear
2018-07-20,1061,826,0.7,kept,linear
2018-07-23,1079,833,0.7,kept,linear
2018-07-24,1312,926,0.688,kept,linear
2018-07-25,1400,1010,0.672,kept,linear
2018-07-26,1177,859,0.708,kept,linear
2018-07-27,1349,983,0.692,kept,linear
2018-07-30,1295,936,0.684,kept,linear
2018-07-31,1150,829,0.654,kept,linear
2018-08-01,1179,865,0.632,kept,linear
2018-08-02,1105,785,0.618,kept,linear
2018-08-03,1238,885,0.626,kept,linear
2018-08-06,1348,947,0.668,kept,linear
2018-08-07,1404,995,0.654,kept,linear
2018-08-08,1274,916,0.602,kept,linear
2018-08-09,1090,786,0.662,kept,linear
2018-08-10,1462,1060,0.634,kept,linear
2018-08-13,1502,1058,0.638,kept,linear
2018-08-14,1172,820,0.648,kept,linear
2018-08-15,1689,1166,0.646,kept,linear
2018-08-16,1312,952,0.656,kept,linear
2018-08-17,1334,918,0.612,kept,linear
2018-08-20,1337,900,0.622,kept,linear
2018-08-21,1518,998,0.64,kept,linear
2018-08-22,1270,891,0.58,kept,linear
2018-08-23,1046,821,0.582,kept,linear
2018-08-24,1197,887,0.596,kept,linear
2018-08-27,1469,1077,0.624,kept,linear
2018-08-28,1285,953,0.632,kept,linear
2018-08-29,1495,1067,0.64,kept,linear
2018-08-30,1292,961,0.608,kept,linear
2018-08-31,1217,882,0.576,kept,linear
2018-09-04,1235,899,0.61,kept,linear
2018-09-05,1402,1013,0.608,kept,linear
2018-09-06,1303,956,0.582,kept,linear
2018-09-07,1248,906,0.588,kept,linear
2018-09-10,1207,900,0.56,kept,linear
2018-09-11,1306,941,0.578,kept,linear
2018-09-12,1414,997,0.532,kept,linear
2018-09-13,1303,932,0.564,kept,linear
2018-09-14,1367,967,0.548,kept,linear
2018-09-17,1535,1073,0.58,kept,linear
2018-09-18,1449,1004,0.582,kept,linear
2018-09-19,1373,955,0.566,kept,linear
2018-09-20,1519,1075,0.806,kept,linear
2018-09-21,1343,980,0.778,kept,linear
2018-09-24,1267,957,0.744,kept,linear
2018-09-25,1154,902,0.748,kept,linear
2018-09-26,1292,983,0.73,kept,linear
2018-09-27,1142,856,0.724,kept,linear
2018-09-28,1142,836,0.738,kept,linear
2018-10-01,1332,938,0.734,kept,linear
2018-10-02,1171,814,0.756,kept,linear
2018-10-03,1317,946,0.768,kept,linear
2018-10-04,1439,993,0.744,kept,linear
2018-10-05,1482,1040,0.774,kept,linear
2018-10-09,1251,924,0.762,kept,linear
2018-10-10,1847,1183,0.814,kept,linear
2018-10-11,1866,1155,0.808,kept,linear
2018-10-12,1562,1034,0.724,kept,linear
2018-10-15,1513,1007,0.744,kept,linear
2018-10-16,1664,1070,0.724,kept,linear
2018-10-17,1548,1011,0.75,kept,linear
2018-10-18,1295,905,0.736,kept,linear
2018-10-19,1225,868,0.72,kept,linear
2018-10-22,1218,865,0.73,kept,linear
2018-10-23,1689,1122,0.746,kept,linear
2018-10-24,1733,1167,0.76,kept,linear
2018-10-25,1485,990,0.746,kept,linear
2018-10-26,1666,1103,0.734,kept,linear
2018-10-29,1601,1051,0.738,kept,linear
2018-10-30,1380,944,0.702,kept,linear
2018-10-31,1549,1052,0.738,kept,linear
2018-11-01,1223,854,0.676,kept,linear
2018-11-02,1250,872,0.712,kept,linear
2018-11-05,1097,778,0.72,kept,linear
2018-11-06,1095,769,0.694,kept,linear
2018-11-07,1659,1099,0.662,kept,linear
2018-11-08,1147,830,0.708,kept,linear
2018-11-09,1372,932,0.668,kept,linear
2018-11-13,1397,932,0.728,kept,linear
2018-11-14,1520,1050,0.68,kept,linear
2018-11-15,1440,961,0.706,kept,linear
2018-11-16,1271,883,0.574,kept,linear
2018-11-19,1519,1017,0.688,kept,linear
2018-11-20,1770,1132,0.704,kept,linear
2018-11-21,1443,947,0.684,kept,linear
2018-11-23,878,678,0.604,kept,linear
2018-11-26,1257,932,0.676,kept,linear
2018-11-27,1128,869,0.642,kept,linear
2018-11-28,1557,1115,0.666,kept,linear
2018-11-29,1085,783,0.626,kept,linear
2018-11-30,1135,831,0.642,kept,linear
2018-12-03,1350,934,0.664,kept,linear
2018-12-04,1430,971,0.632,kept,linear
2018-12-06,1356,921,0.636,kept,linear
2018-12-07,1436,968,0.652,kept,linear
2018-12-10,1714,1104,0.63,kept,linear
2018-12-11,1353,913,0.612,kept,linear
2018-12-12,1363,953,0.59,kept,linear
2018-12-13,1126,776,0.608,kept,linear
2018-12-14,1505,986,0.614,kept,linear
2018-12-17,1837,1124,0.608,kept,linear
2018-12-18,1686,1027,0.642,kept,linear
2018-12-20,1783,1161,0.874,kept,linear
2018-12-21,1665,1121,0.828,kept,linear
2018-12-26,1914,1239,0.828,kept,linear
2018-12-27,1653,1101,0.826,kept,linear
2018-12-28,1566,1051,0.826,kept,linear
2018-12-31,1466,984,0.81,kept,linear
2019-01-02,1399,926,0.8,kept,linear
2019-01-03,1423,939,0.822,kept,linear
2019-01-04,1544,1003,0.828,kept,linear
2019-01-07,1606,1028,0.826,kept,linear
2019-01-08,1470,971,0.826,kept,linear
2019-01-09,1428,966,0.798,kept,linear
2019-01-10,1215,799,0.816,kept,linear
2019-01-11,1247,833,0.806,kept,linear
2019-01-14,1297,879,0.748,kept,linear
2019-01-15,1493,964,0.802,kept,linear
2019-01-16,1551,1001,0.798,kept,linear
2019-01-17,1199,857,0.832,kept,linear
2019-01-18,1526,1035,0.808,kept,linear
2019-01-22,1425,1000,0.792,kept,linear
2019-01-23,1282,960,0.812,kept,linear
2019-01-24,1067,795,0.808,kept,linear
2019-01-25,1317,929,0.764,kept,linear
2019-01-28,1212,860,0.804,kept,linear
2019-01-29,1010,732,0.796,kept,linear
2019-01-30,1254,865,0.802,kept,linear
2019-01-31,1333,914,0.79,kept,linear
2019-02-01,1280,902,0.794,kept,linear
2019-02-04,1315,915,0.754,kept,linear
2019-02-05,1441,980,0.76,kept,linear
2019-02-06,1234,916,0.782,kept,linear
2019-02-07,1444,1000,0.742,kept,linear
2019-02-08,1275,886,0.75,kept,linear
2019-02-11,1233,858,0.74,kept,linear
2019-02-12,1493,974,0.738,kept,linear
2019-02-13,1548,1049,0.76,kept,linear
2019-02-14,957,726,0.728,kept,linear
2019-02-15,1253,917,0.728,kept,linear
2019-02-19,1290,912,0.748,kept,linear
2019-02-20,1141,852,0.748,kept,linear
2019-02-21,1140,837,0.728,kept,linear
2019-02-22,1236,871,0.656,kept,linear
2019-02-25,1412,986,0.708,kept,linear
2019-02-26,1198,873,0.686,kept,linear
2019-02-27,1191,893,0.69,kept,linear
2019-02-28,962,709,0.686,kept,linear
2019-03-01,1229,863,0.668,kept,linear
2019-03-04,1536,1048,0.678,kept,linear
2019-03-05,1184,871,0.688,kept,linear
2019-03-06,1429,1015,0.678,kept,linear
2019-03-07,1546,1030,0.692,kept,linear
2019-03-08,1582,1054,0.708,kept,linear
2019-03-11,1542,1050,0.718,kept,linear
2019-03-12,1519,1057,0.666,kept,linear
2019-03-13,1705,1182,0.64,kept,linear
2019-03-14,1211,876,0.63,kept,linear
2019-03-15,1617,1050,0.658,kept,linear
2019-03-18,1662,1100,0.652,kept,linear
2019-03-19,1757,1160,0.656,kept,linear
2019-03-20,1310,936,0.636,kept,linear
2019-03-21,1346,962,0.812,kept,linear
2019-03-22,1598,1122,0.748,kept,linear
2019-03-25,1536,1075,0.786,kept,linear
2019-03-26,1387,979,0.774,kept,linear
2019-03-27,1514,1095,0.792,kept,linear
2019-03-28,1186,851,0.746,kept,linear
2019-03-29,1444,1028,0.764,kept,linear
2019-04-01,1505,1050,0.81,kept,linear
2019-04-02,1282,874,0.776,kept,linear
2019-04-03,1569,1068,0.732,kept,linear
2019-04-04,1111,756,0.74,kept,linear
2019-04-05,1296,885,0.728,kept,linear
2019-04-08,1286,871,0.762,kept,linear
2019-04-09,1338,963,0.758,kept,linear
2019-04-10,1172,857,0.738,kept,linear
2019-04-11,1141,781,0.746,kept,linear
2019-04-12,1388,915,0.73,kept,linear
2019-04-15,1284,893,0.74,kept,linear
2019-04-16,1422,974,0.742,kept,linear
2019-04-17,1359,912,0.732,kept,linear
2019-04-18,1117,817,0.744,kept,linear
2019-04-22,1031,782,0.702,kept,linear
2019-04-23,1424,1005,0.718,kept,linear
2019-04-24,1193,901,0.712,kept,linear
2019-04-25,1140,819,0.742,kept,linear
2019-04-26,1176,822,0.748,kept,linear
2019-04-29,1373,972,0.736,kept,linear
2019-04-30,1284,937,0.726,kept,linear
2019-05-01,1363,988,0.74,kept,linear
2019-05-02,1364,937,0.698,kept,linear
2019-05-03,1241,875,0.72,kept,linear
2019-05-06,1416,991,0.728,kept,linear
2019-05-07,1748,1157,0.686,kept,linear
2019-05-08,1509,1055,0.69,kept,linear
2019-05-09,1514,1031,0.66,kept,linear
2019-05-10,1459,1019,0.694,kept,linear
2019-05-13,1780,1157,0.718,kept,linear
2019-05-14,1579,1063,0.662,kept,linear
2019-05-15,1486,1027,0.686,kept,linear
2019-05-16,1505,1020,0.684,kept,linear
2019-05-17,1409,929,0.626,kept,linear
2019-05-20,1425,940,0.684,kept,linear
2019-05-21,1294,888,0.662,kept,linear
2019-05-22,1329,922,0.692,kept,linear
2019-05-23,1402,992,0.684,kept,linear
2019-05-24,1098,831,0.636,kept,linear
2019-05-28,1380,991,0.672,kept,linear
2019-05-29,1799,1272,0.674,kept,linear
2019-05-30,1361,999,0.652,kept,linear
2019-05-31,1729,1231,0.656,kept,linear
2019-06-03,1810,1248,0.672,kept,linear
2019-06-04,1782,1215,0.656,kept,linear
2019-06-05,1760,1259,0.624,kept,linear
2019-06-06,1611,1131,0.658,kept,linear
2019-06-07,1923,1308,0.632,kept,linear
2019-06-10,1771,1218,0.63,kept,linear
2019-06-11,1581,1101,0.608,kept,linear
2019-06-12,1391,1025,0.618,kept,linear
2019-06-13,1204,899,0.604,kept,linear
2019-06-14,1384,1015,0.58,kept,linear
2019-06-17,1442,1031,0.586,kept,linear
2019-06-18,1794,1179,0.578,kept,linear
2019-06-19,1614,1083,0.606,kept,linear
2019-06-20,1772,1253,0.814,kept,linear
2019-06-21,1615,1185,0.778,kept,linear
2019-06-24,1380,1059,0.792,kept,linear
2019-06-25,1719,1211,0.776,kept,linear
2019-06-26,1434,1085,0.744,kept,linear
2019-06-27,1213,935,0.79,kept,linear
2019-06-28,1419,1040,0.77,kept,linear
2019-07-01,1731,1241,0.762,kept,linear
2019-07-02,1483,1037,0.782,kept,linear
2019-07-03,1486,1065,0.742,kept,linear
2019-07-05,1412,1015,0.75,kept,linear
2019-07-08,1476,1073,0.76,kept,linear
2019-07-09,1307,964,0.756,kept,linear
2019-07-10,1556,1086,0.748,kept,linear
2019-07-11,1360,990,0.736,kept,linear
2019-07-12,1521,1066,0.748,kept,linear
2019-07-15,1509,1059,0.76,kept,linear
2019-07-16,1503,1025,0.764,kept,linear
2019-07-17,1529,1079,0.742,kept,linear
2019-07-18,1297,984,0.72,kept,linear
2019-07-19,1434,1070,0.718,kept,linear
2019-07-22,1261,980,0.706,kept,linear
2019-07-23,1302,975,0.696,kept,linear
2019-07-24,1421,1034,0.714,kept,linear
2019-07-25,1434,1003,0.69,kept,linear
2019-07-26,1313,944,0.678,kept,linear
2019-07-29,1317,967,0.706,kept,linear
2019-07-30,1385,1013,0.7,kept,linear
2019-07-31,1685,1164,0.718,kept,linear
2019-08-01,1694,1125,0.696,kept,linear
2019-08-02,1902,1259,0.716,kept,linear
2019-08-05,2166,1399,0.76,kept,linear
2019-08-06,1782,1194,0.692,kept,linear
2019-08-07,1833,1263,0.714,kept,linear
2019-08-08,1652,1152,0.68,kept,linear
2019-08-09,1621,1115,0.694,kept,linear
2019-08-12,1701,1182,0.694,kept,linear
2019-08-13,1756,1198,0.698,kept,linear
2019-08-14,2019,1373,0.696,kept,linear
2019-08-15,1663,1141,0.704,kept,linear
2019-08-16,1700,1171,0.7,kept,linear
2019-08-19,1776,1236,0.672,kept,linear
2019-08-20,1509,1045,0.65,kept,linear
2019-08-21,1621,1132,0.67,kept,linear
2019-08-22,1341,1011,0.698,kept,linear
2019-08-23,1745,1232,0.708,kept,linear
2019-08-26,1637,1216,0.66,kept,linear
2019-08-27,1550,1141,0.662,kept,linear
2019-08-28,1571,1169,0.65,kept,linear
2019-08-29,1491,1076,0.654,kept,linear
2019-08-30,1384,1029,0.638,kept,linear
2019-09-03,1313,952,0.636,kept,linear
2019-09-04,1392,1009,0.642,kept,linear
2019-09-05,1531,1052,0.638,kept,linear
2019-09-06,1421,991,0.614,kept,linear
2019-09-09,1405,1019,0.596,kept,linear
2019-09-10,1377,994,0.604,kept,linear
2019-09-11,1684,1179,0.584,kept,linear
2019-09-12,1646,1101,0.598,kept,linear
2019-09-13,1471,1038,0.6,kept,linear
2019-09-16,1535,1115,0.588,kept,linear
2019-09-17,1367,968,0.6,kept,linear
2019-09-18,1611,1115,0.592,kept,linear
2019-09-19,1430,1061,0.818,kept,linear
2019-09-20,1451,1085,0.774,kept,linear
2019-09-23,1429,1086,0.756,kept,linear
2019-09-24,1731,1229,0.786,kept,linear
2019-09-25,1603,1189,0.76,kept,linear
2019-09-26,1285,960,0.76,kept,linear
2019-09-27,1617,1151,0.788,kept,linear
2019-09-30,1439,1064,0.742,kept,linear
2019-10-01,1728,1215,0.854,kept,linear
2019-10-02,1917,1283,0.812,kept,linear
2019-10-03,1628,1113,0.788,kept,linear
2019-10-04,1705,1169,0.762,kept,linear
2019-10-07,1452,1056,0.804,kept,linear
2019-10-08,1397,967,0.79,kept,linear
2019-10-09,1368,1018,0.754,kept,linear
2019-10-10,1436,1038,0.774,kept,linear
2019-10-11,1299,944,0.75,kept,linear
2019-10-15,1698,1166,0.732,kept,linear
2019-10-16,1583,1128,0.766,kept,linear
2019-10-17,1300,1034,0.732,kept,linear
2019-10-18,1328,1036,0.734,kept,linear
2019-10-21,1339,1032,0.758,kept,linear
2019-10-22,1352,1018,0.738,kept,linear
2019-10-23,1274,980,0.758,kept,linear
2019-10-24,1201,930,0.786,kept,linear
2019-10-25,1493,1084,0.792,kept,linear
2019-10-28,1542,1117,0.762,kept,linear
2019-10-29,1368,1019,0.778,kept,linear
2019-10-30,1405,1045,0.754,kept,linear
2019-10-31,1335,957,0.746,kept,linear
2019-11-01,1607,1124,0.734,kept,linear
2019-11-04,1656,1147,0.734,kept,linear
2019-11-05,1359,997,0.726,kept,linear
2019-11-06,1366,974,0.718,kept,linear
2019-11-07,1462,1040,0.71,kept,linear
2019-11-08,1393,1005,0.696,kept,linear
2019-11-12,1476,1064,0.692,kept,linear
2019-11-13,1471,1072,0.706,kept,linear
2019-11-14,1326,960,0.696,kept,linear
2019-11-15,1772,1218,0.718,kept,linear
2019-11-18,1663,1147,0.648,kept,linear
2019-11-19,1515,1053,0.68,kept,linear
2019-11-20,1625,1139,0.676,kept,linear
2019-11-21,1288,1013,0.782,kept,linear
2019-11-22,1264,986,0.762,kept,linear
2019-11-25,1539,1153,0.778,kept,linear
2019-11-26,1467,1070,0.72,kept,linear
2019-11-27,1716,1265,0.728,kept,linear
2019-11-29,1185,897,0.72,kept,linear
2019-12-02,1539,1087,0.716,kept,linear
2019-12-03,1726,1203,0.734,kept,linear
2019-12-04,1449,1082,0.736,kept,linear
2019-12-05,1120,842,0.732,kept,linear
2019-12-06,1557,1114,0.752,kept,linear
2019-12-09,1438,1075,0.732,kept,linear
2019-12-10,1291,957,0.698,kept,linear
2019-12-11,1318,1002,0.722,kept,linear
2019-12-12,1641,1151,0.72,kept,linear
2019-12-13,1615,1152,0.692,kept,linear
2019-12-16,1962,1351,0.708,kept,linear
2019-12-17,1547,1085,0.684,kept,linear
2019-12-18,1692,1204,0.628,kept,linear
2019-12-19,1490,1134,0.798,kept,linear
2019-12-20,1694,1249,0.778,kept,linear
2019-12-23,1490,1090,0.782,kept,linear
2019-12-24,1022,796,0.752,kept,linear
2019-12-26,1379,1026,0.746,kept,linear
2019-12-27,1580,1143,0.762,kept,linear
2019-12-30,1727,1256,0.792,kept,linear
2019-12-31,1613,1181,0.766,kept,linear
2020-01-02,1622,1142,0.734,kept,linear
2020-01-03,1654,1220,0.768,kept,linear
2020-01-06,1660,1216,0.72,kept,linear
2020-01-07,1483,1081,0.744,kept,linear
2020-01-08,1910,1295,0.762,kept,linear
2020-01-09,1718,1199,0.76,kept,linear
2020-01-10,1820,1280,0.77,kept,linear
2020-01-13,1890,1332,0.73,kept,linear
2020-01-14,1855,1279,0.728,kept,linear
2020-01-15,1801,1278,0.74,kept,linear
2020-01-16,1932,1304,0.786,kept,linear
2020-01-17,2004,1375,0.734,kept,linear
2020-01-21,1827,1260,0.748,kept,linear
2020-01-22,1962,1297,0.746,kept,linear
2020-01-23,1595,1183,0.74,kept,linear
2020-01-24,1810,1318,0.774,kept,linear
2020-01-27,2040,1486,0.764,kept,linear
2020-01-28,1705,1272,0.754,kept,linear
2020-01-29,1474,1127,0.776,kept,linear
2020-01-30,1616,1166,0.748,kept,linear
2020-01-31,2044,1402,0.744,kept,linear
2020-02-03,1796,1301,0.722,kept,linear
2020-02-04,1820,1312,0.71,kept,linear
2020-02-05,1946,1386,0.702,kept,linear
2020-02-06,1687,1192,0.71,kept,linear
2020-02-07,1699,1218,0.704,kept,linear
2020-02-10,1752,1270,0.706,kept,linear
2020-02-11,2054,1394,0.712,kept,linear
2020-02-12,1981,1382,0.744,kept,linear
2020-02-13,1714,1223,0.722,kept,linear
2020-02-14,1658,1202,0.722,kept,linear
2020-02-18,1903,1280,0.706,kept,linear
2020-02-19,1928,1310,0.704,kept,linear
2020-02-20,1620,1181,0.704,kept,linear
2020-02-21,1893,1375,0.684,kept,linear
2020-02-24,2468,1736,0.698,kept,linear
2020-02-25,2580,1743,0.722,kept,linear
2020-02-26,2453,1725,0.718,kept,linear
2020-02-27,2628,1818,0.726,kept,linear
2020-02-28,2468,1657,0.704,kept,linear
2020-03-02,2320,1582,0.73,kept,linear
2020-03-03,2075,1404,0.724,kept,linear
2020-03-04,2285,1557,0.728,kept,linear
2020-03-05,1842,1274,0.724,kept,linear
2020-03-06,2070,1396,0.736,kept,linear
2020-03-09,2344,1505,0.734,kept,linear
2020-03-10,2430,1566,0.684,kept,linear
2020-03-11,2006,1313,0.69,kept,linear
2020-03-12,1870,1195,0.69,kept,linear
2020-03-13,2145,1311,0.682,kept,linear
2020-03-16,1717,1082,0.688,kept,linear
2020-03-17,2023,1194,0.69,kept,linear
2020-03-18,1751,1056,0.688,kept,linear
2020-03-19,1501,997,0.872,kept,linear
2020-03-20,1469,954,0.828,kept,linear
2020-03-23,1524,943,0.828,kept,linear
2020-03-24,1839,1144,0.828,kept,linear
2020-03-25,2042,1324,0.824,kept,linear
2020-03-26,1854,1174,0.824,kept,linear
2020-03-27,1665,1089,0.822,kept,linear
2020-03-30,1739,1133,0.808,kept,linear
2020-03-31,1868,1201,0.828,kept,linear
2020-04-01,1636,1035,0.828,kept,linear
2020-04-02,1407,904,0.828,kept,linear
2020-04-03,1433,903,0.826,kept,linear
2020-04-06,1831,1122,0.78,kept,linear
2020-04-07,2102,1265,0.828,kept,linear
2020-04-08,1785,1145,0.826,kept,linear
2020-04-09,1947,1150,0.824,kept,linear
2020-04-13,1841,1110,0.82,kept,linear
2020-04-14,1981,1196,0.822,kept,linear
2020-04-15,1848,1184,0.802,kept,linear
2020-04-16,1103,828,0.808,kept,linear
2020-04-17,1502,1065,0.812,kept,linear
2020-04-20,1566,1120,0.782,kept,linear
2020-04-21,1462,1029,0.778,kept,linear
2020-04-22,1404,1019,0.774,kept,linear
2020-04-23,1289,919,0.782,kept,linear
2020-04-24,1344,964,0.782,kept,linear
2020-04-27,1640,1122,0.782,kept,linear
2020-04-28,1541,1049,0.758,kept,linear
2020-04-29,1834,1179,0.764,kept,linear
2020-04-30,1440,952,0.764,kept,linear
2020-05-01,1635,1024,0.746,kept,linear
2020-05-04,1539,1028,0.778,kept,linear
2020-05-05,1586,1051,0.752,kept,linear
2020-05-06,1545,1026,0.736,kept,linear
2020-05-07,1262,836,0.73,kept,linear
2020-05-08,1426,903,0.72,kept,linear
2020-05-11,1677,1031,0.726,kept,linear
2020-05-12,1687,1060,0.722,kept,linear
2020-05-13,2144,1279,0.724,kept,linear
2020-05-14,1854,1135,0.724,kept,linear
2020-05-15,1631,1027,0.726,kept,linear
2020-05-18,1897,1166,0.736,kept,linear
2020-05-19,1636,1060,0.73,kept,linear
2020-05-20,1708,1097,0.716,kept,linear
2020-05-21,1182,863,0.722,kept,linear
2020-05-22,1053,810,0.714,kept,linear
2020-05-26,1670,1121,0.676,kept,linear
2020-05-27,1656,1110,0.686,kept,linear
2020-05-28,1598,1045,0.69,kept,linear
2020-05-29,1491,1020,0.68,kept,linear
2020-06-01,1129,788,0.686,kept,linear
2020-06-02,1308,879,0.652,kept,linear
2020-06-03,1611,956,0.682,kept,linear
2020-06-04,1278,830,0.67,kept,linear
2020-06-05,1780,1034,0.674,kept,linear
2020-06-08,1600,979,0.674,kept,linear
2020-06-09,1521,960,0.662,kept,linear
2020-06-10,1458,957,0.626,kept,linear
2020-06-11,2121,1163,0.644,kept,linear
2020-06-12,1916,1127,0.638,kept,linear
2020-06-15,1832,1118,0.634,kept,linear
2020-06-16,1828,1156,0.642,kept,linear
2020-06-17,1493,982,0.64,kept,linear
2020-06-18,1054,772,0.86,kept,linear
2020-06-19,1366,947,0.812,kept,linear
2020-06-22,1295,945,0.82,kept,linear
2020-06-23,1327,954,0.806,kept,linear
2020-06-24,1606,1094,0.822,kept,linear
2020-06-25,1350,959,0.824,kept,linear
2020-06-26,1547,1047,0.828,kept,linear
2020-06-29,1521,1071,0.816,kept,linear
2020-06-30,1799,1199,0.822,kept,linear
2020-07-01,1631,1150,0.828,kept,linear
2020-07-02,1481,1002,0.8,kept,linear
2020-07-06,1534,1018,0.802,kept,linear
2020-07-07,1476,1019,0.742,kept,linear
2020-07-08,1631,1139,0.788,kept,linear
2020-07-09,1399,941,0.804,kept,linear
2020-07-10,1488,1039,0.816,kept,linear
2020-07-13,1863,1178,0.772,kept,linear
2020-07-14,1575,1075,0.786,kept,linear
2020-07-15,1652,1131,0.798,kept,linear
2020-07-16,1389,916,0.806,kept,linear
2020-07-17,1502,1020,0.814,kept,linear
2020-07-20,1605,1057,0.766,kept,linear
2020-07-21,1722,1123,0.76,kept,linear
2020-07-22,1612,1013,0.77,kept,linear
2020-07-23,1469,976,0.752,kept,linear
2020-07-24,1599,1139,0.778,kept,linear
2020-07-27,1287,956,0.766,kept,linear
2020-07-28,1427,1024,0.774,kept,linear
2020-07-29,1392,1033,0.756,kept,linear
2020-07-30,1371,957,0.752,kept,linear
2020-07-31,1499,1049,0.75,kept,linear
2020-08-03,1423,928,0.768,kept,linear
2020-08-04,1283,875,0.766,kept,linear
2020-08-05,1467,967,0.702,kept,linear
2020-08-06,1387,868,0.736,kept,linear
2020-08-07,1315,846,0.724,kept,linear
2020-08-10,1346,857,0.728,kept,linear
2020-08-11,1554,980,0.728,kept,linear
2020-08-12,1478,938,0.728,kept,linear
2020-08-13,1392,851,0.714,kept,linear
2020-08-14,1204,811,0.726,kept,linear
2020-08-17,1234,839,0.698,kept,linear
2020-08-18,1333,893,0.72,kept,linear
2020-08-19,1508,994,0.712,kept,linear
2020-08-20,1022,771,0.704,kept,linear
2020-08-21,1094,828,0.686,kept,linear
2020-08-24,1348,958,0.684,kept,linear
2020-08-25,1394,983,0.688,kept,linear
2020-08-26,1598,1096,0.682,kept,linear
2020-08-27,1537,1047,0.656,kept,linear
2020-08-28,1423,997,0.682,kept,linear
2020-08-31,1446,987,0.674,kept,linear
2020-09-01,1326,943,0.682,kept,linear
2020-09-02,1642,1054,0.656,kept,linear
2020-09-03,1721,1083,0.678,kept,linear
2020-09-04,1761,1121,0.67,kept,linear
2020-09-08,1839,1238,0.686,kept,linear
2020-09-09,1864,1276,0.638,kept,linear
2020-09-10,1512,1001,0.64,kept,linear
2020-09-11,1540,1039,0.644,kept,linear
2020-09-14,1511,1046,0.644,kept,linear
2020-09-15,1512,1022,0.634,kept,linear
2020-09-16,1519,1050,0.64,kept,linear
2020-09-17,1453,1066,0.868,kept,linear
2020-09-18,1616,1180,0.828,kept,linear
2020-09-21,1921,1378,0.812,kept,linear
2020-09-22,1641,1220,0.82,kept,linear
2020-09-23,1896,1352,0.812,kept,linear
2020-09-24,1639,1153,0.794,kept,linear
2020-09-25,1517,1099,0.794,kept,linear
2020-09-28,1804,1292,0.816,kept,linear
2020-09-29,1780,1271,0.788,kept,linear
2020-09-30,2070,1402,0.812,kept,linear
2020-10-01,1419,1001,0.764,kept,linear
2020-10-02,1661,1112,0.828,kept,linear
2020-10-05,1669,1080,0.782,kept,linear
2020-10-06,1879,1146,0.798,kept,linear
2020-10-07,1756,1122,0.798,kept,linear
2020-10-08,1751,1128,0.806,kept,linear
2020-10-09,1833,1122,0.816,kept,linear
2020-10-13,1725,1147,0.802,kept,linear
2020-10-14,1555,1085,0.778,kept,linear
2020-10-15,1626,1028,0.764,kept,linear
2020-10-16,1488,972,0.76,kept,linear
2020-10-19,1743,1109,0.768,kept,linear
2020-10-20,1620,1043,0.768,kept,linear
2020-10-21,1602,1044,0.746,kept,linear
2020-10-22,1211,892,0.774,kept,linear
2020-10-23,1293,917,0.766,kept,linear
2020-10-26,1807,1198,0.746,kept,linear
2020-10-27,1303,979,0.78,kept,linear
2020-10-28,2150,1413,0.77,kept,linear
2020-10-29,1713,1143,0.738,kept,linear
2020-10-30,1928,1252,0.734,kept,linear
2020-11-02,1677,1107,0.754,kept,linear
2020-11-03,1749,1153,0.766,kept,linear
2020-11-04,2036,1271,0.742,kept,linear
2020-11-05,1589,990,0.702,kept,linear
2020-11-06,1411,935,0.722,kept,linear
2020-11-09,2333,1322,0.696,kept,linear
2020-11-10,1637,1056,0.712,kept,linear
2020-11-12,1459,932,0.71,kept,linear
2020-11-13,1584,960,0.716,kept,linear
2020-11-16,1775,1049,0.724,kept,linear
2020-11-17,1632,1018,0.712,kept,linear
2020-11-18,1727,1057,0.67,kept,linear
2020-11-19,1150,793,0.69,kept,linear
2020-11-20,1176,820,0.65,kept,linear
2020-11-23,1301,910,0.63,kept,linear
2020-11-24,1602,1040,0.686,kept,linear
2020-11-25,1366,872,0.684,kept,linear
2020-11-27,1173,766,0.65,kept,linear
2020-11-30,1516,990,0.67,kept,linear
2020-12-01,1858,1140,0.652,kept,linear
2020-12-02,1327,850,0.622,kept,linear
2020-12-03,1346,875,0.624,kept,linear
2020-12-04,1458,904,0.67,kept,linear
2020-12-07,1627,1013,0.658,kept,linear
2020-12-08,1557,1022,0.67,kept,linear
2020-12-09,1766,1164,0.63,kept,linear
2020-12-10,1521,955,0.602,kept,linear
2020-12-11,1672,1062,0.612,kept,linear
2020-12-14,1834,1122,0.624,kept,linear
2020-12-15,1730,1077,0.63,kept,linear
2020-12-16,1714,1056,0.612,kept,linear
2020-12-17,1380,952,0.866,kept,linear
2020-12-18,1467,995,0.816,kept,linear
2020-12-21,1779,1200,0.822,kept,linear
2020-12-22,1553,1087,0.82,kept,linear
2020-12-23,1452,1094,0.81,kept,linear
2020-12-24,1077,736,0.816,kept,linear
2020-12-28,1569,1068,0.818,kept,linear
2020-12-29,1560,1052,0.822,kept,linear
2020-12-30,1612,1143,0.808,kept,linear
2020-12-31,1487,1029,0.794,kept,linear
2021-01-04,2008,1255,0.826,kept,linear
2021-01-05,1637,1088,0.738,kept,linear
2021-01-06,2014,1266,0.776,kept,linear
2021-01-07,1882,1161,0.818,kept,linear
2021-01-08,1839,1100,0.808,kept,linear
2021-01-11,1748,1106,0.81,kept,linear
2021-01-12,1655,1061,0.818,kept,linear
2021-01-13,1651,1054,0.794,kept,linear
2021-01-14,1656,1034,0.796,kept,linear
2021-01-15,1947,1224,0.786,kept,linear
2021-01-19,1773,1091,0.764,kept,linear
2021-01-20,2146,1267,0.772,kept,linear
2021-01-21,1517,1018,0.864,kept,linear
2021-01-22,1464,987,0.808,kept,linear
2021-01-25,1859,1271,0.814,kept,linear
2021-01-26,1648,1139,0.81,kept,linear
2021-01-27,2414,1515,0.806,kept,linear
2021-01-28,1923,1271,0.81,kept,linear
2021-01-29,2247,1450,0.816,kept,linear
2021-02-01,1955,1284,0.824,kept,linear
2021-02-02,2064,1349,0.784,kept,linear
2021-02-03,1903,1285,0.78,kept,linear
2021-02-04,1724,1112,0.81,kept,linear
2021-02-05,1882,1151,0.81,kept,linear
2021-02-08,2018,1275,0.74,kept,linear
2021-02-09,1861,1198,0.738,kept,linear
2021-02-10,1856,1213,0.77,kept,linear
2021-02-11,1690,1097,0.742,kept,linear
2021-02-12,1763,1120,0.764,kept,linear
2021-02-16,1982,1254,0.766,kept,linear
2021-02-17,1804,1169,0.764,kept,linear
2021-02-18,1611,1161,0.74,kept,linear
2021-02-19,1510,1074,0.738,kept,linear
2021-02-22,1695,1218,0.768,kept,linear
2021-02-23,1826,1258,0.76,kept,linear
2021-02-24,1804,1267,0.744,kept,linear
2021-02-25,1862,1256,0.738,kept,linear
2021-02-26,1990,1311,0.698,kept,linear
2021-03-01,2002,1380,0.726,kept,linear
2021-03-02,1564,1047,0.726,kept,linear
2021-03-03,1500,989,0.7,kept,linear
2021-03-04,1847,1150,0.72,kept,linear
2021-03-05,1857,1176,0.72,kept,linear
2021-03-08,1884,1250,0.728,kept,linear
2021-03-09,1717,1150,0.71,kept,linear
2021-03-10,1587,1071,0.724,kept,linear
2021-03-11,1816,1122,0.72,kept,linear
2021-03-12,1470,943,0.716,kept,linear
2021-03-15,1726,1139,0.72,kept,linear
2021-03-16,1750,1108,0.736,kept,linear
2021-03-17,1755,1115,0.676,kept,linear
2021-03-18,1576,1061,0.814,kept,linear
2021-03-19,1518,1066,0.78,kept,linear
2021-03-22,1631,1179,0.812,kept,linear
2021-03-23,1835,1273,0.778,kept,linear
2021-03-24,1608,1178,0.812,kept,linear
2021-03-25,1777,1167,0.78,kept,linear
2021-03-26,1726,1175,0.794,kept,linear
2021-03-29,1954,1336,0.81,kept,linear
2021-03-30,1618,1203,0.806,kept,linear
2021-03-31,2214,1466,0.812,kept,linear
2021-04-01,1952,1249,0.804,kept,linear
2021-04-05,2434,1444,0.776,kept,linear
2021-04-06,2034,1352,0.794,kept,linear
2021-04-07,2072,1391,0.78,kept,linear
2021-04-08,2054,1333,0.782,kept,linear
2021-04-09,2139,1364,0.774,kept,linear
2021-04-12,2171,1410,0.79,kept,linear
2021-04-13,2063,1317,0.794,kept,linear
2021-04-14,1928,1260,0.834,kept,linear
2021-04-15,2086,1280,0.774,kept,linear
2021-04-16,2072,1282,0.826,kept,linear
2021-04-19,2267,1395,0.798,kept,linear
2021-04-20,2311,1384,0.766,kept,linear
2021-04-21,2230,1310,0.756,kept,linear
2021-04-22,1756,1229,0.778,kept,linear
2021-04-23,1962,1373,0.794,kept,linear
2021-04-26,1742,1232,0.768,kept,linear
2021-04-27,1592,1131,0.756,kept,linear
2021-04-28,1708,1278,0.794,kept,linear
2021-04-29,1924,1289,0.78,kept,linear
2021-04-30,1881,1275,0.782,kept,linear
2021-05-03,1781,1203,0.756,kept,linear
2021-05-04,2226,1464,0.742,kept,linear
2021-05-05,1920,1332,0.712,kept,linear
2021-05-06,1677,1074,0.712,kept,linear
2021-05-07,2140,1387,0.754,kept,linear
2021-05-10,2076,1368,0.764,kept,linear
2021-05-11,2705,1698,0.744,kept,linear
2021-05-12,3021,1865,0.764,kept,linear
2021-05-13,2340,1530,0.75,kept,linear
2021-05-14,2344,1559,0.696,kept,linear
2021-05-17,2295,1578,0.75,kept,linear
2021-05-18,2368,1597,0.732,kept,linear
2021-05-19,2792,1736,0.728,kept,linear
2021-05-20,2080,1496,0.792,kept,linear
2021-05-21,1748,1259,0.776,kept,linear
2021-05-24,2237,1588,0.808,kept,linear
2021-05-25,1875,1373,0.788,kept,linear
2021-05-26,1914,1381,0.78,kept,linear
2021-05-27,1748,1259,0.788,kept,linear
2021-05-28,1847,1312,0.776,kept,linear
2021-06-01,1842,1213,0.776,kept,linear
2021-06-02,1728,1200,0.798,kept,linear
2021-06-03,1566,1067,0.81,kept,linear
2021-06-04,1807,1199,0.772,kept,linear
2021-06-07,1953,1324,0.714,kept,linear
2021-06-08,1741,1195,0.74,kept,linear
2021-06-09,1645,1109,0.726,kept,linear
2021-06-10,1869,1200,0.726,kept,linear
2021-06-11,2080,1318,0.738,kept,linear
2021-06-14,1783,1184,0.7,kept,linear
2021-06-15,1944,1262,0.72,kept,linear
2021-06-16,2115,1372,0.74,kept,linear
2021-06-17,1891,1274,0.856,kept,linear
2021-06-18,2531,1631,0.804,kept,linear
2021-06-21,2369,1568,0.796,kept,linear
2021-06-22,2060,1387,0.768,kept,linear
2021-06-23,1957,1362,0.762,kept,linear
2021-06-24,1874,1253,0.79,kept,linear
2021-06-25,1841,1270,0.78,kept,linear
2021-06-28,1967,1332,0.778,kept,linear
2021-06-29,1791,1252,0.786,kept,linear
2021-06-30,1919,1300,0.778,kept,linear
2021-07-01,1864,1220,0.784,kept,linear
2021-07-02,2073,1358,0.786,kept,linear
2021-07-06,2016,1300,0.766,kept,linear
2021-07-07,1994,1361,0.808,kept,linear
2021-07-08,2031,1288,0.77,kept,linear
2021-07-09,1773,1181,0.774,kept,linear
2021-07-12,2111,1380,0.768,kept,linear
2021-07-13,1959,1319,0.774,kept,linear
2021-07-14,1813,1240,0.764,kept,linear
2021-07-15,1904,1283,0.826,kept,linear
2021-07-16,2156,1395,0.792,kept,linear
2021-07-19,2927,1852,0.782,kept,linear
2021-07-20,2339,1538,0.776,kept,linear
2021-07-21,2262,1490,0.782,kept,linear
2021-07-22,1643,1171,0.756,kept,linear
2021-07-23,2206,1509,0.78,kept,linear
2021-07-26,2143,1529,0.766,kept,linear
2021-07-27,2179,1509,0.796,kept,linear
2021-07-28,1981,1452,0.78,kept,linear
2021-07-29,1765,1255,0.746,kept,linear
2021-07-30,1780,1274,0.768,kept,linear
2021-08-02,1863,1248,0.738,kept,linear
2021-08-03,1865,1238,0.732,kept,linear
2021-08-04,1582,1154,0.728,kept,linear
2021-08-05,1603,1120,0.72,kept,linear
2021-08-06,1757,1194,0.734,kept,linear
2021-08-09,1861,1232,0.732,kept,linear
2021-08-10,1920,1278,0.716,kept,linear
2021-08-11,1964,1355,0.698,kept,linear
2021-08-12,1819,1222,0.736,kept,linear
2021-08-13,1840,1215,0.712,kept,linear
2021-08-16,2100,1359,0.718,kept,linear
2021-08-17,2213,1435,0.75,kept,linear
2021-08-18,2061,1357,0.676,kept,linear
2021-08-19,1951,1347,0.816,kept,linear
2021-08-20,1751,1249,0.78,kept,linear
2021-08-23,2071,1429,0.784,kept,linear
2021-08-24,1875,1346,0.782,kept,linear
2021-08-25,1935,1330,0.734,kept,linear
2021-08-26,1634,1118,0.782,kept,linear
2021-08-27,1880,1340,0.768,kept,linear
2021-08-30,2208,1502,0.782,kept,linear
2021-08-31,1819,1308,0.766,kept,linear
2021-09-01,1786,1220,0.778,kept,linear
2021-09-02,1554,1076,0.786,kept,linear
2021-09-03,1526,1053,0.796,kept,linear
2021-09-07,1881,1276,0.746,kept,linear
2021-09-08,1932,1318,0.746,kept,linear
2021-09-09,1787,1182,0.714,kept,linear
2021-09-10,2076,1308,0.736,kept,linear
2021-09-13,2418,1527,0.75,kept,linear
2021-09-14,2094,1399,0.726,kept,linear
2021-09-15,2080,1381,0.732,kept,linear
2021-09-16,1740,1290,0.84,kept,linear
2021-09-17,2096,1460,0.798,kept,linear
2021-09-20,3238,2030,0.812,kept,linear
2021-09-21,2236,1532,0.804,kept,linear
2021-09-22,2101,1475,0.804,kept,linear
2021-09-23,2266,1512,0.792,kept,linear
2021-09-24,1901,1323,0.796,kept,linear
2021-09-27,2149,1506,0.784,kept,linear
2021-09-28,2745,1752,0.794,kept,linear
2021-09-29,2189,1484,0.794,kept,linear
2021-09-30,2558,1611,0.794,kept,linear
2021-10-01,2802,1817,0.818,kept,linear
2021-10-04,2605,1676,0.802,kept,linear
2021-10-05,2639,1741,0.804,kept,linear
2021-10-06,2570,1700,0.802,kept,linear
2021-10-07,2575,1730,0.8,kept,linear
2021-10-08,2117,1441,0.76,kept,linear
2021-10-12,2237,1502,0.802,kept,linear
2021-10-13,2569,1751,0.774,kept,linear
2021-10-14,2899,1873,0.784,kept,linear
2021-10-15,2696,1764,0.784,kept,linear
2021-10-18,2849,1839,0.76,kept,linear
2021-10-19,2909,1845,0.76,kept,linear
2021-10-20,2721,1762,0.76,kept,linear
2021-10-21,1952,1392,0.822,kept,linear
2021-10-22,2451,1724,0.81,kept,linear
2021-10-25,2402,1666,0.788,kept,linear
2021-10-26,2702,1838,0.768,kept,linear
2021-10-27,2174,1558,0.774,kept,linear
2021-10-28,2132,1486,0.776,kept,linear
2021-10-29,2400,1658,0.784,kept,linear
2021-11-01,2270,1561,0.792,kept,linear
2021-11-02,2208,1526,0.808,kept,linear
2021-11-03,2373,1599,0.776,kept,linear
2021-11-04,2415,1549,0.784,kept,linear
2021-11-05,2720,1744,0.808,kept,linear
2021-11-08,2314,1556,0.76,kept,linear
2021-11-09,2432,1652,0.766,kept,linear
2021-11-10,2388,1602,0.744,kept,linear
2021-11-12,1993,1356,0.768,kept,linear
2021-11-15,2169,1426,0.728,kept,linear
2021-11-16,2355,1544,0.748,kept,linear
2021-11-17,2076,1457,0.754,kept,linear
2021-11-18,1720,1274,0.796,kept,linear
2021-11-19,1879,1367,0.794,kept,linear
2021-11-22,2161,1503,0.8,kept,linear
2021-11-23,2052,1451,0.784,kept,linear
2021-11-24,1633,1183,0.794,kept,linear
2021-11-26,2339,1559,0.808,kept,linear
2021-11-29,2590,1782,0.802,kept,linear
2021-11-30,2784,1889,0.788,kept,linear
2021-12-01,2597,1816,0.796,kept,linear
2021-12-02,2358,1687,0.802,kept,linear
2021-12-03,2503,1724,0.798,kept,linear
2021-12-06,2204,1517,0.774,kept,linear
2021-12-07,2353,1642,0.754,kept,linear
2021-12-08,2129,1548,0.756,kept,linear
2021-12-09,1735,1225,0.726,kept,linear
2021-12-10,1833,1238,0.722,kept,linear
2021-12-13,2181,1482,0.724,kept,linear
2021-12-14,2325,1596,0.766,kept,linear
2021-12-15,2413,1609,0.732,kept,linear
2021-12-16,2349,1567,0.848,kept,linear
2021-12-17,2469,1634,0.806,kept,linear
2021-12-20,3185,2039,0.82,kept,linear
2021-12-21,2622,1779,0.818,kept,linear
2021-12-22,2639,1763,0.8,kept,linear
2021-12-23,2846,1966,0.814,kept,linear
2021-12-27,3162,2193,0.798,kept,linear
2021-12-28,3016,2148,0.812,kept,linear
2021-12-29,2825,2082,0.802,kept,linear
2021-12-30,2447,1791,0.832,kept,linear
2021-12-31,2371,1658,0.784,kept,linear
2022-01-03,2357,1607,0.796,kept,linear
2022-01-04,2407,1672,0.794,kept,linear
2022-01-05,2957,1956,0.804,kept,linear
2022-01-06,2565,1724,0.806,kept,linear
2022-01-07,2513,1705,0.804,kept,linear
2022-01-10,3238,2039,0.792,kept,linear
2022-01-11,2664,1764,0.808,kept,linear
2022-01-12,2490,1699,0.792,kept,linear
2022-01-13,2245,1442,0.8,kept,linear
2022-01-14,2638,1684,0.812,kept,linear
2022-01-18,3278,2035,0.772,kept,linear
2022-01-19,3089,1959,0.774,kept,linear
2022-01-20,2786,1825,0.862,kept,linear
2022-01-21,3531,2169,0.824,kept,linear
2022-01-24,4047,2451,0.826,kept,linear
2022-01-25,3147,2023,0.826,kept,linear
2022-01-26,3005,1950,0.828,kept,linear
2022-01-27,2529,1670,0.826,kept,linear
2022-01-28,3078,1984,0.826,kept,linear
2022-01-31,3310,2011,0.82,kept,linear
2022-02-01,2797,1810,0.812,kept,linear
2022-02-02,2758,1762,0.804,kept,linear
2022-02-03,2621,1680,0.816,kept,linear
2022-02-04,2145,1445,0.814,kept,linear
2022-02-07,2384,1584,0.77,kept,linear
2022-02-08,2131,1441,0.762,kept,linear
2022-02-09,2738,1800,0.764,kept,linear
2022-02-10,2466,1629,0.768,kept,linear
2022-02-11,2812,1781,0.782,kept,linear
2022-02-14,2969,1890,0.78,kept,linear
2022-02-15,2595,1694,0.776,kept,linear
2022-02-16,2560,1690,0.77,kept,linear
2022-02-17,2365,1655,0.864,kept,linear
2022-02-18,2473,1711,0.822,kept,linear
2022-02-22,2779,1877,0.824,kept,linear
2022-02-23,3113,2016,0.824,kept,linear
2022-02-24,3395,2086,0.826,kept,linear
2022-02-25,2773,1832,0.82,kept,linear
2022-02-28,2566,1743,0.81,kept,linear
2022-03-01,2677,1850,0.822,kept,linear
2022-03-02,2369,1630,0.822,kept,linear
2022-03-03,1851,1284,0.816,kept,linear
2022-03-04,2168,1435,0.824,kept,linear
2022-03-07,2551,1683,0.774,kept,linear
2022-03-08,2463,1627,0.78,kept,linear
2022-03-09,2263,1555,0.774,kept,linear
2022-03-10,2211,1516,0.78,kept,linear
2022-03-11,2593,1683,0.78,kept,linear
2022-03-14,2686,1748,0.764,kept,linear
2022-03-15,2823,1794,0.778,kept,linear
2022-03-16,2396,1685,0.758,kept,linear
2022-03-17,2388,1654,0.87,kept,linear
2022-03-18,2595,1780,0.822,kept,linear
2022-03-21,2540,1805,0.826,kept,linear
2022-03-22,3110,2042,0.82,kept,linear
2022-03-23,2488,1723,0.814,kept,linear
2022-03-24,2211,1558,0.806,kept,linear
2022-03-25,2429,1639,0.82,kept,linear
2022-03-28,2714,1801,0.816,kept,linear
2022-03-29,2856,1862,0.822,kept,linear
2022-03-30,2874,1981,0.814,kept,linear
2022-03-31,2572,1722,0.836,kept,linear
2022-04-01,2691,1744,0.81,kept,linear
2022-04-04,2327,1552,0.818,kept,linear
2022-04-05,2578,1725,0.806,kept,linear
2022-04-06,2932,1880,0.812,kept,linear
2022-04-07,2117,1417,0.81,kept,linear
2022-04-08,2191,1462,0.81,kept,linear
2022-04-11,2756,1744,0.818,kept,linear
2022-04-12,2862,1869,0.82,kept,linear
2022-04-13,2478,1663,0.794,kept,linear
2022-04-14,2394,1596,0.824,kept,linear
2022-04-18,2668,1702,0.772,kept,linear
2022-04-19,2866,1811,0.764,kept,linear
2022-04-20,2650,1721,0.77,kept,linear
2022-04-21,2429,1698,0.858,kept,linear
2022-04-22,3113,2024,0.826,kept,linear
2022-04-25,3487,2239,0.822,kept,linear
2022-04-26,3289,2152,0.828,kept,linear
2022-04-27,2804,1883,0.824,kept,linear
2022-04-28,2812,1902,0.822,kept,linear
2022-04-29,2908,1939,0.824,kept,linear
2022-05-02,3073,1901,0.826,kept,linear
2022-05-03,2517,1654,0.822,kept,linear
2022-05-04,2702,1774,0.812,kept,linear
2022-05-05,2442,1556,0.806,kept,linear
2022-05-06,2543,1617,0.804,kept,linear
2022-05-09,3010,1850,0.776,kept,linear
2022-05-10,2898,1792,0.782,kept,linear
2022-05-11,2841,1727,0.766,kept,linear
2022-05-12,2588,1639,0.776,kept,linear
2022-05-13,2565,1612,0.766,kept,linear
2022-05-16,2585,1603,0.776,kept,linear
2022-05-17,2875,1796,0.778,kept,linear
2022-05-18,2980,1923,0.768,kept,linear
2022-05-19,2608,1773,0.858,kept,linear
2022-05-20,2896,1835,0.828,kept,linear
2022-05-23,2577,1776,0.824,kept,linear
2022-05-24,2521,1730,0.798,kept,linear
2022-05-25,2337,1607,0.81,kept,linear
2022-05-26,2475,1649,0.828,kept,linear
2022-05-27,2831,1872,0.82,kept,linear
2022-05-31,2502,1697,0.822,kept,linear
2022-06-01,2306,1528,0.812,kept,linear
2022-06-02,2150,1432,0.818,kept,linear
2022-06-03,2006,1376,0.798,kept,linear
2022-06-06,2129,1449,0.738,kept,linear
2022-06-07,2248,1519,0.774,kept,linear
2022-06-08,2154,1503,0.77,kept,linear
2022-06-09,2339,1556,0.782,kept,linear
2022-06-10,3311,1954,0.78,kept,linear
2022-06-13,3395,1970,0.776,kept,linear
2022-06-14,2854,1798,0.766,kept,linear
2022-06-15,2946,1758,0.77,kept,linear
2022-06-16,2610,1708,0.874,kept,linear
2022-06-17,2350,1611,0.828,kept,linear
2022-06-21,2639,1746,0.824,kept,linear
2022-06-22,2391,1649,0.828,kept,linear
2022-06-23,2041,1410,0.826,kept,linear
2022-06-24,2673,1794,0.824,kept,linear
2022-06-27,2276,1558,0.824,kept,linear
2022-06-28,2661,1791,0.814,kept,linear
2022-06-29,2340,1690,0.828,kept,linear
2022-06-30,2373,1562,0.824,kept,linear
2022-07-01,2446,1615,0.826,kept,linear
2022-07-05,2504,1645,0.824,kept,linear
2022-07-06,2480,1640,0.822,kept,linear
2022-07-07,2700,1762,0.816,kept,linear
2022-07-08,2404,1578,0.818,kept,linear
2022-07-11,2325,1557,0.806,kept,linear
2022-07-12,2484,1611,0.784,kept,linear
2022-07-13,2922,1898,0.798,kept,linear
2022-07-14,2881,1819,0.806,kept,linear
2022-07-15,2649,1706,0.812,kept,linear
2022-07-18,2750,1797,0.782,kept,linear
2022-07-19,3008,1882,0.782,kept,linear
2022-07-20,2956,1845,0.782,kept,linear
2022-07-21,2458,1656,0.862,kept,linear
2022-07-22,2417,1633,0.824,kept,linear
2022-07-25,1947,1402,0.818,kept,linear
2022-07-26,2149,1546,0.826,kept,linear
2022-07-27,2645,1778,0.806,kept,linear
2022-07-28,2659,1747,0.822,kept,linear
2022-07-29,2796,1800,0.818,kept,linear
2022-08-01,2559,1689,0.81,kept,linear
2022-08-02,2318,1533,0.82,kept,linear
2022-08-03,2612,1711,0.808,kept,linear
2022-08-04,1978,1324,0.812,kept,linear
2022-08-05,2013,1380,0.8,kept,linear
2022-08-08,2353,1528,0.778,kept,linear
2022-08-09,2203,1511,0.766,kept,linear
2022-08-10,2784,1749,0.776,kept,linear
2022-08-11,2531,1608,0.768,kept,linear
2022-08-12,2546,1620,0.766,kept,linear
2022-08-15,2535,1592,0.776,kept,linear
2022-08-16,2496,1570,0.766,kept,linear
2022-08-17,2618,1719,0.734,kept,linear
2022-08-18,1892,1378,0.836,kept,linear
2022-08-19,1990,1402,0.824,kept,linear
2022-08-22,2472,1644,0.816,kept,linear
2022-08-23,2039,1426,0.81,kept,linear
2022-08-24,1966,1420,0.808,kept,linear
2022-08-25,1801,1303,0.808,kept,linear
2022-08-26,2612,1677,0.826,kept,linear
2022-08-29,2648,1733,0.82,kept,linear
2022-08-30,2844,1846,0.812,kept,linear
2022-08-31,2650,1768,0.802,kept,linear
2022-09-01,2579,1677,0.828,kept,linear
2022-09-02,2619,1688,0.8,kept,linear
2022-09-06,2537,1639,0.758,kept,linear
2022-09-07,2513,1627,0.77,kept,linear
2022-09-08,2047,1376,0.756,kept,linear
2022-09-09,2686,1735,0.754,kept,linear
2022-09-12,2716,1733,0.766,kept,linear
2022-09-13,3046,1882,0.756,kept,linear
2022-09-14,2534,1724,0.77,kept,linear
2022-09-15,2603,1700,0.868,kept,linear
2022-09-16,3179,1967,0.82,kept,linear
2022-09-19,2714,1728,0.828,kept,linear
2022-09-20,2808,1760,0.814,kept,linear
2022-09-21,2772,1733,0.794,kept,linear
2022-09-22,2701,1806,0.828,kept,linear
2022-09-23,3191,2009,0.828,kept,linear
2022-09-26,2711,1772,0.826,kept,linear
2022-09-27,2847,1872,0.818,kept,linear
2022-09-28,2851,1916,0.824,kept,linear
2022-09-29,2634,1691,0.844,kept,linear
2022-09-30,2893,1840,0.828,kept,linear
2022-10-03,2753,1680,0.828,kept,linear
2022-10-04,2791,1752,0.828,kept,linear
2022-10-05,2399,1600,0.812,kept,linear
2022-10-06,2001,1318,0.822,kept,linear
2022-10-07,2526,1551,0.824,kept,linear
2022-10-11,2573,1587,0.808,kept,linear
2022-10-12,2240,1448,0.792,kept,linear
2022-10-13,2938,1745,0.826,kept,linear
2022-10-14,2520,1571,0.812,kept,linear
2022-10-17,2531,1600,0.782,kept,linear
2022-10-18,2672,1695,0.78,kept,linear
2022-10-19,2292,1481,0.776,kept,linear
2022-10-20,2025,1424,0.87,kept,linear
2022-10-21,2365,1586,0.828,kept,linear
2022-10-24,2371,1615,0.806,kept,linear
2022-10-25,2697,1755,0.828,kept,linear
2022-10-26,2521,1683,0.816,kept,linear
2022-10-27,2096,1440,0.814,kept,linear
2022-10-28,2686,1773,0.824,kept,linear
2022-10-31,2409,1653,0.822,kept,linear
2022-11-01,2204,1480,0.822,kept,linear
2022-11-02,2285,1471,0.822,kept,linear
2022-11-03,2384,1536,0.824,kept,linear
2022-11-04,2367,1533,0.812,kept,linear
2022-11-07,2202,1483,0.756,kept,linear
2022-11-08,2389,1577,0.77,kept,linear
2022-11-09,2132,1431,0.758,kept,linear
2022-11-10,2860,1749,0.78,kept,linear
2022-11-14,2422,1549,0.772,kept,linear
2022-11-15,2505,1576,0.75,kept,linear
2022-11-16,2145,1411,0.762,kept,linear
2022-11-17,1770,1291,0.844,kept,linear
2022-11-18,1812,1346,0.826,kept,linear
2022-11-21,1785,1337,0.804,kept,linear
2022-11-22,1990,1422,0.822,kept,linear
2022-11-23,2136,1500,0.812,kept,linear
2022-11-25,1364,1025,0.802,kept,linear
2022-11-28,2202,1528,0.826,kept,linear
2022-11-29,1972,1377,0.802,kept,linear
2022-11-30,2686,1800,0.82,kept,linear
2022-12-01,2250,1506,0.818,kept,linear
2022-12-02,2243,1518,0.814,kept,linear
2022-12-05,2332,1576,0.758,kept,linear
2022-12-06,2679,1818,0.78,kept,linear
2022-12-07,2243,1594,0.782,kept,linear
2022-12-08,2033,1477,0.778,kept,linear
2022-12-09,2124,1485,0.782,kept,linear
2022-12-12,2237,1569,0.756,kept,linear
2022-12-13,2541,1681,0.764,kept,linear
2022-12-14,2333,1607,0.77,kept,linear
2022-12-15,3061,1972,0.874,kept,linear
2022-12-16,2933,1916,0.828,kept,linear
2022-12-19,3011,1935,0.828,kept,linear
2022-12-20,2714,1814,0.828,kept,linear
2022-12-21,2952,2011,0.82,kept,linear
2022-12-22,2805,1987,0.828,kept,linear
2022-12-23,2183,1634,0.826,kept,linear
2022-12-27,2058,1511,0.828,kept,linear
2022-12-28,2674,1901,0.828,kept,linear
2022-12-29,2615,1832,0.854,kept,linear
2022-12-30,2513,1795,0.828,kept,linear
2023-01-03,2486,1669,0.828,kept,linear
2023-01-04,2440,1664,0.824,kept,linear
2023-01-05,2272,1538,0.826,kept,linear
2023-01-06,2794,1819,0.826,kept,linear
2023-01-09,2685,1728,0.824,kept,linear
2023-01-10,2452,1619,0.826,kept,linear
2023-01-11,2797,1826,0.822,kept,linear
2023-01-12,2673,1734,0.824,kept,linear
2023-01-13,2737,1777,0.816,kept,linear
2023-01-17,2586,1665,0.782,kept,linear
2023-01-18,3010,1888,0.782,kept,linear
2023-01-19,2453,1713,0.872,kept,linear
2023-01-20,2516,1721,0.826,kept,linear
2023-01-23,2827,1866,0.826,kept,linear
2023-01-24,2337,1658,0.826,kept,linear
2023-01-25,2587,1767,0.826,kept,linear
2023-01-26,2542,1735,0.826,kept,linear
2023-01-27,2686,1801,0.824,kept,linear
2023-01-30,2259,1511,0.826,kept,linear
2023-01-31,2141,1447,0.826,kept,linear
2023-02-01,2671,1706,0.824,kept,linear
2023-02-02,2755,1682,0.818,kept,linear
2023-02-03,2502,1613,0.822,kept,linear
2023-02-06,2397,1603,0.778,kept,linear
2023-02-07,2543,1656,0.776,kept,linear
2023-02-08,2538,1667,0.78,kept,linear
2023-02-09,2582,1690,0.778,kept,linear
2023-02-10,2580,1704,0.776,kept,linear
2023-02-13,2486,1630,0.772,kept,linear
2023-02-14,2825,1824,0.774,kept,linear
2023-02-15,2637,1773,0.774,kept,linear
2023-02-16,2394,1655,0.866,kept,linear
2023-02-17,2629,1818,0.816,kept,linear
2023-02-21,2832,1902,0.826,kept,linear
2023-02-22,2452,1704,0.824,kept,linear
2023-02-23,2364,1647,0.818,kept,linear
2023-02-24,2736,1875,0.82,kept,linear
2023-02-27,2593,1827,0.822,kept,linear
2023-02-28,2591,1831,0.82,kept,linear
2023-03-01,2865,1990,0.824,kept,linear
2023-03-02,2627,1785,0.82,kept,linear
2023-03-03,2393,1618,0.808,kept,linear
2023-03-06,2773,1846,0.776,kept,linear
2023-03-07,3051,2037,0.778,kept,linear
2023-03-08,2468,1728,0.768,kept,linear
2023-03-09,3017,1964,0.776,kept,linear
2023-03-10,3728,2280,0.78,kept,linear
2023-03-13,3395,2104,0.782,kept,linear
2023-03-14,3304,2156,0.78,kept,linear
2023-03-15,3384,2162,0.778,kept,linear
2023-03-16,3309,2038,0.866,kept,linear
2023-03-17,3333,2097,0.828,kept,linear
2023-03-20,3181,2009,0.824,kept,linear
2023-03-21,3874,2280,0.818,kept,linear
2023-03-22,3637,2179,0.822,kept,linear
2023-03-23,3072,2012,0.822,kept,linear
2023-03-24,2944,1968,0.808,kept,linear
2023-03-27,2737,1924,0.822,kept,linear
2023-03-28,2845,1936,0.822,kept,linear
2023-03-29,3077,2104,0.868,kept,linear
2023-03-30,2935,1918,0.82,kept,linear
2023-03-31,3425,2174,0.82,kept,linear
2023-04-03,2924,1899,0.822,kept,linear
2023-04-04,2944,1945,0.82,kept,linear
2023-04-05,2499,1741,0.818,kept,linear
2023-04-06,2407,1687,0.816,kept,linear
2023-04-10,2550,1731,0.802,kept,linear
2023-04-11,2495,1711,0.814,kept,linear
2023-04-12,2731,1805,0.798,kept,linear
2023-04-13,2617,1752,0.808,kept,linear
2023-04-14,2778,1832,0.79,kept,linear
2023-04-17,2979,1893,0.766,kept,linear
2023-04-18,2732,1784,0.76,kept,linear
2023-04-19,2837,1863,0.778,kept,linear
2023-04-20,2555,1803,0.852,kept,linear
2023-04-21,2362,1679,0.814,kept,linear
2023-04-24,2259,1616,0.812,kept,linear
2023-04-25,2824,1896,0.81,kept,linear
2023-04-26,2900,1964,0.824,kept,linear
2023-04-27,2741,1793,0.802,kept,linear
2023-04-28,2890,1898,0.802,kept,linear
2023-05-01,2787,1882,0.814,kept,linear
2023-05-02,2902,1819,0.822,kept,linear
2023-05-03,2448,1613,0.814,kept,linear
2023-05-04,2794,1806,0.804,kept,linear
2023-05-05,2790,1814,0.82,kept,linear
2023-05-08,2303,1524,0.774,kept,linear
2023-05-09,2270,1526,0.774,kept,linear
2023-05-10,2656,1725,0.778,kept,linear
2023-05-11,2307,1517,0.758,kept,linear
2023-05-12,2671,1747,0.76,kept,linear
2023-05-15,2658,1744,0.758,kept,linear
2023-05-16,2584,1718,0.762,kept,linear
2023-05-17,3016,1951,0.758,kept,linear
2023-05-18,2666,1839,0.852,kept,linear
2023-05-19,2561,1776,0.828,kept,linear
2023-05-22,2286,1627,0.806,kept,linear
2023-05-23,2664,1811,0.808,kept,linear
2023-05-24,2935,1922,0.796,kept,linear
2023-05-25,2280,1537,0.802,kept,linear
2023-05-26,2768,1801,0.808,kept,linear
2023-05-30,2530,1684,0.81,kept,linear
2023-05-31,2618,1786,0.804,kept,linear
2023-06-01,2718,1735,0.794,kept,linear
2023-06-02,3270,2030,0.812,kept,linear
2023-06-05,2850,1814,0.762,kept,linear
2023-06-06,2799,1838,0.764,kept,linear
2023-06-07,2714,1809,0.754,kept,linear
2023-06-08,2729,1856,0.746,kept,linear
2023-06-09,2990,1974,0.766,kept,linear
2023-06-12,2948,1923,0.758,kept,linear
2023-06-13,3357,2098,0.746,kept,linear
2023-06-14,3160,2035,0.744,kept,linear
2023-06-15,3488,2136,0.762,kept,linear
2023-06-16,3358,2074,0.762,kept,linear
2023-06-20,3130,1945,0.76,kept,linear
2023-06-21,3028,1921,0.748,kept,linear
2023-06-22,2451,1719,0.844,kept,linear
2023-06-23,2872,1967,0.818,kept,linear
2023-06-26,2703,1817,0.814,kept,linear
2023-06-27,2822,1908,0.826,kept,linear
2023-06-28,2742,1886,0.808,kept,linear
2023-06-29,2517,1709,0.832,kept,linear
2023-06-30,3395,2126,0.802,kept,linear
2023-07-03,1870,1293,0.804,kept,linear
2023-07-05,2227,1515,0.802,kept,linear
2023-07-06,2805,1743,0.804,kept,linear
2023-07-07,2407,1600,0.808,kept,linear
2023-07-10,2262,1506,0.808,kept,linear
2023-07-11,2453,1622,0.814,kept,linear
2023-07-12,2954,1832,0.808,kept,linear
2023-07-13,2840,1752,0.808,kept,linear
2023-07-14,2776,1676,0.786,kept,linear
2023-07-17,2741,1733,0.756,kept,linear
2023-07-18,3211,1909,0.762,kept,linear
2023-07-19,3275,1936,0.77,kept,linear
2023-07-20,2498,1643,0.838,kept,linear
2023-07-21,2400,1605,0.822,kept,linear
2023-07-24,2445,1582,0.792,kept,linear
2023-07-25,2403,1581,0.812,kept,linear
2023-07-26,2432,1609,0.798,kept,linear
2023-07-27,2890,1835,0.802,kept,linear
2023-07-28,2533,1662,0.786,kept,linear
2023-07-31,2388,1640,0.798,kept,linear
2023-08-01,2479,1671,0.812,kept,linear
2023-08-02,2912,1795,0.802,kept,linear
2023-08-03,2434,1557,0.772,kept,linear
2023-08-04,2774,1713,0.784,kept,linear
2023-08-07,2444,1634,0.766,kept,linear
2023-08-08,2745,1762,0.752,kept,linear
2023-08-09,2556,1698,0.754,kept,linear
2023-08-10,2703,1718,0.756,kept,linear
2023-08-11,2603,1695,0.748,kept,linear
2023-08-14,2650,1711,0.74,kept,linear
2023-08-15,2773,1784,0.762,kept,linear
2023-08-16,3078,1966,0.762,kept,linear
2023-08-17,2559,1717,0.842,kept,linear
2023-08-18,2857,1907,0.812,kept,linear
2023-08-21,2592,1738,0.792,kept,linear
2023-08-22,2342,1615,0.81,kept,linear
2023-08-23,2497,1735,0.812,kept,linear
2023-08-24,2497,1678,0.8,kept,linear
2023-08-25,2589,1778,0.806,kept,linear
2023-08-28,2518,1715,0.794,kept,linear
2023-08-29,3096,2008,0.816,kept,linear
2023-08-30,2922,2033,0.804,kept,linear
2023-08-31,2442,1743,0.81,kept,linear
2023-09-01,2595,1832,0.798,kept,linear
2023-09-05,2473,1697,0.762,kept,linear
2023-09-06,2853,1888,0.756,kept,linear
2023-09-07,2483,1718,0.76,kept,linear
2023-09-08,2578,1771,0.75,kept,linear
2023-09-11,2611,1765,0.768,kept,linear
2023-09-12,2639,1809,0.762,kept,linear
2023-09-13,2623,1791,0.756,kept,linear
2023-09-14,2736,1841,0.728,kept,linear
2023-09-15,3230,2079,0.764,kept,linear
2023-09-18,2809,1871,0.762,kept,linear
2023-09-19,2969,1964,0.768,kept,linear
2023-09-20,3043,1989,0.748,kept,linear
2023-09-21,3429,2196,0.86,kept,linear
2023-09-22,3216,2108,0.824,kept,linear
2023-09-25,3117,2078,0.818,kept,linear
2023-09-26,3547,2295,0.822,kept,linear
2023-09-27,3562,2258,0.828,kept,linear
2023-09-28,3010,1983,0.822,kept,linear
2023-09-29,3444,2183,0.824,kept,linear
2023-10-02,3004,1928,0.824,kept,linear
2023-10-03,3345,2108,0.82,kept,linear
2023-10-04,2959,1852,0.822,kept,linear
2023-10-05,2653,1746,0.822,kept,linear
2023-10-06,3192,2025,0.822,kept,linear
2023-10-10,3290,2096,0.82,kept,linear
2023-10-11,2589,1726,0.802,kept,linear
2023-10-12,2785,1816,0.81,kept,linear
2023-10-13,2831,1871,0.826,kept,linear
2023-10-16,2841,1827,0.814,kept,linear
2023-10-17,2707,1781,0.814,kept,linear
2023-10-18,3012,1908,0.822,kept,linear
2023-10-19,2715,1839,0.87,kept,linear
2023-10-20,3187,2072,0.828,kept,linear
2023-10-23,3051,1992,0.822,kept,linear
2023-10-24,2641,1793,0.822,kept,linear
2023-10-25,3331,2152,0.818,kept,linear
2023-10-26,3301,2077,0.824,kept,linear
2023-10-27,3336,2138,0.824,kept,linear
2023-10-30,3073,2003,0.816,kept,linear
2023-10-31,3035,1955,0.82,kept,linear
2023-11-02,3246,2029,0.822,kept,linear
2023-11-03,3165,2050,0.82,kept,linear
2023-11-06,2748,1832,0.774,kept,linear
2023-11-07,2652,1826,0.774,kept,linear
2023-11-08,2664,1843,0.766,kept,linear
2023-11-09,2576,1738,0.77,kept,linear
2023-11-10,3103,2045,0.766,kept,linear
2023-11-13,2664,1777,0.774,kept,linear
2023-11-14,3580,2221,0.774,kept,linear
2023-11-15,2984,1919,0.762,kept,linear
2023-11-16,2198,1593,0.838,kept,linear
2023-11-17,2459,1746,0.8,kept,linear
2023-11-20,2864,1947,0.816,kept,linear
2023-11-21,2416,1698,0.81,kept,linear
2023-11-22,2613,1829,0.808,kept,linear
2023-11-24,1969,1440,0.794,kept,linear
2023-11-27,2462,1731,0.808,kept,linear
2023-11-28,2545,1751,0.814,kept,linear
2023-11-29,2564,1802,0.8,kept,linear
2023-11-30,2114,1492,0.808,kept,linear
2023-12-01,2747,1881,0.804,kept,linear
2023-12-04,2500,1739,0.762,kept,linear
2023-12-05,2285,1644,0.768,kept,linear
2023-12-06,2507,1774,0.758,kept,linear
2023-12-07,2345,1637,0.762,kept,linear
2023-12-08,2757,1874,0.768,kept,linear
2023-12-11,2823,1906,0.754,kept,linear
2023-12-12,2941,1951,0.758,kept,linear
2023-12-13,3335,2137,0.772,kept,linear
2023-12-14,3228,2065,0.77,kept,linear
2023-12-15,3141,2017,0.762,kept,linear
2023-12-18,3244,2057,0.764,kept,linear
2023-12-19,3271,2108,0.774,kept,linear
2023-12-20,3660,2360,0.77,kept,linear
2023-12-21,2761,1921,0.852,kept,linear
2023-12-22,2793,2003,0.822,kept,linear
2023-12-26,2522,1810,0.806,kept,linear
2023-12-27,2779,2025,0.82,kept,linear
2023-12-28,2724,1894,0.822,kept,linear
2023-12-29,2986,2068,0.814,kept,linear
2024-01-02,2938,1980,0.82,kept,linear
2024-01-03,2926,1949,0.81,kept,linear
2024-01-04,2676,1815,0.814,kept,linear
2024-01-05,3035,2024,0.828,kept,linear
2024-01-08,3187,2067,0.814,kept,linear
2024-01-09,2845,1957,0.804,kept,linear
2024-01-10,3040,1978,0.806,kept,linear
2024-01-11,3043,1988,0.81,kept,linear
2024-01-12,3086,2038,0.81,kept,linear
2024-01-16,3115,2035,0.816,kept,linear
2024-01-17,3091,1997,0.808,kept,linear
2024-01-18,2418,1690,0.856,kept,linear
2024-01-19,3210,2042,0.806,kept,linear
2024-01-22,2969,2002,0.818,kept,linear
2024-01-23,2784,1912,0.812,kept,linear
2024-01-24,3309,2137,0.818,kept,linear
2024-01-25,2643,1810,0.822,kept,linear
2024-01-26,2819,1919,0.828,kept,linear
2024-01-29,2889,1942,0.812,kept,linear
2024-01-30,2799,1880,0.812,kept,linear
2024-01-31,2994,1918,0.816,kept,linear
2024-02-01,2703,1807,0.81,kept,linear
2024-02-02,3299,2113,0.812,kept,linear
2024-02-05,2888,1920,0.78,kept,linear
2024-02-06,2635,1813,0.76,kept,linear
2024-02-07,3197,2087,0.764,kept,linear
2024-02-08,2514,1713,0.76,kept,linear
2024-02-09,3139,2011,0.77,kept,linear
2024-02-12,3165,1999,0.77,kept,linear
2024-02-13,3572,2287,0.768,kept,linear
2024-02-14,3091,2001,0.766,kept,linear
2024-02-15,2486,1747,0.766,kept,linear
2024-02-16,2559,1803,0.758,kept,linear
2024-02-20,2612,1810,0.768,kept,linear
2024-02-21,2357,1663,0.77,kept,linear
2024-02-22,3297,2077,0.87,kept,linear
2024-02-23,3024,1994,0.814,kept,linear
2024-02-26,2854,1985,0.812,kept,linear
2024-02-27,2753,2006,0.82,kept,linear
2024-02-28,2471,1732,0.82,kept,linear
2024-02-29,2562,1807,0.814,kept,linear
2024-03-01,3139,2062,0.802,kept,linear
2024-03-04,2903,1945,0.822,kept,linear
2024-03-05,3253,2153,0.8,kept,linear
2024-03-06,2927,1944,0.798,kept,linear
2024-03-07,2949,1925,0.796,kept,linear
2024-03-08,3262,2105,0.798,kept,linear
2024-03-11,2965,1951,0.766,kept,linear
2024-03-12,3180,2051,0.768,kept,linear
2024-03-13,2840,1882,0.76,kept,linear
2024-03-14,2924,1911,0.762,kept,linear
2024-03-15,3060,2018,0.766,kept,linear
2024-03-18,2891,1927,0.764,kept,linear
2024-03-19,2885,1927,0.756,kept,linear
2024-03-20,3405,2198,0.77,kept,linear
2024-03-21,3248,2164,0.858,kept,linear
2024-03-22,2788,1951,0.81,kept,linear
2024-03-25,2868,2014,0.816,kept,linear
2024-03-26,2799,2034,0.81,kept,linear
2024-03-27,2697,1948,0.804,kept,linear
2024-03-28,2928,1995,0.816,kept,linear
2024-04-01,2507,1718,0.814,kept,linear
2024-04-02,2782,1861,0.816,kept,linear
2024-04-03,2272,1592,0.794,kept,linear
2024-04-04,2872,1891,0.814,kept,linear
2024-04-05,2779,1847,0.82,kept,linear
2024-04-08,2343,1649,0.822,kept,linear
2024-04-09,2785,1861,0.808,kept,linear
2024-04-10,2913,1900,0.802,kept,linear
2024-04-11,2815,1823,0.804,kept,linear
2024-04-12,3607,2311,0.808,kept,linear
2024-04-15,3615,2266,0.81,kept,linear
2024-04-16,3282,2123,0.8,kept,linear
2024-04-17,3520,2250,0.858,kept,linear
2024-04-18,2890,2083,0.818,kept,linear
2024-04-19,3713,2496,0.816,kept,linear
2024-04-22,3488,2357,0.82,kept,linear
2024-04-23,3084,2141,0.806,kept,linear
2024-04-24,2752,1969,0.814,kept,linear
2024-04-25,2773,1910,0.818,kept,linear
2024-04-26,2869,2049,0.816,kept,linear
2024-04-29,2747,1989,0.804,kept,linear
2024-04-30,2875,2070,0.812,kept,linear
2024-05-01,3092,2172,0.812,kept,linear
2024-05-02,2584,1903,0.808,kept,linear
2024-05-03,3184,2181,0.8,kept,linear
2024-05-06,3002,2094,0.766,kept,linear
2024-05-07,2959,2081,0.758,kept,linear
2024-05-08,2540,1827,0.764,kept,linear
2024-05-09,2751,1971,0.76,kept,linear
2024-05-10,2909,2072,0.77,kept,linear
2024-05-13,2575,1864,0.758,kept,linear
2024-05-14,2610,1865,0.748,kept,linear
2024-05-15,3599,2392,0.762,kept,linear
2024-05-16,2966,2056,0.834,kept,linear
2024-05-17,2875,1944,0.804,kept,linear
2024-05-20,2808,1940,0.808,kept,linear
2024-05-21,2665,1890,0.8,kept,linear
2024-05-22,2941,2008,0.808,kept,linear
2024-05-23,2920,2072,0.828,kept,linear
2024-05-24,2493,1885,0.79,kept,linear
2024-05-28,2548,1922,0.808,kept,linear
2024-05-29,2564,1940,0.808,kept,linear
2024-05-30,2285,1697,0.792,kept,linear
2024-05-31,2835,2035,0.816,kept,linear
2024-06-03,2682,1899,0.772,kept,linear
2024-06-04,2274,1647,0.762,kept,linear
2024-06-05,3002,2149,0.78,kept,linear
2024-06-06,2372,1773,0.766,kept,linear
2024-06-07,2593,1869,0.766,kept,linear
2024-06-10,2493,1841,0.77,kept,linear
2024-06-11,2503,1827,0.756,kept,linear
2024-06-12,3540,2384,0.76,kept,linear
2024-06-13,2770,1956,0.76,kept,linear
2024-06-14,2623,1881,0.75,kept,linear
2024-06-17,3592,2367,0.77,kept,linear
2024-06-18,3221,2175,0.758,kept,linear
2024-06-20,2781,1982,0.868,kept,linear
2024-06-21,2573,1845,0.814,kept,linear
2024-06-24,2575,1896,0.82,kept,linear
2024-06-25,2397,1750,0.816,kept,linear
2024-06-26,2459,1817,0.812,kept,linear
2024-06-27,2285,1681,0.816,kept,linear
2024-06-28,3019,2112,0.802,kept,linear
2024-07-01,2793,1993,0.812,kept,linear
2024-07-02,2551,1803,0.816,kept,linear
2024-07-03,2357,1691,0.816,kept,linear
2024-07-05,2856,1952,0.822,kept,linear
2024-07-08,2780,1895,0.826,kept,linear
2024-07-09,2598,1803,0.808,kept,linear
2024-07-10,3104,2044,0.808,kept,linear
2024-07-11,2892,1939,0.802,kept,linear
2024-07-12,3299,2174,0.812,kept,linear
2024-07-15,3002,2012,0.794,kept,linear
2024-07-16,2897,1956,0.81,kept,linear
2024-07-17,3179,2050,0.806,kept,linear
2024-07-18,2790,1990,0.854,kept,linear
2024-07-19,2752,1991,0.818,kept,linear
2024-07-22,2665,1871,0.814,kept,linear
2024-07-23,2316,1707,0.814,kept,linear
2024-07-24,3513,2340,0.82,kept,linear
2024-07-25,3186,2200,0.818,kept,linear
2024-07-26,2802,1962,0.814,kept,linear
2024-07-29,2489,1837,0.82,kept,linear
2024-07-30,2923,2038,0.816,kept,linear
2024-07-31,3052,2141,0.808,kept,linear
2024-08-01,3433,2286,0.818,kept,linear
2024-08-02,3920,2518,0.814,kept,linear
2024-08-05,4543,2777,0.782,kept,linear
2024-08-06,4002,2546,0.774,kept,linear
2024-08-07,3838,2420,0.782,kept,linear
2024-08-08,3231,2106,0.768,kept,linear
2024-08-09,3334,2269,0.772,kept,linear
2024-08-12,3336,2266,0.766,kept,linear
2024-08-13,3420,2286,0.76,kept,linear
2024-08-14,3265,2254,0.782,kept,linear
2024-08-15,3685,2452,0.854,kept,linear
2024-08-16,3166,2154,0.818,kept,linear
2024-08-19,3541,2312,0.816,kept,linear
2024-08-20,3337,2244,0.818,kept,linear
2024-08-21,3131,2098,0.822,kept,linear
2024-08-22,2809,2019,0.812,kept,linear
2024-08-23,2928,2086,0.81,kept,linear
2024-08-26,2608,1948,0.816,kept,linear
2024-08-27,2460,1879,0.8,kept,linear
2024-08-28,2848,2108,0.816,kept,linear
2024-08-29,2784,1970,0.808,kept,linear
2024-08-30,2924,2108,0.806,kept,linear
2024-09-03,3383,2249,0.768,kept,linear
2024-09-04,2888,2005,0.77,kept,linear
2024-09-05,2757,1882,0.77,kept,linear
2024-09-06,3775,2477,0.78,kept,linear
2024-09-09,3117,2093,0.758,kept,linear
2024-09-10,2785,1943,0.768,kept,linear
2024-09-11,3360,2232,0.774,kept,linear
2024-09-12,3002,2005,0.754,kept,linear
2024-09-13,2999,2020,0.754,kept,linear
2024-09-16,2824,1947,0.75,kept,linear
2024-09-17,3069,2017,0.768,kept,linear
2024-09-18,2655,1747,0.754,kept,linear
2024-09-19,3083,2156,0.866,kept,linear
2024-09-20,2617,1884,0.81,kept,linear
2024-09-23,2621,1874,0.812,kept,linear
2024-09-24,2581,1872,0.802,kept,linear
2024-09-25,2556,1874,0.808,kept,linear
2024-09-26,2388,1721,0.82,kept,linear
2024-09-27,2533,1789,0.81,kept,linear
2024-09-30,2778,1950,0.842,kept,linear
2024-10-01,2984,2035,0.808,kept,linear
2024-10-02,2352,1674,0.812,kept,linear
2024-10-03,2319,1597,0.81,kept,linear
2024-10-04,2300,1606,0.812,kept,linear
2024-10-07,2500,1708,0.826,kept,linear
2024-10-08,2288,1561,0.818,kept,linear
2024-10-09,2663,1844,0.816,kept,linear
2024-10-10,2144,1495,0.82,kept,linear
2024-10-11,2888,1956,0.82,kept,linear
2024-10-15,2756,1856,0.816,kept,linear
2024-10-16,2575,1739,0.822,kept,linear
2024-10-17,1959,1474,0.852,kept,linear
2024-10-18,2408,1746,0.818,kept,linear
2024-10-21,2475,1826,0.8,kept,linear
2024-10-22,2049,1517,0.816,kept,linear
2024-10-23,2639,1878,0.818,kept,linear
2024-10-24,2018,1488,0.8,kept,linear
2024-10-25,2594,1864,0.826,kept,linear
2024-10-28,2296,1665,0.816,kept,linear
2024-10-29,2346,1709,0.812,kept,linear
2024-10-30,2394,1783,0.814,kept,linear
2024-10-31,3197,2176,0.81,kept,linear
2024-11-01,2538,1885,0.81,kept,linear
2024-11-04,2731,1935,0.774,kept,linear
2024-11-05,2591,1911,0.758,kept,linear
2024-11-06,3909,2707,0.778,kept,linear
2024-11-07,3250,2275,0.78,kept,linear
2024-11-08,3281,2305,0.774,kept,linear
2024-11-12,2645,1915,0.764,kept,linear
2024-11-13,2658,1919,0.756,kept,linear
2024-11-14,2623,1881,0.744,kept,linear
2024-11-15,3638,2430,0.754,kept,linear
2024-11-18,2911,2042,0.75,kept,linear
2024-11-19,2807,1966,0.742,kept,linear
2024-11-20,2931,2001,0.75,kept,linear
2024-11-21,2435,1849,0.85,kept,linear
2024-11-22,2423,1790,0.804,kept,linear
2024-11-25,2784,2052,0.808,kept,linear
2024-11-26,2729,2097,0.804,kept,linear
2024-11-27,2730,2037,0.79,kept,linear
2024-11-29,2256,1686,0.792,kept,linear
2024-12-02,2423,1798,0.792,kept,linear
2024-12-03,2356,1755,0.802,kept,linear
2024-12-04,2543,1837,0.804,kept,linear
2024-12-05,2128,1554,0.81,kept,linear
2024-12-06,2289,1690,0.768,kept,linear
2024-12-09,2358,1708,0.758,kept,linear
2024-12-10,2215,1616,0.762,kept,linear
2024-12-11,2499,1801,0.766,kept,linear
2024-12-12,2233,1615,0.756,kept,linear
2024-12-13,2334,1692,0.746,kept,linear
2024-12-16,2670,1874,0.768,kept,linear
2024-12-17,2871,1993,0.756,kept,linear
2024-12-18,3804,2497,0.758,kept,linear
2024-12-19,3494,2458,0.854,kept,linear
2024-12-20,3627,2483,0.806,kept,linear
2024-12-23,3070,2245,0.806,kept,linear
2024-12-24,2826,2134,0.792,kept,linear
2024-12-26,2679,1995,0.808,kept,linear
2024-12-27,3259,2333,0.804,kept,linear
2024-12-30,3456,2410,0.82,kept,linear
2024-12-31,3168,2331,0.848,kept,linear
