stage,check,status,observed,reference,absolute_difference,tolerance
1,clean_row_count,PASS,6713294,6713294,0.0,0.0
1,clean_sample_underlying_symbol,PASS,"shape=(200,)","shape=(200,)",0.0,1e-08
1,clean_sample_quote_date,PASS,"shape=(200,)","shape=(200,)",0.0,1e-08
1,clean_sample_root,PASS,"shape=(200,)","shape=(200,)",0.0,1e-08
1,clean_sample_expiration,PASS,"shape=(200,)","shape=(200,)",0.0,1e-08
1,clean_sample_strike,PASS,"shape=(200,)","shape=(200,)",0.0,1e-08
1,clean_sample_option_type,PASS,"shape=(200,)","shape=(200,)",0.0,1e-08
1,clean_sample_open,PASS,"shape=(200,)","shape=(200,)",0.0,1e-08
1,clean_sample_high,PASS,"shape=(200,)","shape=(200,)",0.0,1e-08
1,clean_sample_low,PASS,"shape=(200,)","shape=(200,)",0.0,1e-08
1,clean_sample_close,PASS,"shape=(200,)","shape=(200,)",0.0,1e-08
1,clean_sample_trade_volume,PASS,"shape=(200,)","shape=(200,)",0.0,1e-08
1,clean_sample_bid_size_1545,PASS,"shape=(200,)","shape=(200,)",0.0,1e-08
1,clean_sample_bid_1545,PASS,"shape=(200,)","shape=(200,)",0.0,1e-08
1,clean_sample_ask_size_1545,PASS,"shape=(200,)","shape=(200,)",0.0,1e-08
1,clean_sample_ask_1545,PASS,"shape=(200,)","shape=(200,)",0.0,1e-08
1,clean_sample_underlying_bid_1545,PASS,"shape=(200,)","shape=(200,)",0.0,1e-08
1,clean_sample_underlying_ask_1545,PASS,"shape=(200,)","shape=(200,)",0.0,1e-08
1,clean_sample_bid_size_eod,PASS,"shape=(200,)","shape=(200,)",0.0,1e-08
1,clean_sample_bid_eod,PASS,"shape=(200,)","shape=(200,)",0.0,1e-08
1,clean_sample_ask_size_eod,PASS,"shape=(200,)","shape=(200,)",0.0,1e-08
1,clean_sample_ask_eod,PASS,"shape=(200,)","shape=(200,)",0.0,1e-08
1,clean_sample_underlying_bid_eod,PASS,"shape=(200,)","shape=(200,)",0.0,1e-08
1,clean_sample_underlying_ask_eod,PASS,"shape=(200,)","shape=(200,)",0.0,1e-08
1,clean_sample_vwap,PASS,"shape=(200,)","shape=(200,)",0.0,1e-08
1,clean_sample_open_interest,PASS,"shape=(200,)","shape=(200,)",0.0,1e-08
1,clean_sample_delivery_code,PASS,"shape=(200,)","shape=(200,)",0.0,1e-08
1,clean_sample_spot,PASS,"shape=(200,)","shape=(200,)",2.273736754432321e-13,1e-08
1,clean_sample_mid,PASS,"shape=(200,)","shape=(200,)",2.8421709430404014e-14,1e-08
1,clean_sample_T,PASS,"shape=(200,)","shape=(200,)",8.326672684688674e-17,1e-08
1,clean_sample_Calendar Date,PASS,"shape=(200,)","shape=(200,)",0.0,1e-08
1,clean_sample_Dividend Yield (Value-Weighted),PASS,"shape=(200,)","shape=(200,)",0.0,1e-08
1,clean_sample_1M,PASS,"shape=(200,)","shape=(200,)",0.0,1e-08
1,clean_sample_2M,PASS,"shape=(200,)","shape=(200,)",0.0,1e-08
1,clean_sample_3M,PASS,"shape=(200,)","shape=(200,)",0.0,1e-08
1,clean_sample_4M,PASS,"shape=(200,)","shape=(200,)",0.0,1e-08
1,clean_sample_6M,PASS,"shape=(200,)","shape=(200,)",0.0,1e-08
1,clean_sample_12M,PASS,"shape=(200,)","shape=(200,)",0.0,1e-08
1,clean_sample_r_annual,PASS,"shape=(200,)","shape=(200,)",9.795766628406531e-17,1e-08
1,clean_sample_q_annual,PASS,"shape=(200,)","shape=(200,)",4.510281037539698e-17,1e-08
1,clean_sample_moneyness,PASS,"shape=(200,)","shape=(200,)",2.220446049250313e-16,1e-08
1,options_clean_all_rows,PASS,6713294,6713294,0.0,0.0
1,options_clean_all_values_underlying_symbol,PASS,6713294,6713294,0.0,1e-08
1,options_clean_all_values_quote_date,PASS,6713294,6713294,0.0,1e-08
1,options_clean_all_values_root,PASS,6713294,6713294,0.0,1e-08
1,options_clean_all_values_expiration,PASS,6713294,6713294,0.0,1e-08
1,options_clean_all_values_strike,PASS,6713294,6713294,0.0,1e-08
1,options_clean_all_values_option_type,PASS,6713294,6713294,0.0,1e-08
1,options_clean_all_values_open,PASS,6713294,6713294,0.0,1e-08
1,options_clean_all_values_high,PASS,6713294,6713294,0.0,1e-08
1,options_clean_all_values_low,PASS,6713294,6713294,0.0,1e-08
1,options_clean_all_values_close,PASS,6713294,6713294,0.0,1e-08
1,options_clean_all_values_trade_volume,PASS,6713294,6713294,0.0,1e-08
1,options_clean_all_values_bid_size_1545,PASS,6713294,6713294,0.0,1e-08
1,options_clean_all_values_bid_1545,PASS,6713294,6713294,0.0,1e-08
1,options_clean_all_values_ask_size_1545,PASS,6713294,6713294,0.0,1e-08
1,options_clean_all_values_ask_1545,PASS,6713294,6713294,0.0,1e-08
1,options_clean_all_values_underlying_bid_1545,PASS,6713294,6713294,0.0,1e-08
1,options_clean_all_values_underlying_ask_1545,PASS,6713294,6713294,0.0,1e-08
1,options_clean_all_values_bid_size_eod,PASS,6713294,6713294,0.0,1e-08
1,options_clean_all_values_bid_eod,PASS,6713294,6713294,0.0,1e-08
1,options_clean_all_values_ask_size_eod,PASS,6713294,6713294,0.0,1e-08
1,options_clean_all_values_ask_eod,PASS,6713294,6713294,0.0,1e-08
1,options_clean_all_values_underlying_bid_eod,PASS,6713294,6713294,0.0,1e-08
1,options_clean_all_values_underlying_ask_eod,PASS,6713294,6713294,0.0,1e-08
1,options_clean_all_values_vwap,PASS,6713294,6713294,0.0,1e-08
1,options_clean_all_values_open_interest,PASS,6713294,6713294,0.0,1e-08
1,options_clean_all_values_delivery_code,PASS,6713294,6713294,0.0,1e-08
1,options_clean_all_values_spot,PASS,6713294,6713294,0.0,1e-08
1,options_clean_all_values_mid,PASS,6713294,6713294,0.0,1e-08
1,options_clean_all_values_T,PASS,6713294,6713294,0.0,1e-08
1,options_clean_all_values_Calendar Date,PASS,6713294,6713294,0.0,1e-08
1,options_clean_all_values_Dividend Yield (Value-Weighted),PASS,6713294,6713294,0.0,1e-08
1,options_clean_all_values_1M,PASS,6713294,6713294,0.0,1e-08
1,options_clean_all_values_2M,PASS,6713294,6713294,0.0,1e-08
1,options_clean_all_values_3M,PASS,6713294,6713294,0.0,1e-08
1,options_clean_all_values_4M,PASS,6713294,6713294,0.0,1e-08
1,options_clean_all_values_6M,PASS,6713294,6713294,0.0,1e-08
1,options_clean_all_values_12M,PASS,6713294,6713294,0.0,1e-08
1,options_clean_all_values_r_annual,PASS,6713294,6713294,3.0010716134398763e-16,1e-08
1,options_clean_all_values_q_annual,PASS,6713294,6713294,2.012279232133096e-16,1e-08
1,options_clean_all_values_moneyness,PASS,6713294,6713294,0.0,1e-08
1,options_with_iv_all_rows,PASS,6713294,6713294,0.0,0.0
1,options_with_iv_all_values_underlying_symbol,PASS,6713294,6713294,0.0,1e-08
1,options_with_iv_all_values_quote_date,PASS,6713294,6713294,0.0,1e-08
1,options_with_iv_all_values_root,PASS,6713294,6713294,0.0,1e-08
1,options_with_iv_all_values_expiration,PASS,6713294,6713294,0.0,1e-08
1,options_with_iv_all_values_strike,PASS,6713294,6713294,0.0,1e-08
1,options_with_iv_all_values_option_type,PASS,6713294,6713294,0.0,1e-08
1,options_with_iv_all_values_open,PASS,6713294,6713294,0.0,1e-08
1,options_with_iv_all_values_high,PASS,6713294,6713294,0.0,1e-08
1,options_with_iv_all_values_low,PASS,6713294,6713294,0.0,1e-08
1,options_with_iv_all_values_close,PASS,6713294,6713294,0.0,1e-08
1,options_with_iv_all_values_trade_volume,PASS,6713294,6713294,0.0,1e-08
1,options_with_iv_all_values_bid_size_1545,PASS,6713294,6713294,0.0,1e-08
1,options_with_iv_all_values_bid_1545,PASS,6713294,6713294,0.0,1e-08
1,options_with_iv_all_values_ask_size_1545,PASS,6713294,6713294,0.0,1e-08
1,options_with_iv_all_values_ask_1545,PASS,6713294,6713294,0.0,1e-08
1,options_with_iv_all_values_underlying_bid_1545,PASS,6713294,6713294,0.0,1e-08
1,options_with_iv_all_values_underlying_ask_1545,PASS,6713294,6713294,0.0,1e-08
1,options_with_iv_all_values_bid_size_eod,PASS,6713294,6713294,0.0,1e-08
1,options_with_iv_all_values_bid_eod,PASS,6713294,6713294,0.0,1e-08
1,options_with_iv_all_values_ask_size_eod,PASS,6713294,6713294,0.0,1e-08
1,options_with_iv_all_values_ask_eod,PASS,6713294,6713294,0.0,1e-08
1,options_with_iv_all_values_underlying_bid_eod,PASS,6713294,6713294,0.0,1e-08
1,options_with_iv_all_values_underlying_ask_eod,PASS,6713294,6713294,0.0,1e-08
1,options_with_iv_all_values_vwap,PASS,6713294,6713294,0.0,1e-08
1,options_with_iv_all_values_open_interest,PASS,6713294,6713294,0.0,1e-08
1,options_with_iv_all_values_delivery_code,PASS,6713294,6713294,0.0,1e-08
1,options_with_iv_all_values_spot,PASS,6713294,6713294,0.0,1e-08
1,options_with_iv_all_values_mid,PASS,6713294,6713294,0.0,1e-08
1,options_with_iv_all_values_T,PASS,6713294,6713294,0.0,1e-08
1,options_with_iv_all_values_Calendar Date,PASS,6713294,6713294,0.0,1e-08
1,options_with_iv_all_values_Dividend Yield (Value-Weighted),PASS,6713294,6713294,0.0,1e-08
1,options_with_iv_all_values_1M,PASS,6713294,6713294,0.0,1e-08
1,options_with_iv_all_values_2M,PASS,6713294,6713294,0.0,1e-08
1,options_with_iv_all_values_3M,PASS,6713294,6713294,0.0,1e-08
1,options_with_iv_all_values_4M,PASS,6713294,6713294,0.0,1e-08
1,options_with_iv_all_values_6M,PASS,6713294,6713294,0.0,1e-08
1,options_with_iv_all_values_12M,PASS,6713294,6713294,0.0,1e-08
1,options_with_iv_all_values_r_annual,PASS,6713294,6713294,3.0010716134398763e-16,1e-08
1,options_with_iv_all_values_q_annual,PASS,6713294,6713294,2.012279232133096e-16,1e-08
1,options_with_iv_all_values_moneyness,PASS,6713294,6713294,0.0,1e-08
1,options_with_iv_all_values_implied_vol,PASS,6713294,6713294,1.8707257964933888e-14,1e-09
1,iv_grid_wide_columns,PASS,"shape=(501,)","shape=(501,)",0.0,0.0
1,iv_grid_wide_rows,PASS,2808,2808,0.0,0.0
1,iv_grid_wide_quote_date,PASS,"shape=(2808,)","shape=(2808,)",0.0,1e-09
1,iv_grid_wide_iv_x00_t00,PASS,"shape=(2808,)","shape=(2808,)",0.0,1e-09
1,iv_grid_wide_iv_x01_t00,PASS,"shape=(2808,)","shape=(2808,)",0.0,1e-09
1,iv_grid_wide_iv_x02_t00,PASS,"shape=(2808,)","shape=(2808,)",0.0,1e-09
1,iv_grid_wide_iv_x03_t00,PASS,"shape=(2808,)","shape=(2808,)",0.0,1e-09
1,iv_grid_wide_iv_x04_t00,PASS,"shape=(2808,)","shape=(2808,)",0.0,1e-09
1,iv_grid_wide_iv_x05_t00,PASS,"shape=(2808,)","shape=(2808,)",0.0,1e-09
1,iv_grid_wide_iv_x06_t00,PASS,"shape=(2808,)","shape=(2808,)",0.0,1e-09
1,iv_grid_wide_iv_x07_t00,PASS,"shape=(2808,)","shape=(2808,)",0.0,1e-09
1,iv_grid_wide_iv_x08_t00,PASS,"shape=(2808,)","shape=(2808,)",0.0,1e-09
1,iv_grid_wide_iv_x09_t00,PASS,"shape=(2808,)","shape=(2808,)",0.0,1e-09
1,iv_grid_wide_iv_x10_t00,PASS,"shape=(2808,)","shape=(2808,)",0.0,1e-09
1,iv_grid_wide_iv_x11_t00,PASS,"shape=(2808,)","shape=(2808,)",0.0,1e-09
1,iv_grid_wide_iv_x12_t00,PASS,"shape=(2808,)","shape=(2808,)",0.0,1e-09
1,iv_grid_wide_iv_x13_t00,PASS,"shape=(2808,)","shape=(2808,)",0.0,1e-09
1,iv_grid_wide_iv_x14_t00,PASS,"shape=(2808,)","shape=(2808,)",0.0,1e-09
1,iv_grid_wide_iv_x15_t00,PASS,"shape=(2808,)","shape=(2808,)",0.0,1e-09
1,iv_grid_wide_iv_x16_t00,PASS,"shape=(2808,)","shape=(2808,)",0.0,1e-09
1,iv_grid_wide_iv_x17_t00,PASS,"shape=(2808,)","shape=(2808,)",0.0,1e-09
1,iv_grid_wide_iv_x18_t00,PASS,"shape=(2808,)","shape=(2808,)",0.0,1e-09
1,iv_grid_wide_iv_x19_t00,PASS,"shape=(2808,)","shape=(2808,)",0.0,1e-09
1,iv_grid_wide_iv_x20_t00,PASS,"shape=(2808,)","shape=(2808,)",0.0,1e-09
1,iv_grid_wide_iv_x21_t00,PASS,"shape=(2808,)","shape=(2808,)",0.0,1e-09
1,iv_grid_wide_iv_x22_t00,PASS,"shape=(2808,)","shape=(2808,)",0.0,1e-09
1,iv_grid_wide_iv_x23_t00,PASS,"shape=(2808,)","shape=(2808,)",0.0,1e-09
1,iv_grid_wide_iv_x24_t00,PASS,"shape=(2808,)","shape=(2808,)",0.0,1e-09
1,iv_grid_wide_iv_x00_t01,PASS,"shape=(2808,)","shape=(2808,)",0.0,1e-09
1,iv_grid_wide_iv_x01_t01,PASS,"shape=(2808,)","shape=(2808,)",1.1102230246251563e-15,1e-09
1,iv_grid_wide_iv_x02_t01,PASS,"shape=(2808,)","shape=(2808,)",5.551115123125784e-16,1e-09
1,iv_grid_wide_iv_x03_t01,PASS,"shape=(2808,)","shape=(2808,)",7.2164496600635185e-16,1e-09
1,iv_grid_wide_iv_x04_t01,PASS,"shape=(2808,)","shape=(2808,)",6.106226635438361e-16,1e-09
1,iv_grid_wide_iv_x05_t01,PASS,"shape=(2808,)","shape=(2808,)",6.38378239159465e-16,1e-09
1,iv_grid_wide_iv_x06_t01,PASS,"shape=(2808,)","shape=(2808,)",8.881784197001252e-16,1e-09
1,iv_grid_wide_iv_x07_t01,PASS,"shape=(2808,)","shape=(2808,)",7.494005416219808e-16,1e-09
1,iv_grid_wide_iv_x08_t01,PASS,"shape=(2808,)","shape=(2808,)",1.915134717478395e-15,1e-09
1,iv_grid_wide_iv_x09_t01,PASS,"shape=(2808,)","shape=(2808,)",7.494005416219808e-16,1e-09
1,iv_grid_wide_iv_x10_t01,PASS,"shape=(2808,)","shape=(2808,)",5.273559366969495e-16,1e-09
1,iv_grid_wide_iv_x11_t01,PASS,"shape=(2808,)","shape=(2808,)",5.551115123125784e-16,1e-09
1,iv_grid_wide_iv_x12_t01,PASS,"shape=(2808,)","shape=(2808,)",6.38378239159465e-16,1e-09
1,iv_grid_wide_iv_x13_t01,PASS,"shape=(2808,)","shape=(2808,)",3.05311331771918e-16,1e-09
1,iv_grid_wide_iv_x14_t01,PASS,"shape=(2808,)","shape=(2808,)",2.914335439641036e-16,1e-09
1,iv_grid_wide_iv_x15_t01,PASS,"shape=(2808,)","shape=(2808,)",7.2164496600635185e-16,1e-09
1,iv_grid_wide_iv_x16_t01,PASS,"shape=(2808,)","shape=(2808,)",8.049116928532385e-16,1e-09
1,iv_grid_wide_iv_x17_t01,PASS,"shape=(2808,)","shape=(2808,)",1.1657341758564144e-15,1e-09
1,iv_grid_wide_iv_x18_t01,PASS,"shape=(2808,)","shape=(2808,)",5.828670879282072e-16,1e-09
1,iv_grid_wide_iv_x19_t01,PASS,"shape=(2808,)","shape=(2808,)",1.3322676295501878e-15,1e-09
1,iv_grid_wide_iv_x20_t01,PASS,"shape=(2808,)","shape=(2808,)",7.2164496600635185e-16,1e-09
1,iv_grid_wide_iv_x21_t01,PASS,"shape=(2808,)","shape=(2808,)",2.7755575615628914e-16,1e-09
1,iv_grid_wide_iv_x22_t01,PASS,"shape=(2808,)","shape=(2808,)",3.3306690738754696e-16,1e-09
1,iv_grid_wide_iv_x23_t01,PASS,"shape=(2808,)","shape=(2808,)",1.6653345369377348e-16,1e-09
1,iv_grid_wide_iv_x24_t01,PASS,"shape=(2808,)","shape=(2808,)",0.0,1e-09
1,iv_grid_wide_iv_x00_t02,PASS,"shape=(2808,)","shape=(2808,)",0.0,1e-09
1,iv_grid_wide_iv_x01_t02,PASS,"shape=(2808,)","shape=(2808,)",3.3306690738754696e-16,1e-09
1,iv_grid_wide_iv_x02_t02,PASS,"shape=(2808,)","shape=(2808,)",7.2164496600635185e-16,1e-09
1,iv_grid_wide_iv_x03_t02,PASS,"shape=(2808,)","shape=(2808,)",1.3322676295501878e-15,1e-09
1,iv_grid_wide_iv_x04_t02,PASS,"shape=(2808,)","shape=(2808,)",5.551115123125784e-16,1e-09
1,iv_grid_wide_iv_x05_t02,PASS,"shape=(2808,)","shape=(2808,)",9.992007221626409e-16,1e-09
1,iv_grid_wide_iv_x06_t02,PASS,"shape=(2808,)","shape=(2808,)",9.71445146547012e-16,1e-09
1,iv_grid_wide_iv_x07_t02,PASS,"shape=(2808,)","shape=(2808,)",7.494005416219808e-16,1e-09
1,iv_grid_wide_iv_x08_t02,PASS,"shape=(2808,)","shape=(2808,)",8.049116928532385e-16,1e-09
1,iv_grid_wide_iv_x09_t02,PASS,"shape=(2808,)","shape=(2808,)",1.6653345369377348e-15,1e-09
1,iv_grid_wide_iv_x10_t02,PASS,"shape=(2808,)","shape=(2808,)",6.106226635438361e-16,1e-09
1,iv_grid_wide_iv_x11_t02,PASS,"shape=(2808,)","shape=(2808,)",2.7755575615628914e-16,1e-09
1,iv_grid_wide_iv_x12_t02,PASS,"shape=(2808,)","shape=(2808,)",2.0816681711721683e-16,1e-09
1,iv_grid_wide_iv_x13_t02,PASS,"shape=(2808,)","shape=(2808,)",4.718447854656915e-16,1e-09
1,iv_grid_wide_iv_x14_t02,PASS,"shape=(2808,)","shape=(2808,)",7.2164496600635185e-16,1e-09
1,iv_grid_wide_iv_x15_t02,PASS,"shape=(2808,)","shape=(2808,)",3.05311331771918e-16,1e-09
1,iv_grid_wide_iv_x16_t02,PASS,"shape=(2808,)","shape=(2808,)",1.0130785099704551e-15,1e-09
1,iv_grid_wide_iv_x17_t02,PASS,"shape=(2808,)","shape=(2808,)",9.298117831235686e-16,1e-09
1,iv_grid_wide_iv_x18_t02,PASS,"shape=(2808,)","shape=(2808,)",5.967448757360216e-16,1e-09
1,iv_grid_wide_iv_x19_t02,PASS,"shape=(2808,)","shape=(2808,)",5.273559366969495e-16,1e-09
1,iv_grid_wide_iv_x20_t02,PASS,"shape=(2808,)","shape=(2808,)",6.106226635438361e-16,1e-09
1,iv_grid_wide_iv_x21_t02,PASS,"shape=(2808,)","shape=(2808,)",3.8857805861880484e-16,1e-09
1,iv_grid_wide_iv_x22_t02,PASS,"shape=(2808,)","shape=(2808,)",6.661338147750939e-16,1e-09
1,iv_grid_wide_iv_x23_t02,PASS,"shape=(2808,)","shape=(2808,)",3.3306690738754696e-16,1e-09
1,iv_grid_wide_iv_x24_t02,PASS,"shape=(2808,)","shape=(2808,)",0.0,1e-09
1,iv_grid_wide_iv_x00_t03,PASS,"shape=(2808,)","shape=(2808,)",0.0,1e-09
1,iv_grid_wide_iv_x01_t03,PASS,"shape=(2808,)","shape=(2808,)",6.661338147750939e-16,1e-09
1,iv_grid_wide_iv_x02_t03,PASS,"shape=(2808,)","shape=(2808,)",7.2164496600635185e-16,1e-09
1,iv_grid_wide_iv_x03_t03,PASS,"shape=(2808,)","shape=(2808,)",3.8857805861880484e-16,1e-09
1,iv_grid_wide_iv_x04_t03,PASS,"shape=(2808,)","shape=(2808,)",1.0824674490095276e-15,1e-09
1,iv_grid_wide_iv_x05_t03,PASS,"shape=(2808,)","shape=(2808,)",1.054711873393899e-15,1e-09
1,iv_grid_wide_iv_x06_t03,PASS,"shape=(2808,)","shape=(2808,)",9.43689570931383e-16,1e-09
1,iv_grid_wide_iv_x07_t03,PASS,"shape=(2808,)","shape=(2808,)",6.661338147750939e-16,1e-09
1,iv_grid_wide_iv_x08_t03,PASS,"shape=(2808,)","shape=(2808,)",5.828670879282072e-16,1e-09
1,iv_grid_wide_iv_x09_t03,PASS,"shape=(2808,)","shape=(2808,)",4.996003610813204e-16,1e-09
1,iv_grid_wide_iv_x10_t03,PASS,"shape=(2808,)","shape=(2808,)",3.8857805861880484e-16,1e-09
1,iv_grid_wide_iv_x11_t03,PASS,"shape=(2808,)","shape=(2808,)",2.498001805406602e-16,1e-09
1,iv_grid_wide_iv_x12_t03,PASS,"shape=(2808,)","shape=(2808,)",4.3021142204224816e-16,1e-09
1,iv_grid_wide_iv_x13_t03,PASS,"shape=(2808,)","shape=(2808,)",1.6653345369377348e-16,1e-09
1,iv_grid_wide_iv_x14_t03,PASS,"shape=(2808,)","shape=(2808,)",4.85722573273506e-16,1e-09
1,iv_grid_wide_iv_x15_t03,PASS,"shape=(2808,)","shape=(2808,)",4.85722573273506e-16,1e-09
1,iv_grid_wide_iv_x16_t03,PASS,"shape=(2808,)","shape=(2808,)",3.3306690738754696e-16,1e-09
1,iv_grid_wide_iv_x17_t03,PASS,"shape=(2808,)","shape=(2808,)",8.743006318923109e-16,1e-09
1,iv_grid_wide_iv_x18_t03,PASS,"shape=(2808,)","shape=(2808,)",9.298117831235686e-16,1e-09
1,iv_grid_wide_iv_x19_t03,PASS,"shape=(2808,)","shape=(2808,)",6.38378239159465e-16,1e-09
1,iv_grid_wide_iv_x20_t03,PASS,"shape=(2808,)","shape=(2808,)",4.440892098500626e-16,1e-09
1,iv_grid_wide_iv_x21_t03,PASS,"shape=(2808,)","shape=(2808,)",6.661338147750939e-16,1e-09
1,iv_grid_wide_iv_x22_t03,PASS,"shape=(2808,)","shape=(2808,)",1.1102230246251563e-16,1e-09
1,iv_grid_wide_iv_x23_t03,PASS,"shape=(2808,)","shape=(2808,)",1.1102230246251563e-16,1e-09
1,iv_grid_wide_iv_x24_t03,PASS,"shape=(2808,)","shape=(2808,)",0.0,1e-09
1,iv_grid_wide_iv_x00_t04,PASS,"shape=(2808,)","shape=(2808,)",0.0,1e-09
1,iv_grid_wide_iv_x01_t04,PASS,"shape=(2808,)","shape=(2808,)",7.2164496600635185e-16,1e-09
1,iv_grid_wide_iv_x02_t04,PASS,"shape=(2808,)","shape=(2808,)",8.049116928532385e-16,1e-09
1,iv_grid_wide_iv_x03_t04,PASS,"shape=(2808,)","shape=(2808,)",8.326672684688674e-16,1e-09
1,iv_grid_wide_iv_x04_t04,PASS,"shape=(2808,)","shape=(2808,)",1.2490009027033013e-15,1e-09
1,iv_grid_wide_iv_x05_t04,PASS,"shape=(2808,)","shape=(2808,)",1.1657341758564144e-15,1e-09
1,iv_grid_wide_iv_x06_t04,PASS,"shape=(2808,)","shape=(2808,)",4.996003610813204e-16,1e-09
1,iv_grid_wide_iv_x07_t04,PASS,"shape=(2808,)","shape=(2808,)",5.273559366969495e-16,1e-09
1,iv_grid_wide_iv_x08_t04,PASS,"shape=(2808,)","shape=(2808,)",6.106226635438361e-16,1e-09
1,iv_grid_wide_iv_x09_t04,PASS,"shape=(2808,)","shape=(2808,)",2.498001805406602e-16,1e-09
1,iv_grid_wide_iv_x10_t04,PASS,"shape=(2808,)","shape=(2808,)",1.3877787807814454e-16,1e-09
1,iv_grid_wide_iv_x11_t04,PASS,"shape=(2808,)","shape=(2808,)",9.15933995315754e-16,1e-09
1,iv_grid_wide_iv_x12_t04,PASS,"shape=(2808,)","shape=(2808,)",6.938893903907228e-16,1e-09
1,iv_grid_wide_iv_x13_t04,PASS,"shape=(2808,)","shape=(2808,)",4.163336342344337e-16,1e-09
1,iv_grid_wide_iv_x14_t04,PASS,"shape=(2808,)","shape=(2808,)",3.8857805861880484e-16,1e-09
1,iv_grid_wide_iv_x15_t04,PASS,"shape=(2808,)","shape=(2808,)",5.967448757360216e-16,1e-09
1,iv_grid_wide_iv_x16_t04,PASS,"shape=(2808,)","shape=(2808,)",1.3877787807814457e-15,1e-09
1,iv_grid_wide_iv_x17_t04,PASS,"shape=(2808,)","shape=(2808,)",1.0824674490095276e-15,1e-09
1,iv_grid_wide_iv_x18_t04,PASS,"shape=(2808,)","shape=(2808,)",5.689893001203927e-16,1e-09
1,iv_grid_wide_iv_x19_t04,PASS,"shape=(2808,)","shape=(2808,)",1.0824674490095276e-15,1e-09
1,iv_grid_wide_iv_x20_t04,PASS,"shape=(2808,)","shape=(2808,)",6.661338147750939e-16,1e-09
1,iv_grid_wide_iv_x21_t04,PASS,"shape=(2808,)","shape=(2808,)",6.106226635438361e-16,1e-09
1,iv_grid_wide_iv_x22_t04,PASS,"shape=(2808,)","shape=(2808,)",5.828670879282072e-16,1e-09
1,iv_grid_wide_iv_x23_t04,PASS,"shape=(2808,)","shape=(2808,)",1.9428902930940242e-16,1e-09
1,iv_grid_wide_iv_x24_t04,PASS,"shape=(2808,)","shape=(2808,)",0.0,1e-09
1,iv_grid_wide_iv_x00_t05,PASS,"shape=(2808,)","shape=(2808,)",0.0,1e-09
1,iv_grid_wide_iv_x01_t05,PASS,"shape=(2808,)","shape=(2808,)",4.996003610813204e-16,1e-09
1,iv_grid_wide_iv_x02_t05,PASS,"shape=(2808,)","shape=(2808,)",8.326672684688674e-16,1e-09
1,iv_grid_wide_iv_x03_t05,PASS,"shape=(2808,)","shape=(2808,)",8.326672684688674e-16,1e-09
1,iv_grid_wide_iv_x04_t05,PASS,"shape=(2808,)","shape=(2808,)",4.440892098500626e-16,1e-09
1,iv_grid_wide_iv_x05_t05,PASS,"shape=(2808,)","shape=(2808,)",1.0269562977782698e-15,1e-09
1,iv_grid_wide_iv_x06_t05,PASS,"shape=(2808,)","shape=(2808,)",6.106226635438361e-16,1e-09
1,iv_grid_wide_iv_x07_t05,PASS,"shape=(2808,)","shape=(2808,)",3.8857805861880484e-16,1e-09
1,iv_grid_wide_iv_x08_t05,PASS,"shape=(2808,)","shape=(2808,)",2.220446049250313e-16,1e-09
1,iv_grid_wide_iv_x09_t05,PASS,"shape=(2808,)","shape=(2808,)",3.6082248300317592e-16,1e-09
1,iv_grid_wide_iv_x10_t05,PASS,"shape=(2808,)","shape=(2808,)",1.1102230246251563e-16,1e-09
1,iv_grid_wide_iv_x11_t05,PASS,"shape=(2808,)","shape=(2808,)",1.1102230246251563e-15,1e-09
1,iv_grid_wide_iv_x12_t05,PASS,"shape=(2808,)","shape=(2808,)",3.3306690738754696e-16,1e-09
1,iv_grid_wide_iv_x13_t05,PASS,"shape=(2808,)","shape=(2808,)",3.6082248300317592e-16,1e-09
1,iv_grid_wide_iv_x14_t05,PASS,"shape=(2808,)","shape=(2808,)",1.8041124150158796e-16,1e-09
1,iv_grid_wide_iv_x15_t05,PASS,"shape=(2808,)","shape=(2808,)",2.498001805406602e-16,1e-09
1,iv_grid_wide_iv_x16_t05,PASS,"shape=(2808,)","shape=(2808,)",6.245004513516507e-16,1e-09
1,iv_grid_wide_iv_x17_t05,PASS,"shape=(2808,)","shape=(2808,)",9.15933995315754e-16,1e-09
1,iv_grid_wide_iv_x18_t05,PASS,"shape=(2808,)","shape=(2808,)",4.718447854656915e-16,1e-09
1,iv_grid_wide_iv_x19_t05,PASS,"shape=(2808,)","shape=(2808,)",2.498001805406602e-16,1e-09
1,iv_grid_wide_iv_x20_t05,PASS,"shape=(2808,)","shape=(2808,)",4.163336342344337e-16,1e-09
1,iv_grid_wide_iv_x21_t05,PASS,"shape=(2808,)","shape=(2808,)",5.273559366969495e-16,1e-09
1,iv_grid_wide_iv_x22_t05,PASS,"shape=(2808,)","shape=(2808,)",6.661338147750939e-16,1e-09
1,iv_grid_wide_iv_x23_t05,PASS,"shape=(2808,)","shape=(2808,)",2.498001805406602e-16,1e-09
1,iv_grid_wide_iv_x24_t05,PASS,"shape=(2808,)","shape=(2808,)",0.0,1e-09
1,iv_grid_wide_iv_x00_t06,PASS,"shape=(2808,)","shape=(2808,)",0.0,1e-09
1,iv_grid_wide_iv_x01_t06,PASS,"shape=(2808,)","shape=(2808,)",3.6082248300317592e-16,1e-09
1,iv_grid_wide_iv_x02_t06,PASS,"shape=(2808,)","shape=(2808,)",1.3322676295501878e-15,1e-09
1,iv_grid_wide_iv_x03_t06,PASS,"shape=(2808,)","shape=(2808,)",6.661338147750939e-16,1e-09
1,iv_grid_wide_iv_x04_t06,PASS,"shape=(2808,)","shape=(2808,)",8.049116928532385e-16,1e-09
1,iv_grid_wide_iv_x05_t06,PASS,"shape=(2808,)","shape=(2808,)",3.6082248300317592e-16,1e-09
1,iv_grid_wide_iv_x06_t06,PASS,"shape=(2808,)","shape=(2808,)",7.2164496600635185e-16,1e-09
1,iv_grid_wide_iv_x07_t06,PASS,"shape=(2808,)","shape=(2808,)",4.440892098500626e-16,1e-09
1,iv_grid_wide_iv_x08_t06,PASS,"shape=(2808,)","shape=(2808,)",1.0824674490095276e-15,1e-09
1,iv_grid_wide_iv_x09_t06,PASS,"shape=(2808,)","shape=(2808,)",6.38378239159465e-16,1e-09
1,iv_grid_wide_iv_x10_t06,PASS,"shape=(2808,)","shape=(2808,)",3.6082248300317592e-16,1e-09
1,iv_grid_wide_iv_x11_t06,PASS,"shape=(2808,)","shape=(2808,)",8.049116928532385e-16,1e-09
1,iv_grid_wide_iv_x12_t06,PASS,"shape=(2808,)","shape=(2808,)",3.05311331771918e-16,1e-09
1,iv_grid_wide_iv_x13_t06,PASS,"shape=(2808,)","shape=(2808,)",4.996003610813204e-16,1e-09
1,iv_grid_wide_iv_x14_t06,PASS,"shape=(2808,)","shape=(2808,)",5.828670879282072e-16,1e-09
1,iv_grid_wide_iv_x15_t06,PASS,"shape=(2808,)","shape=(2808,)",6.800116025829084e-16,1e-09
1,iv_grid_wide_iv_x16_t06,PASS,"shape=(2808,)","shape=(2808,)",5.828670879282072e-16,1e-09
1,iv_grid_wide_iv_x17_t06,PASS,"shape=(2808,)","shape=(2808,)",8.326672684688674e-16,1e-09
1,iv_grid_wide_iv_x18_t06,PASS,"shape=(2808,)","shape=(2808,)",6.245004513516507e-16,1e-09
1,iv_grid_wide_iv_x19_t06,PASS,"shape=(2808,)","shape=(2808,)",3.8857805861880484e-16,1e-09
1,iv_grid_wide_iv_x20_t06,PASS,"shape=(2808,)","shape=(2808,)",5.828670879282072e-16,1e-09
1,iv_grid_wide_iv_x21_t06,PASS,"shape=(2808,)","shape=(2808,)",3.3306690738754696e-16,1e-09
1,iv_grid_wide_iv_x22_t06,PASS,"shape=(2808,)","shape=(2808,)",5.689893001203927e-16,1e-09
1,iv_grid_wide_iv_x23_t06,PASS,"shape=(2808,)","shape=(2808,)",5.551115123125784e-16,1e-09
1,iv_grid_wide_iv_x24_t06,PASS,"shape=(2808,)","shape=(2808,)",0.0,1e-09
1,iv_grid_wide_iv_x00_t07,PASS,"shape=(2808,)","shape=(2808,)",0.0,1e-09
1,iv_grid_wide_iv_x01_t07,PASS,"shape=(2808,)","shape=(2808,)",4.718447854656915e-16,1e-09
1,iv_grid_wide_iv_x02_t07,PASS,"shape=(2808,)","shape=(2808,)",7.2164496600635185e-16,1e-09
1,iv_grid_wide_iv_x03_t07,PASS,"shape=(2808,)","shape=(2808,)",1.0269562977782698e-15,1e-09
1,iv_grid_wide_iv_x04_t07,PASS,"shape=(2808,)","shape=(2808,)",1.7208456881689926e-15,1e-09
1,iv_grid_wide_iv_x05_t07,PASS,"shape=(2808,)","shape=(2808,)",5.273559366969495e-16,1e-09
1,iv_grid_wide_iv_x06_t07,PASS,"shape=(2808,)","shape=(2808,)",4.440892098500626e-16,1e-09
1,iv_grid_wide_iv_x07_t07,PASS,"shape=(2808,)","shape=(2808,)",2.7755575615628914e-16,1e-09
1,iv_grid_wide_iv_x08_t07,PASS,"shape=(2808,)","shape=(2808,)",7.771561172376097e-16,1e-09
1,iv_grid_wide_iv_x09_t07,PASS,"shape=(2808,)","shape=(2808,)",4.718447854656915e-16,1e-09
1,iv_grid_wide_iv_x10_t07,PASS,"shape=(2808,)","shape=(2808,)",2.498001805406602e-16,1e-09
1,iv_grid_wide_iv_x11_t07,PASS,"shape=(2808,)","shape=(2808,)",5.551115123125784e-16,1e-09
1,iv_grid_wide_iv_x12_t07,PASS,"shape=(2808,)","shape=(2808,)",3.05311331771918e-16,1e-09
1,iv_grid_wide_iv_x13_t07,PASS,"shape=(2808,)","shape=(2808,)",3.3306690738754696e-16,1e-09
1,iv_grid_wide_iv_x14_t07,PASS,"shape=(2808,)","shape=(2808,)",2.7755575615628914e-16,1e-09
1,iv_grid_wide_iv_x15_t07,PASS,"shape=(2808,)","shape=(2808,)",5.551115123125784e-16,1e-09
1,iv_grid_wide_iv_x16_t07,PASS,"shape=(2808,)","shape=(2808,)",5.828670879282072e-16,1e-09
1,iv_grid_wide_iv_x17_t07,PASS,"shape=(2808,)","shape=(2808,)",7.771561172376097e-16,1e-09
1,iv_grid_wide_iv_x18_t07,PASS,"shape=(2808,)","shape=(2808,)",7.771561172376097e-16,1e-09
1,iv_grid_wide_iv_x19_t07,PASS,"shape=(2808,)","shape=(2808,)",4.996003610813204e-16,1e-09
1,iv_grid_wide_iv_x20_t07,PASS,"shape=(2808,)","shape=(2808,)",4.440892098500626e-16,1e-09
1,iv_grid_wide_iv_x21_t07,PASS,"shape=(2808,)","shape=(2808,)",2.498001805406602e-16,1e-09
1,iv_grid_wide_iv_x22_t07,PASS,"shape=(2808,)","shape=(2808,)",2.220446049250313e-16,1e-09
1,iv_grid_wide_iv_x23_t07,PASS,"shape=(2808,)","shape=(2808,)",2.498001805406602e-16,1e-09
1,iv_grid_wide_iv_x24_t07,PASS,"shape=(2808,)","shape=(2808,)",0.0,1e-09
1,iv_grid_wide_iv_x00_t08,PASS,"shape=(2808,)","shape=(2808,)",0.0,1e-09
1,iv_grid_wide_iv_x01_t08,PASS,"shape=(2808,)","shape=(2808,)",6.938893903907228e-16,1e-09
1,iv_grid_wide_iv_x02_t08,PASS,"shape=(2808,)","shape=(2808,)",9.15933995315754e-16,1e-09
1,iv_grid_wide_iv_x03_t08,PASS,"shape=(2808,)","shape=(2808,)",3.3306690738754696e-16,1e-09
1,iv_grid_wide_iv_x04_t08,PASS,"shape=(2808,)","shape=(2808,)",2.0816681711721685e-15,1e-09
1,iv_grid_wide_iv_x05_t08,PASS,"shape=(2808,)","shape=(2808,)",3.3306690738754696e-16,1e-09
1,iv_grid_wide_iv_x06_t08,PASS,"shape=(2808,)","shape=(2808,)",4.996003610813204e-16,1e-09
1,iv_grid_wide_iv_x07_t08,PASS,"shape=(2808,)","shape=(2808,)",6.38378239159465e-16,1e-09
1,iv_grid_wide_iv_x08_t08,PASS,"shape=(2808,)","shape=(2808,)",6.38378239159465e-16,1e-09
1,iv_grid_wide_iv_x09_t08,PASS,"shape=(2808,)","shape=(2808,)",4.996003610813204e-16,1e-09
1,iv_grid_wide_iv_x10_t08,PASS,"shape=(2808,)","shape=(2808,)",4.440892098500626e-16,1e-09
1,iv_grid_wide_iv_x11_t08,PASS,"shape=(2808,)","shape=(2808,)",4.163336342344337e-16,1e-09
1,iv_grid_wide_iv_x12_t08,PASS,"shape=(2808,)","shape=(2808,)",4.440892098500626e-16,1e-09
1,iv_grid_wide_iv_x13_t08,PASS,"shape=(2808,)","shape=(2808,)",4.440892098500626e-16,1e-09
1,iv_grid_wide_iv_x14_t08,PASS,"shape=(2808,)","shape=(2808,)",5.273559366969495e-16,1e-09
1,iv_grid_wide_iv_x15_t08,PASS,"shape=(2808,)","shape=(2808,)",5.828670879282072e-16,1e-09
1,iv_grid_wide_iv_x16_t08,PASS,"shape=(2808,)","shape=(2808,)",7.771561172376097e-16,1e-09
1,iv_grid_wide_iv_x17_t08,PASS,"shape=(2808,)","shape=(2808,)",8.604228440844963e-16,1e-09
1,iv_grid_wide_iv_x18_t08,PASS,"shape=(2808,)","shape=(2808,)",8.187894806610529e-16,1e-09
1,iv_grid_wide_iv_x19_t08,PASS,"shape=(2808,)","shape=(2808,)",1.0824674490095276e-15,1e-09
1,iv_grid_wide_iv_x20_t08,PASS,"shape=(2808,)","shape=(2808,)",4.163336342344337e-16,1e-09
1,iv_grid_wide_iv_x21_t08,PASS,"shape=(2808,)","shape=(2808,)",2.7755575615628914e-16,1e-09
1,iv_grid_wide_iv_x22_t08,PASS,"shape=(2808,)","shape=(2808,)",3.6082248300317592e-16,1e-09
1,iv_grid_wide_iv_x23_t08,PASS,"shape=(2808,)","shape=(2808,)",1.3877787807814454e-16,1e-09
1,iv_grid_wide_iv_x24_t08,PASS,"shape=(2808,)","shape=(2808,)",0.0,1e-09
1,iv_grid_wide_iv_x00_t09,PASS,"shape=(2808,)","shape=(2808,)",0.0,1e-09
1,iv_grid_wide_iv_x01_t09,PASS,"shape=(2808,)","shape=(2808,)",4.163336342344337e-16,1e-09
1,iv_grid_wide_iv_x02_t09,PASS,"shape=(2808,)","shape=(2808,)",5.551115123125784e-16,1e-09
1,iv_grid_wide_iv_x03_t09,PASS,"shape=(2808,)","shape=(2808,)",5.551115123125784e-16,1e-09
1,iv_grid_wide_iv_x04_t09,PASS,"shape=(2808,)","shape=(2808,)",1.609823385706477e-15,1e-09
1,iv_grid_wide_iv_x05_t09,PASS,"shape=(2808,)","shape=(2808,)",5.273559366969495e-16,1e-09
1,iv_grid_wide_iv_x06_t09,PASS,"shape=(2808,)","shape=(2808,)",3.05311331771918e-16,1e-09
1,iv_grid_wide_iv_x07_t09,PASS,"shape=(2808,)","shape=(2808,)",4.440892098500626e-16,1e-09
1,iv_grid_wide_iv_x08_t09,PASS,"shape=(2808,)","shape=(2808,)",3.8857805861880484e-16,1e-09
1,iv_grid_wide_iv_x09_t09,PASS,"shape=(2808,)","shape=(2808,)",2.498001805406602e-16,1e-09
1,iv_grid_wide_iv_x10_t09,PASS,"shape=(2808,)","shape=(2808,)",1.3877787807814454e-16,1e-09
1,iv_grid_wide_iv_x11_t09,PASS,"shape=(2808,)","shape=(2808,)",2.7755575615628914e-16,1e-09
1,iv_grid_wide_iv_x12_t09,PASS,"shape=(2808,)","shape=(2808,)",3.3306690738754696e-16,1e-09
1,iv_grid_wide_iv_x13_t09,PASS,"shape=(2808,)","shape=(2808,)",4.440892098500626e-16,1e-09
1,iv_grid_wide_iv_x14_t09,PASS,"shape=(2808,)","shape=(2808,)",6.106226635438361e-16,1e-09
1,iv_grid_wide_iv_x15_t09,PASS,"shape=(2808,)","shape=(2808,)",7.771561172376097e-16,1e-09
1,iv_grid_wide_iv_x16_t09,PASS,"shape=(2808,)","shape=(2808,)",8.604228440844963e-16,1e-09
1,iv_grid_wide_iv_x17_t09,PASS,"shape=(2808,)","shape=(2808,)",9.992007221626409e-16,1e-09
1,iv_grid_wide_iv_x18_t09,PASS,"shape=(2808,)","shape=(2808,)",1.1934897514720433e-15,1e-09
1,iv_grid_wide_iv_x19_t09,PASS,"shape=(2808,)","shape=(2808,)",1.2212453270876722e-15,1e-09
1,iv_grid_wide_iv_x20_t09,PASS,"shape=(2808,)","shape=(2808,)",1.9428902930940242e-16,1e-09
1,iv_grid_wide_iv_x21_t09,PASS,"shape=(2808,)","shape=(2808,)",2.220446049250313e-16,1e-09
1,iv_grid_wide_iv_x22_t09,PASS,"shape=(2808,)","shape=(2808,)",1.6653345369377348e-16,1e-09
1,iv_grid_wide_iv_x23_t09,PASS,"shape=(2808,)","shape=(2808,)",3.6082248300317592e-16,1e-09
1,iv_grid_wide_iv_x24_t09,PASS,"shape=(2808,)","shape=(2808,)",0.0,1e-09
1,iv_grid_wide_iv_x00_t10,PASS,"shape=(2808,)","shape=(2808,)",0.0,1e-09
1,iv_grid_wide_iv_x01_t10,PASS,"shape=(2808,)","shape=(2808,)",4.440892098500626e-16,1e-09
1,iv_grid_wide_iv_x02_t10,PASS,"shape=(2808,)","shape=(2808,)",7.494005416219808e-16,1e-09
1,iv_grid_wide_iv_x03_t10,PASS,"shape=(2808,)","shape=(2808,)",5.828670879282072e-16,1e-09
1,iv_grid_wide_iv_x04_t10,PASS,"shape=(2808,)","shape=(2808,)",1.1379786002407857e-15,1e-09
1,iv_grid_wide_iv_x05_t10,PASS,"shape=(2808,)","shape=(2808,)",2.220446049250313e-16,1e-09
1,iv_grid_wide_iv_x06_t10,PASS,"shape=(2808,)","shape=(2808,)",3.05311331771918e-16,1e-09
1,iv_grid_wide_iv_x07_t10,PASS,"shape=(2808,)","shape=(2808,)",3.3306690738754696e-16,1e-09
1,iv_grid_wide_iv_x08_t10,PASS,"shape=(2808,)","shape=(2808,)",3.8857805861880484e-16,1e-09
1,iv_grid_wide_iv_x09_t10,PASS,"shape=(2808,)","shape=(2808,)",2.7755575615628914e-16,1e-09
1,iv_grid_wide_iv_x10_t10,PASS,"shape=(2808,)","shape=(2808,)",3.8857805861880484e-16,1e-09
1,iv_grid_wide_iv_x11_t10,PASS,"shape=(2808,)","shape=(2808,)",3.3306690738754696e-16,1e-09
1,iv_grid_wide_iv_x12_t10,PASS,"shape=(2808,)","shape=(2808,)",4.163336342344337e-16,1e-09
1,iv_grid_wide_iv_x13_t10,PASS,"shape=(2808,)","shape=(2808,)",2.7755575615628914e-16,1e-09
1,iv_grid_wide_iv_x14_t10,PASS,"shape=(2808,)","shape=(2808,)",4.718447854656915e-16,1e-09
1,iv_grid_wide_iv_x15_t10,PASS,"shape=(2808,)","shape=(2808,)",6.38378239159465e-16,1e-09
1,iv_grid_wide_iv_x16_t10,PASS,"shape=(2808,)","shape=(2808,)",8.049116928532385e-16,1e-09
1,iv_grid_wide_iv_x17_t10,PASS,"shape=(2808,)","shape=(2808,)",8.604228440844963e-16,1e-09
1,iv_grid_wide_iv_x18_t10,PASS,"shape=(2808,)","shape=(2808,)",8.881784197001252e-16,1e-09
1,iv_grid_wide_iv_x19_t10,PASS,"shape=(2808,)","shape=(2808,)",9.15933995315754e-16,1e-09
1,iv_grid_wide_iv_x20_t10,PASS,"shape=(2808,)","shape=(2808,)",6.106226635438361e-16,1e-09
1,iv_grid_wide_iv_x21_t10,PASS,"shape=(2808,)","shape=(2808,)",2.220446049250313e-16,1e-09
1,iv_grid_wide_iv_x22_t10,PASS,"shape=(2808,)","shape=(2808,)",3.8857805861880484e-16,1e-09
1,iv_grid_wide_iv_x23_t10,PASS,"shape=(2808,)","shape=(2808,)",2.498001805406602e-16,1e-09
1,iv_grid_wide_iv_x24_t10,PASS,"shape=(2808,)","shape=(2808,)",0.0,1e-09
1,iv_grid_wide_iv_x00_t11,PASS,"shape=(2808,)","shape=(2808,)",0.0,1e-09
1,iv_grid_wide_iv_x01_t11,PASS,"shape=(2808,)","shape=(2808,)",6.38378239159465e-16,1e-09
1,iv_grid_wide_iv_x02_t11,PASS,"shape=(2808,)","shape=(2808,)",1.0824674490095276e-15,1e-09
1,iv_grid_wide_iv_x03_t11,PASS,"shape=(2808,)","shape=(2808,)",7.494005416219808e-16,1e-09
1,iv_grid_wide_iv_x04_t11,PASS,"shape=(2808,)","shape=(2808,)",4.996003610813204e-16,1e-09
1,iv_grid_wide_iv_x05_t11,PASS,"shape=(2808,)","shape=(2808,)",3.3306690738754696e-16,1e-09
1,iv_grid_wide_iv_x06_t11,PASS,"shape=(2808,)","shape=(2808,)",6.106226635438361e-16,1e-09
1,iv_grid_wide_iv_x07_t11,PASS,"shape=(2808,)","shape=(2808,)",4.996003610813204e-16,1e-09
1,iv_grid_wide_iv_x08_t11,PASS,"shape=(2808,)","shape=(2808,)",3.6082248300317592e-16,1e-09
1,iv_grid_wide_iv_x09_t11,PASS,"shape=(2808,)","shape=(2808,)",4.718447854656915e-16,1e-09
1,iv_grid_wide_iv_x10_t11,PASS,"shape=(2808,)","shape=(2808,)",3.05311331771918e-16,1e-09
1,iv_grid_wide_iv_x11_t11,PASS,"shape=(2808,)","shape=(2808,)",3.05311331771918e-16,1e-09
1,iv_grid_wide_iv_x12_t11,PASS,"shape=(2808,)","shape=(2808,)",3.05311331771918e-16,1e-09
1,iv_grid_wide_iv_x13_t11,PASS,"shape=(2808,)","shape=(2808,)",3.6082248300317592e-16,1e-09
1,iv_grid_wide_iv_x14_t11,PASS,"shape=(2808,)","shape=(2808,)",4.0245584642661925e-16,1e-09
1,iv_grid_wide_iv_x15_t11,PASS,"shape=(2808,)","shape=(2808,)",4.718447854656915e-16,1e-09
1,iv_grid_wide_iv_x16_t11,PASS,"shape=(2808,)","shape=(2808,)",8.881784197001252e-16,1e-09
1,iv_grid_wide_iv_x17_t11,PASS,"shape=(2808,)","shape=(2808,)",5.273559366969495e-16,1e-09
1,iv_grid_wide_iv_x18_t11,PASS,"shape=(2808,)","shape=(2808,)",5.551115123125784e-16,1e-09
1,iv_grid_wide_iv_x19_t11,PASS,"shape=(2808,)","shape=(2808,)",7.494005416219808e-16,1e-09
1,iv_grid_wide_iv_x20_t11,PASS,"shape=(2808,)","shape=(2808,)",1.0269562977782698e-15,1e-09
1,iv_grid_wide_iv_x21_t11,PASS,"shape=(2808,)","shape=(2808,)",2.7755575615628914e-16,1e-09
1,iv_grid_wide_iv_x22_t11,PASS,"shape=(2808,)","shape=(2808,)",3.8857805861880484e-16,1e-09
1,iv_grid_wide_iv_x23_t11,PASS,"shape=(2808,)","shape=(2808,)",3.8857805861880484e-16,1e-09
1,iv_grid_wide_iv_x24_t11,PASS,"shape=(2808,)","shape=(2808,)",0.0,1e-09
1,iv_grid_wide_iv_x00_t12,PASS,"shape=(2808,)","shape=(2808,)",0.0,1e-09
1,iv_grid_wide_iv_x01_t12,PASS,"shape=(2808,)","shape=(2808,)",4.996003610813204e-16,1e-09
1,iv_grid_wide_iv_x02_t12,PASS,"shape=(2808,)","shape=(2808,)",4.718447854656915e-16,1e-09
1,iv_grid_wide_iv_x03_t12,PASS,"shape=(2808,)","shape=(2808,)",3.6082248300317592e-16,1e-09
1,iv_grid_wide_iv_x04_t12,PASS,"shape=(2808,)","shape=(2808,)",3.6082248300317592e-16,1e-09
1,iv_grid_wide_iv_x05_t12,PASS,"shape=(2808,)","shape=(2808,)",3.05311331771918e-16,1e-09
1,iv_grid_wide_iv_x06_t12,PASS,"shape=(2808,)","shape=(2808,)",4.996003610813204e-16,1e-09
1,iv_grid_wide_iv_x07_t12,PASS,"shape=(2808,)","shape=(2808,)",2.498001805406602e-16,1e-09
1,iv_grid_wide_iv_x08_t12,PASS,"shape=(2808,)","shape=(2808,)",2.220446049250313e-16,1e-09
1,iv_grid_wide_iv_x09_t12,PASS,"shape=(2808,)","shape=(2808,)",4.718447854656915e-16,1e-09
1,iv_grid_wide_iv_x10_t12,PASS,"shape=(2808,)","shape=(2808,)",1.9428902930940242e-16,1e-09
1,iv_grid_wide_iv_x11_t12,PASS,"shape=(2808,)","shape=(2808,)",3.3306690738754696e-16,1e-09
1,iv_grid_wide_iv_x12_t12,PASS,"shape=(2808,)","shape=(2808,)",1.9428902930940242e-16,1e-09
1,iv_grid_wide_iv_x13_t12,PASS,"shape=(2808,)","shape=(2808,)",1.9428902930940242e-16,1e-09
1,iv_grid_wide_iv_x14_t12,PASS,"shape=(2808,)","shape=(2808,)",3.05311331771918e-16,1e-09
1,iv_grid_wide_iv_x15_t12,PASS,"shape=(2808,)","shape=(2808,)",2.7755575615628914e-16,1e-09
1,iv_grid_wide_iv_x16_t12,PASS,"shape=(2808,)","shape=(2808,)",8.46545056276682e-16,1e-09
1,iv_grid_wide_iv_x17_t12,PASS,"shape=(2808,)","shape=(2808,)",9.020562075079397e-16,1e-09
1,iv_grid_wide_iv_x18_t12,PASS,"shape=(2808,)","shape=(2808,)",2.7755575615628914e-16,1e-09
1,iv_grid_wide_iv_x19_t12,PASS,"shape=(2808,)","shape=(2808,)",3.8857805861880484e-16,1e-09
1,iv_grid_wide_iv_x20_t12,PASS,"shape=(2808,)","shape=(2808,)",4.163336342344337e-16,1e-09
1,iv_grid_wide_iv_x21_t12,PASS,"shape=(2808,)","shape=(2808,)",4.718447854656915e-16,1e-09
1,iv_grid_wide_iv_x22_t12,PASS,"shape=(2808,)","shape=(2808,)",3.6082248300317592e-16,1e-09
1,iv_grid_wide_iv_x23_t12,PASS,"shape=(2808,)","shape=(2808,)",4.718447854656915e-16,1e-09
1,iv_grid_wide_iv_x24_t12,PASS,"shape=(2808,)","shape=(2808,)",0.0,1e-09
1,iv_grid_wide_iv_x00_t13,PASS,"shape=(2808,)","shape=(2808,)",0.0,1e-09
1,iv_grid_wide_iv_x01_t13,PASS,"shape=(2808,)","shape=(2808,)",3.3306690738754696e-16,1e-09
1,iv_grid_wide_iv_x02_t13,PASS,"shape=(2808,)","shape=(2808,)",2.7755575615628914e-16,1e-09
1,iv_grid_wide_iv_x03_t13,PASS,"shape=(2808,)","shape=(2808,)",3.3306690738754696e-16,1e-09
1,iv_grid_wide_iv_x04_t13,PASS,"shape=(2808,)","shape=(2808,)",3.8857805861880484e-16,1e-09
1,iv_grid_wide_iv_x05_t13,PASS,"shape=(2808,)","shape=(2808,)",3.8857805861880484e-16,1e-09
1,iv_grid_wide_iv_x06_t13,PASS,"shape=(2808,)","shape=(2808,)",2.7755575615628914e-16,1e-09
1,iv_grid_wide_iv_x07_t13,PASS,"shape=(2808,)","shape=(2808,)",2.498001805406602e-16,1e-09
1,iv_grid_wide_iv_x08_t13,PASS,"shape=(2808,)","shape=(2808,)",3.05311331771918e-16,1e-09
1,iv_grid_wide_iv_x09_t13,PASS,"shape=(2808,)","shape=(2808,)",2.498001805406602e-16,1e-09
1,iv_grid_wide_iv_x10_t13,PASS,"shape=(2808,)","shape=(2808,)",1.9428902930940242e-16,1e-09
1,iv_grid_wide_iv_x11_t13,PASS,"shape=(2808,)","shape=(2808,)",3.05311331771918e-16,1e-09
1,iv_grid_wide_iv_x12_t13,PASS,"shape=(2808,)","shape=(2808,)",2.7755575615628914e-16,1e-09
1,iv_grid_wide_iv_x13_t13,PASS,"shape=(2808,)","shape=(2808,)",2.498001805406602e-16,1e-09
1,iv_grid_wide_iv_x14_t13,PASS,"shape=(2808,)","shape=(2808,)",3.6082248300317592e-16,1e-09
1,iv_grid_wide_iv_x15_t13,PASS,"shape=(2808,)","shape=(2808,)",3.6082248300317592e-16,1e-09
1,iv_grid_wide_iv_x16_t13,PASS,"shape=(2808,)","shape=(2808,)",3.6082248300317592e-16,1e-09
1,iv_grid_wide_iv_x17_t13,PASS,"shape=(2808,)","shape=(2808,)",3.6082248300317592e-16,1e-09
1,iv_grid_wide_iv_x18_t13,PASS,"shape=(2808,)","shape=(2808,)",4.718447854656915e-16,1e-09
1,iv_grid_wide_iv_x19_t13,PASS,"shape=(2808,)","shape=(2808,)",4.163336342344337e-16,1e-09
1,iv_grid_wide_iv_x20_t13,PASS,"shape=(2808,)","shape=(2808,)",3.497202527569243e-15,1e-09
1,iv_grid_wide_iv_x21_t13,PASS,"shape=(2808,)","shape=(2808,)",6.938893903907228e-16,1e-09
1,iv_grid_wide_iv_x22_t13,PASS,"shape=(2808,)","shape=(2808,)",1.9428902930940242e-16,1e-09
1,iv_grid_wide_iv_x23_t13,PASS,"shape=(2808,)","shape=(2808,)",6.661338147750939e-16,1e-09
1,iv_grid_wide_iv_x24_t13,PASS,"shape=(2808,)","shape=(2808,)",0.0,1e-09
1,iv_grid_wide_iv_x00_t14,PASS,"shape=(2808,)","shape=(2808,)",0.0,1e-09
1,iv_grid_wide_iv_x01_t14,PASS,"shape=(2808,)","shape=(2808,)",1.6653345369377348e-16,1e-09
1,iv_grid_wide_iv_x02_t14,PASS,"shape=(2808,)","shape=(2808,)",4.163336342344337e-16,1e-09
1,iv_grid_wide_iv_x03_t14,PASS,"shape=(2808,)","shape=(2808,)",2.7755575615628914e-16,1e-09
1,iv_grid_wide_iv_x04_t14,PASS,"shape=(2808,)","shape=(2808,)",3.05311331771918e-16,1e-09
1,iv_grid_wide_iv_x05_t14,PASS,"shape=(2808,)","shape=(2808,)",3.8857805861880484e-16,1e-09
1,iv_grid_wide_iv_x06_t14,PASS,"shape=(2808,)","shape=(2808,)",3.3306690738754696e-16,1e-09
1,iv_grid_wide_iv_x07_t14,PASS,"shape=(2808,)","shape=(2808,)",3.6082248300317592e-16,1e-09
1,iv_grid_wide_iv_x08_t14,PASS,"shape=(2808,)","shape=(2808,)",3.3306690738754696e-16,1e-09
1,iv_grid_wide_iv_x09_t14,PASS,"shape=(2808,)","shape=(2808,)",2.498001805406602e-16,1e-09
1,iv_grid_wide_iv_x10_t14,PASS,"shape=(2808,)","shape=(2808,)",2.220446049250313e-16,1e-09
1,iv_grid_wide_iv_x11_t14,PASS,"shape=(2808,)","shape=(2808,)",2.498001805406602e-16,1e-09
1,iv_grid_wide_iv_x12_t14,PASS,"shape=(2808,)","shape=(2808,)",3.05311331771918e-16,1e-09
1,iv_grid_wide_iv_x13_t14,PASS,"shape=(2808,)","shape=(2808,)",2.498001805406602e-16,1e-09
1,iv_grid_wide_iv_x14_t14,PASS,"shape=(2808,)","shape=(2808,)",3.3306690738754696e-16,1e-09
1,iv_grid_wide_iv_x15_t14,PASS,"shape=(2808,)","shape=(2808,)",4.996003610813204e-16,1e-09
1,iv_grid_wide_iv_x16_t14,PASS,"shape=(2808,)","shape=(2808,)",3.3306690738754696e-16,1e-09
1,iv_grid_wide_iv_x17_t14,PASS,"shape=(2808,)","shape=(2808,)",4.440892098500626e-16,1e-09
1,iv_grid_wide_iv_x18_t14,PASS,"shape=(2808,)","shape=(2808,)",3.3306690738754696e-16,1e-09
1,iv_grid_wide_iv_x19_t14,PASS,"shape=(2808,)","shape=(2808,)",3.747002708109903e-16,1e-09
1,iv_grid_wide_iv_x20_t14,PASS,"shape=(2808,)","shape=(2808,)",3.3306690738754696e-16,1e-09
1,iv_grid_wide_iv_x21_t14,PASS,"shape=(2808,)","shape=(2808,)",9.478529072737274e-15,1e-09
1,iv_grid_wide_iv_x22_t14,PASS,"shape=(2808,)","shape=(2808,)",4.982125823005391e-15,1e-09
1,iv_grid_wide_iv_x23_t14,PASS,"shape=(2808,)","shape=(2808,)",6.661338147750939e-16,1e-09
1,iv_grid_wide_iv_x24_t14,PASS,"shape=(2808,)","shape=(2808,)",0.0,1e-09
1,iv_grid_wide_iv_x00_t15,PASS,"shape=(2808,)","shape=(2808,)",0.0,1e-09
1,iv_grid_wide_iv_x01_t15,PASS,"shape=(2808,)","shape=(2808,)",2.7755575615628914e-16,1e-09
1,iv_grid_wide_iv_x02_t15,PASS,"shape=(2808,)","shape=(2808,)",5.828670879282072e-16,1e-09
1,iv_grid_wide_iv_x03_t15,PASS,"shape=(2808,)","shape=(2808,)",3.6082248300317592e-16,1e-09
1,iv_grid_wide_iv_x04_t15,PASS,"shape=(2808,)","shape=(2808,)",3.3306690738754696e-16,1e-09
1,iv_grid_wide_iv_x05_t15,PASS,"shape=(2808,)","shape=(2808,)",3.3306690738754696e-16,1e-09
1,iv_grid_wide_iv_x06_t15,PASS,"shape=(2808,)","shape=(2808,)",3.6082248300317592e-16,1e-09
1,iv_grid_wide_iv_x07_t15,PASS,"shape=(2808,)","shape=(2808,)",2.220446049250313e-16,1e-09
1,iv_grid_wide_iv_x08_t15,PASS,"shape=(2808,)","shape=(2808,)",1.9428902930940242e-16,1e-09
1,iv_grid_wide_iv_x09_t15,PASS,"shape=(2808,)","shape=(2808,)",2.220446049250313e-16,1e-09
1,iv_grid_wide_iv_x10_t15,PASS,"shape=(2808,)","shape=(2808,)",1.6653345369377348e-16,1e-09
1,iv_grid_wide_iv_x11_t15,PASS,"shape=(2808,)","shape=(2808,)",2.498001805406602e-16,1e-09
1,iv_grid_wide_iv_x12_t15,PASS,"shape=(2808,)","shape=(2808,)",3.05311331771918e-16,1e-09
1,iv_grid_wide_iv_x13_t15,PASS,"shape=(2808,)","shape=(2808,)",3.05311331771918e-16,1e-09
1,iv_grid_wide_iv_x14_t15,PASS,"shape=(2808,)","shape=(2808,)",4.163336342344337e-16,1e-09
1,iv_grid_wide_iv_x15_t15,PASS,"shape=(2808,)","shape=(2808,)",4.996003610813204e-16,1e-09
1,iv_grid_wide_iv_x16_t15,PASS,"shape=(2808,)","shape=(2808,)",3.8857805861880484e-16,1e-09
1,iv_grid_wide_iv_x17_t15,PASS,"shape=(2808,)","shape=(2808,)",4.718447854656915e-16,1e-09
1,iv_grid_wide_iv_x18_t15,PASS,"shape=(2808,)","shape=(2808,)",4.163336342344337e-16,1e-09
1,iv_grid_wide_iv_x19_t15,PASS,"shape=(2808,)","shape=(2808,)",4.996003610813204e-16,1e-09
1,iv_grid_wide_iv_x20_t15,PASS,"shape=(2808,)","shape=(2808,)",3.3306690738754696e-16,1e-09
1,iv_grid_wide_iv_x21_t15,PASS,"shape=(2808,)","shape=(2808,)",7.13318293321663e-15,1e-09
1,iv_grid_wide_iv_x22_t15,PASS,"shape=(2808,)","shape=(2808,)",2.733924198139448e-15,1e-09
1,iv_grid_wide_iv_x23_t15,PASS,"shape=(2808,)","shape=(2808,)",2.498001805406602e-16,1e-09
1,iv_grid_wide_iv_x24_t15,PASS,"shape=(2808,)","shape=(2808,)",0.0,1e-09
1,iv_grid_wide_iv_x00_t16,PASS,"shape=(2808,)","shape=(2808,)",0.0,1e-09
1,iv_grid_wide_iv_x01_t16,PASS,"shape=(2808,)","shape=(2808,)",3.05311331771918e-16,1e-09
1,iv_grid_wide_iv_x02_t16,PASS,"shape=(2808,)","shape=(2808,)",5.828670879282072e-16,1e-09
1,iv_grid_wide_iv_x03_t16,PASS,"shape=(2808,)","shape=(2808,)",5.828670879282072e-16,1e-09
1,iv_grid_wide_iv_x04_t16,PASS,"shape=(2808,)","shape=(2808,)",2.498001805406602e-16,1e-09
1,iv_grid_wide_iv_x05_t16,PASS,"shape=(2808,)","shape=(2808,)",3.6082248300317592e-16,1e-09
1,iv_grid_wide_iv_x06_t16,PASS,"shape=(2808,)","shape=(2808,)",3.6082248300317592e-16,1e-09
1,iv_grid_wide_iv_x07_t16,PASS,"shape=(2808,)","shape=(2808,)",2.7755575615628914e-16,1e-09
1,iv_grid_wide_iv_x08_t16,PASS,"shape=(2808,)","shape=(2808,)",2.220446049250313e-16,1e-09
1,iv_grid_wide_iv_x09_t16,PASS,"shape=(2808,)","shape=(2808,)",1.9428902930940242e-16,1e-09
1,iv_grid_wide_iv_x10_t16,PASS,"shape=(2808,)","shape=(2808,)",2.498001805406602e-16,1e-09
1,iv_grid_wide_iv_x11_t16,PASS,"shape=(2808,)","shape=(2808,)",3.3306690738754696e-16,1e-09
1,iv_grid_wide_iv_x12_t16,PASS,"shape=(2808,)","shape=(2808,)",5.273559366969495e-16,1e-09
1,iv_grid_wide_iv_x13_t16,PASS,"shape=(2808,)","shape=(2808,)",3.05311331771918e-16,1e-09
1,iv_grid_wide_iv_x14_t16,PASS,"shape=(2808,)","shape=(2808,)",3.8857805861880484e-16,1e-09
1,iv_grid_wide_iv_x15_t16,PASS,"shape=(2808,)","shape=(2808,)",3.8857805861880484e-16,1e-09
1,iv_grid_wide_iv_x16_t16,PASS,"shape=(2808,)","shape=(2808,)",4.163336342344337e-16,1e-09
1,iv_grid_wide_iv_x17_t16,PASS,"shape=(2808,)","shape=(2808,)",5.134781488891349e-16,1e-09
1,iv_grid_wide_iv_x18_t16,PASS,"shape=(2808,)","shape=(2808,)",5.134781488891349e-16,1e-09
1,iv_grid_wide_iv_x19_t16,PASS,"shape=(2808,)","shape=(2808,)",8.326672684688674e-16,1e-09
1,iv_grid_wide_iv_x20_t16,PASS,"shape=(2808,)","shape=(2808,)",3.6082248300317592e-16,1e-09
1,iv_grid_wide_iv_x21_t16,PASS,"shape=(2808,)","shape=(2808,)",2.6367796834847473e-16,1e-09
1,iv_grid_wide_iv_x22_t16,PASS,"shape=(2808,)","shape=(2808,)",4.163336342344337e-16,1e-09
1,iv_grid_wide_iv_x23_t16,PASS,"shape=(2808,)","shape=(2808,)",4.3021142204224816e-16,1e-09
1,iv_grid_wide_iv_x24_t16,PASS,"shape=(2808,)","shape=(2808,)",0.0,1e-09
1,iv_grid_wide_iv_x00_t17,PASS,"shape=(2808,)","shape=(2808,)",0.0,1e-09
1,iv_grid_wide_iv_x01_t17,PASS,"shape=(2808,)","shape=(2808,)",6.38378239159465e-16,1e-09
1,iv_grid_wide_iv_x02_t17,PASS,"shape=(2808,)","shape=(2808,)",9.43689570931383e-16,1e-09
1,iv_grid_wide_iv_x03_t17,PASS,"shape=(2808,)","shape=(2808,)",2.7755575615628914e-16,1e-09
1,iv_grid_wide_iv_x04_t17,PASS,"shape=(2808,)","shape=(2808,)",2.7755575615628914e-16,1e-09
1,iv_grid_wide_iv_x05_t17,PASS,"shape=(2808,)","shape=(2808,)",4.718447854656915e-16,1e-09
1,iv_grid_wide_iv_x06_t17,PASS,"shape=(2808,)","shape=(2808,)",2.220446049250313e-16,1e-09
1,iv_grid_wide_iv_x07_t17,PASS,"shape=(2808,)","shape=(2808,)",4.996003610813204e-16,1e-09
1,iv_grid_wide_iv_x08_t17,PASS,"shape=(2808,)","shape=(2808,)",2.220446049250313e-16,1e-09
1,iv_grid_wide_iv_x09_t17,PASS,"shape=(2808,)","shape=(2808,)",2.7755575615628914e-16,1e-09
1,iv_grid_wide_iv_x10_t17,PASS,"shape=(2808,)","shape=(2808,)",3.05311331771918e-16,1e-09
1,iv_grid_wide_iv_x11_t17,PASS,"shape=(2808,)","shape=(2808,)",3.6082248300317592e-16,1e-09
1,iv_grid_wide_iv_x12_t17,PASS,"shape=(2808,)","shape=(2808,)",2.914335439641036e-16,1e-09
1,iv_grid_wide_iv_x13_t17,PASS,"shape=(2808,)","shape=(2808,)",3.6082248300317592e-16,1e-09
1,iv_grid_wide_iv_x14_t17,PASS,"shape=(2808,)","shape=(2808,)",3.05311331771918e-16,1e-09
1,iv_grid_wide_iv_x15_t17,PASS,"shape=(2808,)","shape=(2808,)",2.7755575615628914e-16,1e-09
1,iv_grid_wide_iv_x16_t17,PASS,"shape=(2808,)","shape=(2808,)",1.1102230246251563e-16,1e-09
1,iv_grid_wide_iv_x17_t17,PASS,"shape=(2808,)","shape=(2808,)",1.1102230246251563e-16,1e-09
1,iv_grid_wide_iv_x18_t17,PASS,"shape=(2808,)","shape=(2808,)",3.05311331771918e-16,1e-09
1,iv_grid_wide_iv_x19_t17,PASS,"shape=(2808,)","shape=(2808,)",3.05311331771918e-16,1e-09
1,iv_grid_wide_iv_x20_t17,PASS,"shape=(2808,)","shape=(2808,)",3.8857805861880484e-16,1e-09
1,iv_grid_wide_iv_x21_t17,PASS,"shape=(2808,)","shape=(2808,)",4.996003610813204e-16,1e-09
1,iv_grid_wide_iv_x22_t17,PASS,"shape=(2808,)","shape=(2808,)",4.579669976578771e-16,1e-09
1,iv_grid_wide_iv_x23_t17,PASS,"shape=(2808,)","shape=(2808,)",5.551115123125784e-16,1e-09
1,iv_grid_wide_iv_x24_t17,PASS,"shape=(2808,)","shape=(2808,)",0.0,1e-09
1,iv_grid_wide_iv_x00_t18,PASS,"shape=(2808,)","shape=(2808,)",0.0,1e-09
1,iv_grid_wide_iv_x01_t18,PASS,"shape=(2808,)","shape=(2808,)",3.05311331771918e-16,1e-09
1,iv_grid_wide_iv_x02_t18,PASS,"shape=(2808,)","shape=(2808,)",2.220446049250313e-16,1e-09
1,iv_grid_wide_iv_x03_t18,PASS,"shape=(2808,)","shape=(2808,)",1.1102230246251563e-16,1e-09
1,iv_grid_wide_iv_x04_t18,PASS,"shape=(2808,)","shape=(2808,)",3.6082248300317592e-16,1e-09
1,iv_grid_wide_iv_x05_t18,PASS,"shape=(2808,)","shape=(2808,)",1.3877787807814454e-16,1e-09
1,iv_grid_wide_iv_x06_t18,PASS,"shape=(2808,)","shape=(2808,)",2.7755575615628914e-16,1e-09
1,iv_grid_wide_iv_x07_t18,PASS,"shape=(2808,)","shape=(2808,)",1.1102230246251563e-16,1e-09
1,iv_grid_wide_iv_x08_t18,PASS,"shape=(2808,)","shape=(2808,)",1.1102230246251563e-16,1e-09
1,iv_grid_wide_iv_x09_t18,PASS,"shape=(2808,)","shape=(2808,)",1.1102230246251563e-16,1e-09
1,iv_grid_wide_iv_x10_t18,PASS,"shape=(2808,)","shape=(2808,)",1.1102230246251563e-16,1e-09
1,iv_grid_wide_iv_x11_t18,PASS,"shape=(2808,)","shape=(2808,)",1.1102230246251563e-16,1e-09
1,iv_grid_wide_iv_x12_t18,PASS,"shape=(2808,)","shape=(2808,)",9.714451465470121e-17,1e-09
1,iv_grid_wide_iv_x13_t18,PASS,"shape=(2808,)","shape=(2808,)",1.1102230246251563e-16,1e-09
1,iv_grid_wide_iv_x14_t18,PASS,"shape=(2808,)","shape=(2808,)",1.1102230246251563e-16,1e-09
1,iv_grid_wide_iv_x15_t18,PASS,"shape=(2808,)","shape=(2808,)",1.3877787807814454e-16,1e-09
1,iv_grid_wide_iv_x16_t18,PASS,"shape=(2808,)","shape=(2808,)",1.3877787807814454e-16,1e-09
1,iv_grid_wide_iv_x17_t18,PASS,"shape=(2808,)","shape=(2808,)",9.714451465470121e-17,1e-09
1,iv_grid_wide_iv_x18_t18,PASS,"shape=(2808,)","shape=(2808,)",2.220446049250313e-16,1e-09
1,iv_grid_wide_iv_x19_t18,PASS,"shape=(2808,)","shape=(2808,)",1.6653345369377348e-16,1e-09
1,iv_grid_wide_iv_x20_t18,PASS,"shape=(2808,)","shape=(2808,)",1.9428902930940242e-16,1e-09
1,iv_grid_wide_iv_x21_t18,PASS,"shape=(2808,)","shape=(2808,)",4.440892098500626e-16,1e-09
1,iv_grid_wide_iv_x22_t18,PASS,"shape=(2808,)","shape=(2808,)",1.3877787807814454e-16,1e-09
1,iv_grid_wide_iv_x23_t18,PASS,"shape=(2808,)","shape=(2808,)",1.1102230246251563e-16,1e-09
1,iv_grid_wide_iv_x24_t18,PASS,"shape=(2808,)","shape=(2808,)",0.0,1e-09
1,iv_grid_wide_iv_x00_t19,PASS,"shape=(2808,)","shape=(2808,)",0.0,1e-09
1,iv_grid_wide_iv_x01_t19,PASS,"shape=(2808,)","shape=(2808,)",8.326672684688674e-17,1e-09
1,iv_grid_wide_iv_x02_t19,PASS,"shape=(2808,)","shape=(2808,)",8.326672684688674e-17,1e-09
1,iv_grid_wide_iv_x03_t19,PASS,"shape=(2808,)","shape=(2808,)",8.326672684688674e-17,1e-09
1,iv_grid_wide_iv_x04_t19,PASS,"shape=(2808,)","shape=(2808,)",8.326672684688674e-17,1e-09
1,iv_grid_wide_iv_x05_t19,PASS,"shape=(2808,)","shape=(2808,)",8.326672684688674e-17,1e-09
1,iv_grid_wide_iv_x06_t19,PASS,"shape=(2808,)","shape=(2808,)",8.326672684688674e-17,1e-09
1,iv_grid_wide_iv_x07_t19,PASS,"shape=(2808,)","shape=(2808,)",8.326672684688674e-17,1e-09
1,iv_grid_wide_iv_x08_t19,PASS,"shape=(2808,)","shape=(2808,)",8.326672684688674e-17,1e-09
1,iv_grid_wide_iv_x09_t19,PASS,"shape=(2808,)","shape=(2808,)",8.326672684688674e-17,1e-09
1,iv_grid_wide_iv_x10_t19,PASS,"shape=(2808,)","shape=(2808,)",8.326672684688674e-17,1e-09
1,iv_grid_wide_iv_x11_t19,PASS,"shape=(2808,)","shape=(2808,)",8.326672684688674e-17,1e-09
1,iv_grid_wide_iv_x12_t19,PASS,"shape=(2808,)","shape=(2808,)",8.326672684688674e-17,1e-09
1,iv_grid_wide_iv_x13_t19,PASS,"shape=(2808,)","shape=(2808,)",8.326672684688674e-17,1e-09
1,iv_grid_wide_iv_x14_t19,PASS,"shape=(2808,)","shape=(2808,)",8.326672684688674e-17,1e-09
1,iv_grid_wide_iv_x15_t19,PASS,"shape=(2808,)","shape=(2808,)",8.326672684688674e-17,1e-09
1,iv_grid_wide_iv_x16_t19,PASS,"shape=(2808,)","shape=(2808,)",8.326672684688674e-17,1e-09
1,iv_grid_wide_iv_x17_t19,PASS,"shape=(2808,)","shape=(2808,)",9.714451465470121e-17,1e-09
1,iv_grid_wide_iv_x18_t19,PASS,"shape=(2808,)","shape=(2808,)",8.326672684688674e-17,1e-09
1,iv_grid_wide_iv_x19_t19,PASS,"shape=(2808,)","shape=(2808,)",9.714451465470121e-17,1e-09
1,iv_grid_wide_iv_x20_t19,PASS,"shape=(2808,)","shape=(2808,)",8.326672684688674e-17,1e-09
1,iv_grid_wide_iv_x21_t19,PASS,"shape=(2808,)","shape=(2808,)",8.326672684688674e-17,1e-09
1,iv_grid_wide_iv_x22_t19,PASS,"shape=(2808,)","shape=(2808,)",8.326672684688674e-17,1e-09
1,iv_grid_wide_iv_x23_t19,PASS,"shape=(2808,)","shape=(2808,)",8.326672684688674e-17,1e-09
1,iv_grid_wide_iv_x24_t19,PASS,"shape=(2808,)","shape=(2808,)",0.0,1e-09
1,iv_grid_map_columns,PASS,"shape=(5,)","shape=(5,)",0.0,0.0
1,iv_grid_map_rows,PASS,500,500,0.0,0.0
1,iv_grid_map_feature,PASS,"shape=(500,)","shape=(500,)",0.0,1e-09
1,iv_grid_map_x_idx,PASS,"shape=(500,)","shape=(500,)",0.0,1e-09
1,iv_grid_map_t_idx,PASS,"shape=(500,)","shape=(500,)",0.0,1e-09
1,iv_grid_map_log_moneyness,PASS,"shape=(500,)","shape=(500,)",9.020562075079396e-17,1e-09
1,iv_grid_map_T,PASS,"shape=(500,)","shape=(500,)",5.551115123125783e-17,1e-09
1,iv_grid_day_stats_columns,PASS,"shape=(6,)","shape=(6,)",0.0,0.0
1,iv_grid_day_stats_rows,PASS,2808,2808,0.0,0.0
1,iv_grid_day_stats_quote_date,PASS,"shape=(2808,)","shape=(2808,)",0.0,1e-09
1,iv_grid_day_stats_n_obs_raw,PASS,"shape=(2808,)","shape=(2808,)",0.0,1e-09
1,iv_grid_day_stats_n_obs_unique,PASS,"shape=(2808,)","shape=(2808,)",0.0,1e-09
1,iv_grid_day_stats_coverage,PASS,"shape=(2808,)","shape=(2808,)",0.0,1e-09
1,iv_grid_day_stats_status,PASS,"shape=(2808,)","shape=(2808,)",0.0,1e-09
1,iv_grid_day_stats_interp_used,PASS,"shape=(2808,)","shape=(2808,)",0.0,1e-09
2,common_forecasts_finite,PASS,True,True,0.0,0.0
2,signal_selection_ignores_future_IV,PASS,True,True,0.0,0.0
2,same_candidates_all_three_models,PASS,True,True,0.0,0.0
2,entry_side_half_budgets,PASS,True,True,0.0,0.0
2,contract_netting_signed_conservation,PASS,True,True,0.0,0.0
2,no_duplicate_active_contracts,PASS,True,True,0.0,0.0
2,BASE_exit_coverage_after_calendar,PASS,True,True,0.0,0.0
2,exact_exit_identity,PASS,True,True,0.0,0.0
2,mid_price_identity,PASS,"shape=(22804,)","shape=(22804,)",0.0,1e-10
2,bid_ask_spread_accounting,PASS,"shape=(22804,)","shape=(22804,)",4.5297099404706393e-14,1e-10
2,DGT_identity,PASS,"shape=(22804,)","shape=(22804,)",1.7763568394002505e-15,1e-10
2,full_DGT_coverage,PASS,True,True,0.0,0.0
2,DGVT_identity,PASS,"shape=(13153,)","shape=(13153,)",1.7763568394002505e-15,1e-10
2,entry_controls_do_not_leverage,PASS,True,True,0.0,0.0
2,entry_delta_neutral,PASS,"shape=(2448,)","shape=(2448,)",0.0,1e-10
2,entry_vega_balanced,PASS,"shape=(2448,)","shape=(2448,)",1.9895196601282805e-13,1e-10
2,normalization_mid,PASS,"shape=(4896,)","shape=(4896,)",0.0,1e-12
2,normalization_exec,PASS,"shape=(4896,)","shape=(4896,)",0.0,1e-12
2,twelve_test_family_MID,PASS,12,12,0.0,0.0
2,twelve_test_family_BID_ASK,PASS,12,12,0.0,0.0
2,twelve_BID_ASK_negative,PASS,12,12,0.0,0.0
2,nominal_1545_timezone_and_fills,WARNING,inherited,frozen limitation,,0.0
2,frictionless_underlying_hedge_proxy,WARNING,inherited,frozen limitation,,0.0
2,conditional_DGVT_diagnostic_subset,WARNING,inherited,frozen limitation,,0.0
2,forecast_model_comparison.row_keys,PASS,4,4,0.0,0.0
2,forecast_model_comparison.n_predictions_all,FAIL,171227,171654,427.0,1e-10
2,forecast_model_comparison.n_predictions_all,PASS,168490,168490,0.0,1e-10
2,forecast_model_comparison.n_predictions_all,PASS,176778,176778,0.0,1e-10
2,forecast_model_comparison.n_predictions_all,PASS,176778,176778,0.0,1e-10
2,forecast_model_comparison.n_scored_individual,FAIL,162207,162694,487.0,1e-10
2,forecast_model_comparison.n_scored_individual,PASS,164350,164350,0.0,1e-10
2,forecast_model_comparison.n_scored_individual,PASS,167602,167602,0.0,1e-10
2,forecast_model_comparison.n_scored_individual,PASS,167602,167602,0.0,1e-10
2,forecast_model_comparison.n_common,FAIL,159060,159514,454.0,1e-10
2,forecast_model_comparison.n_common,FAIL,159060,159514,454.0,1e-10
2,forecast_model_comparison.n_common,FAIL,159060,159514,454.0,1e-10
2,forecast_model_comparison.n_common,FAIL,159060,159514,454.0,1e-10
2,forecast_model_comparison.n_dates_common,PASS,418,418,0.0,1e-10
2,forecast_model_comparison.n_dates_common,PASS,418,418,0.0,1e-10
2,forecast_model_comparison.n_dates_common,PASS,418,418,0.0,1e-10
2,forecast_model_comparison.n_dates_common,PASS,418,418,0.0,1e-10
2,forecast_model_comparison.n_nodes_common,FAIL,401,402,1.0,1e-10
2,forecast_model_comparison.n_nodes_common,FAIL,401,402,1.0,1e-10
2,forecast_model_comparison.n_nodes_common,FAIL,401,402,1.0,1e-10
2,forecast_model_comparison.n_nodes_common,FAIL,401,402,1.0,1e-10
2,forecast_model_comparison.common_retained_pct,FAIL,92.89422812990942,92.92763349528704,0.033405365377618,1e-10
2,forecast_model_comparison.common_retained_pct,FAIL,94.40322867825984,94.67268087126833,0.2694521930084903,1e-10
2,forecast_model_comparison.common_retained_pct,FAIL,89.97725961375285,90.23407890122074,0.2568192874678914,1e-10
2,forecast_model_comparison.common_retained_pct,FAIL,89.97725961375285,90.23407890122074,0.2568192874678914,1e-10
2,forecast_model_comparison.RMSE,FAIL,0.0113478818321311,0.0113607169144795,1.2835082348399904e-05,1e-10
2,forecast_model_comparison.RMSE,FAIL,0.0129092908137062,0.012938891257826,2.9600444119799386e-05,1e-10
2,forecast_model_comparison.RMSE,FAIL,0.0114825075677924,0.011497447586425,1.4940018632600416e-05,1e-10
2,forecast_model_comparison.RMSE,FAIL,0.0117516095015049,0.0117769910013913,2.538149988640104e-05,1e-10
2,forecast_model_comparison.MAE,FAIL,0.0079028803668153,0.0079107075322488,7.827165433500413e-06,1e-10
2,forecast_model_comparison.MAE,FAIL,0.0086567229359107,0.0086757886247286,1.906568881790069e-05,1e-10
2,forecast_model_comparison.MAE,FAIL,0.0081158804362621,0.0081282155885385,1.2335152276400294e-05,1e-10
2,forecast_model_comparison.MAE,FAIL,0.0083861133492362,0.0084083584150362,2.2245065799999728e-05,1e-10
2,forecast_model_comparison.QLIKE,FAIL,0.0098672672227345,0.0098587716276169,8.495595117600022e-06,1e-10
2,forecast_model_comparison.QLIKE,FAIL,0.0135244908262212,0.0135341809077642,9.690081543001217e-06,1e-10
2,forecast_model_comparison.QLIKE,FAIL,0.0099980502251664,0.0099955298998663,2.520325300100004e-06,1e-10
2,forecast_model_comparison.QLIKE,FAIL,0.0103156163802159,0.0103355672829213,1.9950902705399492e-05,1e-10
2,forecast_model_comparison.QLIKE_n,FAIL,159060,159514,454.0,1e-10
2,forecast_model_comparison.QLIKE_n,FAIL,159060,159514,454.0,1e-10
2,forecast_model_comparison.QLIKE_n,FAIL,159060,159514,454.0,1e-10
2,forecast_model_comparison.QLIKE_n,FAIL,159060,159514,454.0,1e-10
2,forecast_model_comparison.RMSE_rank,PASS,1.0,1.0,0.0,1e-10
2,forecast_model_comparison.RMSE_rank,PASS,4.0,4.0,0.0,1e-10
2,forecast_model_comparison.RMSE_rank,PASS,2.0,2.0,0.0,1e-10
2,forecast_model_comparison.RMSE_rank,PASS,3.0,3.0,0.0,1e-10
2,forecast_model_comparison.MAE_rank,PASS,1.0,1.0,0.0,1e-10
2,forecast_model_comparison.MAE_rank,PASS,4.0,4.0,0.0,1e-10
2,forecast_model_comparison.MAE_rank,PASS,2.0,2.0,0.0,1e-10
2,forecast_model_comparison.MAE_rank,PASS,3.0,3.0,0.0,1e-10
2,forecast_model_comparison.QLIKE_rank,PASS,1.0,1.0,0.0,1e-10
2,forecast_model_comparison.QLIKE_rank,PASS,4.0,4.0,0.0,1e-10
2,forecast_model_comparison.QLIKE_rank,PASS,2.0,2.0,0.0,1e-10
2,forecast_model_comparison.QLIKE_rank,PASS,3.0,3.0,0.0,1e-10
2,forecast_model_comparison.RMSE_lower_95,FAIL,0.0102135914205333,0.0102270882943077,1.349687377440005e-05,1e-10
2,forecast_model_comparison.RMSE_lower_95,FAIL,0.0117283183960376,0.0117597255179089,3.140712187130017e-05,1e-10
2,forecast_model_comparison.RMSE_lower_95,FAIL,0.0104073063013588,0.0104298581753549,2.255187399609858e-05,1e-10
2,forecast_model_comparison.RMSE_lower_95,FAIL,0.0106946586200832,0.0107282506685016,3.359204841840019e-05,1e-10
2,forecast_model_comparison.RMSE_upper_95,FAIL,0.0126003877004732,0.012606176111757,5.788411283800046e-06,1e-10
2,forecast_model_comparison.RMSE_upper_95,FAIL,0.014097844144401,0.0141175971161215,1.975297172050056e-05,1e-10
2,forecast_model_comparison.RMSE_upper_95,FAIL,0.0126948427975411,0.0126978405067845,2.997709243399496e-06,1e-10
2,forecast_model_comparison.RMSE_upper_95,FAIL,0.0129953012903833,0.0130163781635907,2.1076873207400565e-05,1e-10
2,forecast_model_comparison.MAE_lower_95,FAIL,0.0072866174131605,0.007294167778019,7.550364858499581e-06,1e-10
2,forecast_model_comparison.MAE_lower_95,FAIL,0.0079414842399239,0.0079565728981683,1.5088658244399866e-05,1e-10
2,forecast_model_comparison.MAE_lower_95,FAIL,0.0075214834986896,0.007536455908691,1.4972410001400267e-05,1e-10
2,forecast_model_comparison.MAE_lower_95,FAIL,0.0078246015528499,0.0078508294012543,2.6227848404400747e-05,1e-10
2,forecast_model_comparison.MAE_upper_95,FAIL,0.0085621855008159,0.0085690648583119,6.879357495999383e-06,1e-10
2,forecast_model_comparison.MAE_upper_95,FAIL,0.0094277857378664,0.0094456263986086,1.7840660742200407e-05,1e-10
2,forecast_model_comparison.MAE_upper_95,FAIL,0.0087580612062098,0.0087673617137957,9.30050758589894e-06,1e-10
2,forecast_model_comparison.MAE_upper_95,FAIL,0.0089902884195145,0.0090136483093565,2.335988984199927e-05,1e-10
2,forecast_model_comparison.QLIKE_lower_95,FAIL,0.0082754028076037,0.0082653461589744,1.0056648629300918e-05,1e-10
2,forecast_model_comparison.QLIKE_lower_95,FAIL,0.0113941450457914,0.0113788709658413,1.527407995009951e-05,1e-10
2,forecast_model_comparison.QLIKE_lower_95,FAIL,0.0084862692893881,0.0084877409517886,1.4716624005001872e-06,1e-10
2,forecast_model_comparison.QLIKE_lower_95,FAIL,0.0088292336178383,0.0088579986315785,2.876501374019999e-05,1e-10
2,forecast_model_comparison.QLIKE_upper_95,FAIL,0.0116129366531014,0.0116120208012836,9.158518178009612e-07,1e-10
2,forecast_model_comparison.QLIKE_upper_95,FAIL,0.0159346167211427,0.0159182297077176,1.638701342510096e-05,1e-10
2,forecast_model_comparison.QLIKE_upper_95,FAIL,0.0116827898461674,0.0116788630051519,3.926841015501614e-06,1e-10
2,forecast_model_comparison.QLIKE_upper_95,FAIL,0.0119638476276551,0.0119780098417408,1.4162214085700411e-05,1e-10
2,rank_ic_summary.row_keys,PASS,4,4,0.0,0.0
2,rank_ic_summary.mean_daily_IC,FAIL,0.3950694489458431,0.3959055702459068,0.0008361213000636,1e-10
2,rank_ic_summary.mean_daily_IC,PASS,,,0.0,1e-10
2,rank_ic_summary.mean_daily_IC,FAIL,0.3892051614025007,0.3890223045375789,0.0001828568649218,1e-10
2,rank_ic_summary.mean_daily_IC,FAIL,0.3716514882150696,0.3720504720957883,0.0003989838807186,1e-10
2,rank_ic_summary.median_daily_IC,FAIL,0.460478174967757,0.462631274825816,0.002153099858059,1e-10
2,rank_ic_summary.median_daily_IC,PASS,,,0.0,1e-10
2,rank_ic_summary.median_daily_IC,FAIL,0.4775792886301033,0.4852093843492205,0.0076300957191172,1e-10
2,rank_ic_summary.median_daily_IC,FAIL,0.425165928131448,0.4300984665853515,0.0049325384539035,1e-10
2,rank_ic_summary.std_daily_IC,FAIL,0.4039485823355503,0.4041078888871064,0.0001593065515561,1e-10
2,rank_ic_summary.std_daily_IC,PASS,,,0.0,1e-10
2,rank_ic_summary.std_daily_IC,FAIL,0.3783451309501328,0.3794207743564673,0.0010756434063345,1e-10
2,rank_ic_summary.std_daily_IC,FAIL,0.3723804084372714,0.3726434741078975,0.0002630656706261,1e-10
2,rank_ic_summary.n_valid_dates,PASS,418,418,0.0,1e-10
2,rank_ic_summary.n_valid_dates,PASS,0,0,0.0,1e-10
2,rank_ic_summary.n_valid_dates,PASS,418,418,0.0,1e-10
2,rank_ic_summary.n_valid_dates,PASS,418,418,0.0,1e-10
2,rank_ic_summary.percent_positive,PASS,81.3397129186603,81.3397129186603,0.0,1e-10
2,rank_ic_summary.percent_positive,PASS,,,0.0,1e-10
2,rank_ic_summary.percent_positive,FAIL,82.05741626794259,82.53588516746412,0.4784688995215305,1e-10
2,rank_ic_summary.percent_positive,PASS,82.05741626794259,82.05741626794259,0.0,1e-10
2,rank_ic_summary.NW_t_statistic,FAIL,23.619497582535757,23.60182886204786,0.0176687204878973,1e-10
2,rank_ic_summary.NW_t_statistic,PASS,,,0.0,1e-10
2,rank_ic_summary.NW_t_statistic,FAIL,24.45723369875359,24.32915677580981,0.1280769229437801,1e-10
2,rank_ic_summary.NW_t_statistic,FAIL,22.94226704560189,22.996210212577022,0.0539431669751309,1e-10
2,rank_ic_summary.p_value,PASS,6.516793554462434e-79,7.792944604299562e-79,1.2761510498371282e-79,1e-10
2,rank_ic_summary.p_value,PASS,,,0.0,1e-10
2,rank_ic_summary.p_value,PASS,1.3867806842023278e-82,5.0351324667964585e-82,3.64835178259413e-82,1e-10
2,rank_ic_summary.p_value,PASS,6.263254174498253e-76,3.6207609615550475e-76,2.6424932129432055e-76,1e-10
2,rank_ic_summary.q25,FAIL,0.105257209150534,0.1104064966073605,0.0051492874568264,1e-10
2,rank_ic_summary.q25,PASS,,,0.0,1e-10
2,rank_ic_summary.q25,FAIL,0.1268813064355199,0.1206042886267997,0.0062770178087201,1e-10
2,rank_ic_summary.q25,FAIL,0.0992202297186095,0.1026379988120909,0.0034177690934814,1e-10
2,rank_ic_summary.q75,FAIL,0.7208418472383182,0.7229051944505156,0.0020633472121973,1e-10
2,rank_ic_summary.q75,PASS,,,0.0,1e-10
2,rank_ic_summary.q75,FAIL,0.6802625219338304,0.6807463411105338,0.0004838191767033,1e-10
2,rank_ic_summary.q75,FAIL,0.6583459136628587,0.6599221058079379,0.0015761921450792,1e-10
2,rank_ic_summary.hac_lag,PASS,5,5,0.0,1e-10
2,rank_ic_summary.hac_lag,PASS,5,5,0.0,1e-10
2,rank_ic_summary.hac_lag,PASS,5,5,0.0,1e-10
2,rank_ic_summary.hac_lag,PASS,5,5,0.0,1e-10
2,diebold_mariano_results.row_keys,PASS,18,18,0.0,0.0
2,diebold_mariano_results.mean_loss_differential[loss=AE;model_a=arima;model_b=ridge],FAIL,-0.0002085829274767,-0.000213255295797,4.672368320299985e-06,1e-10
2,diebold_mariano_results.mean_loss_differential[loss=AE;model_a=arima;model_b=xgboost],FAIL,-0.0004733092200715,-0.000487919309895,1.4610089823499954e-05,1e-10
2,diebold_mariano_results.mean_loss_differential[loss=AE;model_a=persistence;model_b=arima],FAIL,0.0007543561449809,0.0007659947072361,1.1638562255199983e-05,1e-10
2,diebold_mariano_results.mean_loss_differential[loss=AE;model_a=persistence;model_b=ridge],FAIL,0.0005457732175042,0.000552739411439,6.966193934799928e-06,1e-10
2,diebold_mariano_results.mean_loss_differential[loss=AE;model_a=persistence;model_b=xgboost],FAIL,0.0002810469249093,0.000278075397341,2.971527568299969e-06,1e-10
2,diebold_mariano_results.mean_loss_differential[loss=AE;model_a=ridge;model_b=xgboost],FAIL,-0.0002647262925948,-0.0002746640140979,9.937721503100004e-06,1e-10
2,diebold_mariano_results.mean_loss_differential[loss=QLIKE;model_a=arima;model_b=ridge],FAIL,-0.0001212162157852,-0.0001277163477601,6.5001319749000114e-06,1e-10
2,diebold_mariano_results.mean_loss_differential[loss=QLIKE;model_a=arima;model_b=xgboost],FAIL,-0.0004289886691743,-0.0004580904748541,2.910180567980002e-05,1e-10
2,diebold_mariano_results.mean_loss_differential[loss=QLIKE;model_a=persistence;model_b=arima],FAIL,0.0037042444466726,0.0037241391295072,1.989468283459996e-05,1e-10
2,diebold_mariano_results.mean_loss_differential[loss=QLIKE;model_a=persistence;model_b=ridge],FAIL,0.0035830282308874,0.0035964227817471,1.3394550859699776e-05,1e-10
2,diebold_mariano_results.mean_loss_differential[loss=QLIKE;model_a=persistence;model_b=xgboost],FAIL,0.0032752557774983,0.0032660486546531,9.20712284519995e-06,1e-10
2,diebold_mariano_results.mean_loss_differential[loss=QLIKE;model_a=ridge;model_b=xgboost],FAIL,-0.000307772453389,-0.0003303741270939,2.26016737049e-05,1e-10
2,diebold_mariano_results.mean_loss_differential[loss=SE;model_a=arima;model_b=ridge],FAIL,-2.963315954900008e-06,-3.020690316094089e-06,5.737436119408122e-08,1e-10
2,diebold_mariano_results.mean_loss_differential[loss=SE;model_a=arima;model_b=xgboost],FAIL,-9.115046087822193e-06,-9.425568894954843e-06,3.105228071326505e-07,1e-10
2,diebold_mariano_results.mean_loss_differential[loss=SE;model_a=persistence;model_b=arima],FAIL,3.8198717237694986e-05,3.869017065355152e-05,4.914534158565362e-07,1e-10
2,diebold_mariano_results.mean_loss_differential[loss=SE;model_a=persistence;model_b=ridge],FAIL,3.523540128279497e-05,3.566948033745743e-05,4.340790546624639e-07,1e-10
2,diebold_mariano_results.mean_loss_differential[loss=SE;model_a=persistence;model_b=xgboost],FAIL,2.9083671149872785e-05,2.926460175859667e-05,1.809306087238857e-07,1e-10
2,diebold_mariano_results.mean_loss_differential[loss=SE;model_a=ridge;model_b=xgboost],FAIL,-6.151730132922186e-06,-6.404878578860755e-06,2.531484459385689e-07,1e-10
2,diebold_mariano_results.DM_t_statistic[loss=AE;model_a=arima;model_b=ridge],FAIL,-4.585188821007825,-4.700237259086358,0.1150484380785332,1e-10
2,diebold_mariano_results.DM_t_statistic[loss=AE;model_a=arima;model_b=xgboost],FAIL,-4.903557381177644,-5.01247953584462,0.1089221546669758,1e-10
2,diebold_mariano_results.DM_t_statistic[loss=AE;model_a=persistence;model_b=arima],FAIL,5.697171215459801,5.754861582443181,0.0576903669833797,1e-10
2,diebold_mariano_results.DM_t_statistic[loss=AE;model_a=persistence;model_b=ridge],FAIL,3.622101292230307,3.657718303934849,0.035617011704542,1e-10
2,diebold_mariano_results.DM_t_statistic[loss=AE;model_a=persistence;model_b=xgboost],FAIL,1.4322419765009518,1.407711027272924,0.0245309492280276,1e-10
2,diebold_mariano_results.DM_t_statistic[loss=AE;model_a=ridge;model_b=xgboost],FAIL,-3.42307270217987,-3.5304081920264845,0.1073354898466143,1e-10
2,diebold_mariano_results.DM_t_statistic[loss=QLIKE;model_a=arima;model_b=ridge],FAIL,-1.2610938534951524,-1.324980747659296,0.0638868941641437,1e-10
2,diebold_mariano_results.DM_t_statistic[loss=QLIKE;model_a=arima;model_b=xgboost],FAIL,-1.9526159913796337,-2.068419006365537,0.1158030149859032,1e-10
2,diebold_mariano_results.DM_t_statistic[loss=QLIKE;model_a=persistence;model_b=arima],FAIL,6.866541755491292,6.857559162293657,0.0089825931976355,1e-10
2,diebold_mariano_results.DM_t_statistic[loss=QLIKE;model_a=persistence;model_b=ridge],FAIL,6.232073076581961,6.222502581561095,0.0095704950208661,1e-10
2,diebold_mariano_results.DM_t_statistic[loss=QLIKE;model_a=persistence;model_b=xgboost],FAIL,4.634685125485007,4.602086923731162,0.0325982017538457,1e-10
2,diebold_mariano_results.DM_t_statistic[loss=QLIKE;model_a=ridge;model_b=xgboost],FAIL,-1.7590331615756327,-1.8753862988647128,0.11635313728908,1e-10
2,diebold_mariano_results.DM_t_statistic[loss=SE;model_a=arima;model_b=ridge],FAIL,-2.75140227386779,-2.798475372478168,0.0470730986103782,1e-10
2,diebold_mariano_results.DM_t_statistic[loss=SE;model_a=arima;model_b=xgboost],FAIL,-3.527376610642133,-3.613045523288572,0.0856689126464389,1e-10
2,diebold_mariano_results.DM_t_statistic[loss=SE;model_a=persistence;model_b=arima],FAIL,6.8211125961001535,6.851863648163691,0.0307510520635378,1e-10
2,diebold_mariano_results.DM_t_statistic[loss=SE;model_a=persistence;model_b=ridge],FAIL,5.8032493863002985,5.834297736780592,0.0310483504802938,1e-10
2,diebold_mariano_results.DM_t_statistic[loss=SE;model_a=persistence;model_b=xgboost],FAIL,3.858068869237316,3.851105171448356,0.0069636977889602,1e-10
2,diebold_mariano_results.DM_t_statistic[loss=SE;model_a=ridge;model_b=xgboost],FAIL,-2.93862835927546,-3.033179057159427,0.0945506978839669,1e-10
2,diebold_mariano_results.p_value[loss=AE;model_a=arima;model_b=ridge],FAIL,6.004829378291294e-06,3.5360460131829088e-06,2.468783365108385e-06,1e-10
2,diebold_mariano_results.p_value[loss=AE;model_a=arima;model_b=xgboost],FAIL,1.3509218689431208e-06,7.957799840605675e-07,5.551418848825533e-07,1e-10
2,diebold_mariano_results.p_value[loss=AE;model_a=persistence;model_b=arima],FAIL,2.3046487980466242e-08,1.6818045810720674e-08,6.228442169745568e-09,1e-10
2,diebold_mariano_results.p_value[loss=AE;model_a=persistence;model_b=ridge],FAIL,0.0003282270827623,0.0002870554625026,4.11716202597e-05,1e-10
2,diebold_mariano_results.p_value[loss=AE;model_a=persistence;model_b=xgboost],FAIL,0.1528237351203031,0.1599616544894472,0.0071379193691441,1e-10
2,diebold_mariano_results.p_value[loss=AE;model_a=ridge;model_b=xgboost],FAIL,0.0006804120364363,0.00046117086918,0.0002192411672562,1e-10
2,diebold_mariano_results.p_value[loss=QLIKE;model_a=arima;model_b=ridge],FAIL,0.207980103338444,0.185903104343128,0.0220769989953159,1e-10
2,diebold_mariano_results.p_value[loss=QLIKE;model_a=arima;model_b=xgboost],FAIL,0.051533782224225,0.0392165528529826,0.0123172293712423,1e-10
2,diebold_mariano_results.p_value[loss=QLIKE;model_a=persistence;model_b=arima],PASS,2.3971293082900948e-11,2.5364938647857e-11,1.3936455649560528e-12,1e-10
2,diebold_mariano_results.p_value[loss=QLIKE;model_a=persistence;model_b=ridge],PASS,1.127498887236672e-09,1.1922770604749711e-09,6.477817323829916e-11,1e-10
2,diebold_mariano_results.p_value[loss=QLIKE;model_a=persistence;model_b=xgboost],FAIL,4.787776121986341e-06,5.559249683911437e-06,7.714735619250958e-07,1e-10
2,diebold_mariano_results.p_value[loss=QLIKE;model_a=ridge;model_b=xgboost],FAIL,0.0793052484250356,0.0614381373499828,0.0178671110750527,1e-10
2,diebold_mariano_results.p_value[loss=SE;model_a=arima;model_b=ridge],FAIL,0.0061927471281643,0.0053725931164571,0.0008201540117071,1e-10
2,diebold_mariano_results.p_value[loss=SE;model_a=arima;model_b=xgboost],FAIL,0.0004663279036184,0.0003395464428109,0.0001267814608074,1e-10
2,diebold_mariano_results.p_value[loss=SE;model_a=persistence;model_b=arima],PASS,3.1883294749625715e-11,2.6289513007010783e-11,5.593781742614932e-12,1e-10
2,diebold_mariano_results.p_value[loss=SE;model_a=persistence;model_b=ridge],FAIL,1.2887243615161e-08,1.0853444100739929e-08,2.033799514421071e-09,1e-10
2,diebold_mariano_results.p_value[loss=SE;model_a=persistence;model_b=xgboost],FAIL,0.0001323707712261,0.0001360583165663,3.687545340199994e-06,1e-10
2,diebold_mariano_results.p_value[loss=SE;model_a=ridge;model_b=xgboost],FAIL,0.0034797735238437,0.0025711376466413,0.0009086358772023,1e-10
2,diebold_mariano_results.n_dates[loss=AE;model_a=arima;model_b=ridge],PASS,418,418,0.0,1e-10
2,diebold_mariano_results.n_dates[loss=AE;model_a=arima;model_b=xgboost],PASS,418,418,0.0,1e-10
2,diebold_mariano_results.n_dates[loss=AE;model_a=persistence;model_b=arima],PASS,418,418,0.0,1e-10
2,diebold_mariano_results.n_dates[loss=AE;model_a=persistence;model_b=ridge],PASS,418,418,0.0,1e-10
2,diebold_mariano_results.n_dates[loss=AE;model_a=persistence;model_b=xgboost],PASS,418,418,0.0,1e-10
2,diebold_mariano_results.n_dates[loss=AE;model_a=ridge;model_b=xgboost],PASS,418,418,0.0,1e-10
2,diebold_mariano_results.n_dates[loss=QLIKE;model_a=arima;model_b=ridge],PASS,418,418,0.0,1e-10
2,diebold_mariano_results.n_dates[loss=QLIKE;model_a=arima;model_b=xgboost],PASS,418,418,0.0,1e-10
2,diebold_mariano_results.n_dates[loss=QLIKE;model_a=persistence;model_b=arima],PASS,418,418,0.0,1e-10
2,diebold_mariano_results.n_dates[loss=QLIKE;model_a=persistence;model_b=ridge],PASS,418,418,0.0,1e-10
2,diebold_mariano_results.n_dates[loss=QLIKE;model_a=persistence;model_b=xgboost],PASS,418,418,0.0,1e-10
2,diebold_mariano_results.n_dates[loss=QLIKE;model_a=ridge;model_b=xgboost],PASS,418,418,0.0,1e-10
2,diebold_mariano_results.n_dates[loss=SE;model_a=arima;model_b=ridge],PASS,418,418,0.0,1e-10
2,diebold_mariano_results.n_dates[loss=SE;model_a=arima;model_b=xgboost],PASS,418,418,0.0,1e-10
2,diebold_mariano_results.n_dates[loss=SE;model_a=persistence;model_b=arima],PASS,418,418,0.0,1e-10
2,diebold_mariano_results.n_dates[loss=SE;model_a=persistence;model_b=ridge],PASS,418,418,0.0,1e-10
2,diebold_mariano_results.n_dates[loss=SE;model_a=persistence;model_b=xgboost],PASS,418,418,0.0,1e-10
2,diebold_mariano_results.n_dates[loss=SE;model_a=ridge;model_b=xgboost],PASS,418,418,0.0,1e-10
2,diebold_mariano_results.hac_lag[loss=AE;model_a=arima;model_b=ridge],PASS,5,5,0.0,1e-10
2,diebold_mariano_results.hac_lag[loss=AE;model_a=arima;model_b=xgboost],PASS,5,5,0.0,1e-10
2,diebold_mariano_results.hac_lag[loss=AE;model_a=persistence;model_b=arima],PASS,5,5,0.0,1e-10
2,diebold_mariano_results.hac_lag[loss=AE;model_a=persistence;model_b=ridge],PASS,5,5,0.0,1e-10
2,diebold_mariano_results.hac_lag[loss=AE;model_a=persistence;model_b=xgboost],PASS,5,5,0.0,1e-10
2,diebold_mariano_results.hac_lag[loss=AE;model_a=ridge;model_b=xgboost],PASS,5,5,0.0,1e-10
2,diebold_mariano_results.hac_lag[loss=QLIKE;model_a=arima;model_b=ridge],PASS,5,5,0.0,1e-10
2,diebold_mariano_results.hac_lag[loss=QLIKE;model_a=arima;model_b=xgboost],PASS,5,5,0.0,1e-10
2,diebold_mariano_results.hac_lag[loss=QLIKE;model_a=persistence;model_b=arima],PASS,5,5,0.0,1e-10
2,diebold_mariano_results.hac_lag[loss=QLIKE;model_a=persistence;model_b=ridge],PASS,5,5,0.0,1e-10
2,diebold_mariano_results.hac_lag[loss=QLIKE;model_a=persistence;model_b=xgboost],PASS,5,5,0.0,1e-10
2,diebold_mariano_results.hac_lag[loss=QLIKE;model_a=ridge;model_b=xgboost],PASS,5,5,0.0,1e-10
2,diebold_mariano_results.hac_lag[loss=SE;model_a=arima;model_b=ridge],PASS,5,5,0.0,1e-10
2,diebold_mariano_results.hac_lag[loss=SE;model_a=arima;model_b=xgboost],PASS,5,5,0.0,1e-10
2,diebold_mariano_results.hac_lag[loss=SE;model_a=persistence;model_b=arima],PASS,5,5,0.0,1e-10
2,diebold_mariano_results.hac_lag[loss=SE;model_a=persistence;model_b=ridge],PASS,5,5,0.0,1e-10
2,diebold_mariano_results.hac_lag[loss=SE;model_a=persistence;model_b=xgboost],PASS,5,5,0.0,1e-10
2,diebold_mariano_results.hac_lag[loss=SE;model_a=ridge;model_b=xgboost],PASS,5,5,0.0,1e-10
2,diebold_mariano_results.significant_5pct[loss=AE;model_a=arima;model_b=ridge],PASS,True,True,0.0,1e-10
2,diebold_mariano_results.significant_5pct[loss=AE;model_a=arima;model_b=xgboost],PASS,True,True,0.0,1e-10
2,diebold_mariano_results.significant_5pct[loss=AE;model_a=persistence;model_b=arima],PASS,True,True,0.0,1e-10
2,diebold_mariano_results.significant_5pct[loss=AE;model_a=persistence;model_b=ridge],PASS,True,True,0.0,1e-10
2,diebold_mariano_results.significant_5pct[loss=AE;model_a=persistence;model_b=xgboost],PASS,False,False,0.0,1e-10
2,diebold_mariano_results.significant_5pct[loss=AE;model_a=ridge;model_b=xgboost],PASS,True,True,0.0,1e-10
2,diebold_mariano_results.significant_5pct[loss=QLIKE;model_a=arima;model_b=ridge],PASS,False,False,0.0,1e-10
2,diebold_mariano_results.significant_5pct[loss=QLIKE;model_a=arima;model_b=xgboost],FAIL,False,True,1.0,1e-10
2,diebold_mariano_results.significant_5pct[loss=QLIKE;model_a=persistence;model_b=arima],PASS,True,True,0.0,1e-10
2,diebold_mariano_results.significant_5pct[loss=QLIKE;model_a=persistence;model_b=ridge],PASS,True,True,0.0,1e-10
2,diebold_mariano_results.significant_5pct[loss=QLIKE;model_a=persistence;model_b=xgboost],PASS,True,True,0.0,1e-10
2,diebold_mariano_results.significant_5pct[loss=QLIKE;model_a=ridge;model_b=xgboost],PASS,False,False,0.0,1e-10
2,diebold_mariano_results.significant_5pct[loss=SE;model_a=arima;model_b=ridge],PASS,True,True,0.0,1e-10
2,diebold_mariano_results.significant_5pct[loss=SE;model_a=arima;model_b=xgboost],PASS,True,True,0.0,1e-10
2,diebold_mariano_results.significant_5pct[loss=SE;model_a=persistence;model_b=arima],PASS,True,True,0.0,1e-10
2,diebold_mariano_results.significant_5pct[loss=SE;model_a=persistence;model_b=ridge],PASS,True,True,0.0,1e-10
2,diebold_mariano_results.significant_5pct[loss=SE;model_a=persistence;model_b=xgboost],PASS,True,True,0.0,1e-10
2,diebold_mariano_results.significant_5pct[loss=SE;model_a=ridge;model_b=xgboost],PASS,True,True,0.0,1e-10
2,model_confidence_set.row_keys,PASS,24,24,0.0,0.0
2,model_confidence_set.p_value[loss=AE;block_length=5],PASS,1.0,1.0,0.0,1e-10
2,model_confidence_set.p_value[loss=AE;block_length=10],PASS,1.0,1.0,0.0,1e-10
2,model_confidence_set.p_value[loss=AE;block_length=5],PASS,0.0,0.0,0.0,1e-10
2,model_confidence_set.p_value[loss=AE;block_length=10],PASS,0.0,0.0,0.0,1e-10
2,model_confidence_set.p_value[loss=AE;block_length=5],PASS,0.0,0.0,0.0,1e-10
2,model_confidence_set.p_value[loss=AE;block_length=10],PASS,0.0,0.0,0.0,1e-10
2,model_confidence_set.p_value[loss=AE;block_length=5],PASS,0.0,0.0,0.0,1e-10
2,model_confidence_set.p_value[loss=AE;block_length=10],PASS,0.0,0.0,0.0,1e-10
2,model_confidence_set.p_value[loss=QLIKE;block_length=5],PASS,1.0,1.0,0.0,1e-10
2,model_confidence_set.p_value[loss=QLIKE;block_length=10],PASS,1.0,1.0,0.0,1e-10
2,model_confidence_set.p_value[loss=QLIKE;block_length=5],PASS,0.0,0.0,0.0,1e-10
2,model_confidence_set.p_value[loss=QLIKE;block_length=10],PASS,0.0,0.0,0.0,1e-10
2,model_confidence_set.p_value[loss=QLIKE;block_length=5],FAIL,0.2045,0.1845,0.0199999999999999,1e-10
2,model_confidence_set.p_value[loss=QLIKE;block_length=10],FAIL,0.1795,0.1525,0.0269999999999999,1e-10
2,model_confidence_set.p_value[loss=QLIKE;block_length=5],FAIL,0.1055,0.0845,0.0209999999999999,1e-10
2,model_confidence_set.p_value[loss=QLIKE;block_length=10],FAIL,0.1055,0.0835,0.0219999999999999,1e-10
2,model_confidence_set.p_value[loss=SE;block_length=5],PASS,1.0,1.0,0.0,1e-10
2,model_confidence_set.p_value[loss=SE;block_length=10],PASS,1.0,1.0,0.0,1e-10
2,model_confidence_set.p_value[loss=SE;block_length=5],PASS,0.0,0.0,0.0,1e-10
2,model_confidence_set.p_value[loss=SE;block_length=10],PASS,0.0,0.0,0.0,1e-10
2,model_confidence_set.p_value[loss=SE;block_length=5],FAIL,0.009,0.0085,0.0004999999999999,1e-10
2,model_confidence_set.p_value[loss=SE;block_length=10],PASS,0.0025,0.0025,0.0,1e-10
2,model_confidence_set.p_value[loss=SE;block_length=5],PASS,0.001,0.001,0.0,1e-10
2,model_confidence_set.p_value[loss=SE;block_length=10],FAIL,0.0025,0.002,0.0005,1e-10
2,model_confidence_set.included[loss=AE;block_length=5],PASS,True,True,0.0,1e-10
2,model_confidence_set.included[loss=AE;block_length=10],PASS,True,True,0.0,1e-10
2,model_confidence_set.included[loss=AE;block_length=5],PASS,False,False,0.0,1e-10
2,model_confidence_set.included[loss=AE;block_length=10],PASS,False,False,0.0,1e-10
2,model_confidence_set.included[loss=AE;block_length=5],PASS,False,False,0.0,1e-10
2,model_confidence_set.included[loss=AE;block_length=10],PASS,False,False,0.0,1e-10
2,model_confidence_set.included[loss=AE;block_length=5],PASS,False,False,0.0,1e-10
2,model_confidence_set.included[loss=AE;block_length=10],PASS,False,False,0.0,1e-10
2,model_confidence_set.included[loss=QLIKE;block_length=5],PASS,True,True,0.0,1e-10
2,model_confidence_set.included[loss=QLIKE;block_length=10],PASS,True,True,0.0,1e-10
2,model_confidence_set.included[loss=QLIKE;block_length=5],PASS,False,False,0.0,1e-10
2,model_confidence_set.included[loss=QLIKE;block_length=10],PASS,False,False,0.0,1e-10
2,model_confidence_set.included[loss=QLIKE;block_length=5],PASS,True,True,0.0,1e-10
2,model_confidence_set.included[loss=QLIKE;block_length=10],PASS,True,True,0.0,1e-10
2,model_confidence_set.included[loss=QLIKE;block_length=5],PASS,True,True,0.0,1e-10
2,model_confidence_set.included[loss=QLIKE;block_length=10],PASS,True,True,0.0,1e-10
2,model_confidence_set.included[loss=SE;block_length=5],PASS,True,True,0.0,1e-10
2,model_confidence_set.included[loss=SE;block_length=10],PASS,True,True,0.0,1e-10
2,model_confidence_set.included[loss=SE;block_length=5],PASS,False,False,0.0,1e-10
2,model_confidence_set.included[loss=SE;block_length=10],PASS,False,False,0.0,1e-10
2,model_confidence_set.included[loss=SE;block_length=5],PASS,False,False,0.0,1e-10
2,model_confidence_set.included[loss=SE;block_length=10],PASS,False,False,0.0,1e-10
2,model_confidence_set.included[loss=SE;block_length=5],PASS,False,False,0.0,1e-10
2,model_confidence_set.included[loss=SE;block_length=10],PASS,False,False,0.0,1e-10
2,model_confidence_set.confidence_level[loss=AE;block_length=5],PASS,0.95,0.95,0.0,1e-10
2,model_confidence_set.confidence_level[loss=AE;block_length=10],PASS,0.95,0.95,0.0,1e-10
2,model_confidence_set.confidence_level[loss=AE;block_length=5],PASS,0.95,0.95,0.0,1e-10
2,model_confidence_set.confidence_level[loss=AE;block_length=10],PASS,0.95,0.95,0.0,1e-10
2,model_confidence_set.confidence_level[loss=AE;block_length=5],PASS,0.95,0.95,0.0,1e-10
2,model_confidence_set.confidence_level[loss=AE;block_length=10],PASS,0.95,0.95,0.0,1e-10
2,model_confidence_set.confidence_level[loss=AE;block_length=5],PASS,0.95,0.95,0.0,1e-10
2,model_confidence_set.confidence_level[loss=AE;block_length=10],PASS,0.95,0.95,0.0,1e-10
2,model_confidence_set.confidence_level[loss=QLIKE;block_length=5],PASS,0.95,0.95,0.0,1e-10
2,model_confidence_set.confidence_level[loss=QLIKE;block_length=10],PASS,0.95,0.95,0.0,1e-10
2,model_confidence_set.confidence_level[loss=QLIKE;block_length=5],PASS,0.95,0.95,0.0,1e-10
2,model_confidence_set.confidence_level[loss=QLIKE;block_length=10],PASS,0.95,0.95,0.0,1e-10
2,model_confidence_set.confidence_level[loss=QLIKE;block_length=5],PASS,0.95,0.95,0.0,1e-10
2,model_confidence_set.confidence_level[loss=QLIKE;block_length=10],PASS,0.95,0.95,0.0,1e-10
2,model_confidence_set.confidence_level[loss=QLIKE;block_length=5],PASS,0.95,0.95,0.0,1e-10
2,model_confidence_set.confidence_level[loss=QLIKE;block_length=10],PASS,0.95,0.95,0.0,1e-10
2,model_confidence_set.confidence_level[loss=SE;block_length=5],PASS,0.95,0.95,0.0,1e-10
2,model_confidence_set.confidence_level[loss=SE;block_length=10],PASS,0.95,0.95,0.0,1e-10
2,model_confidence_set.confidence_level[loss=SE;block_length=5],PASS,0.95,0.95,0.0,1e-10
2,model_confidence_set.confidence_level[loss=SE;block_length=10],PASS,0.95,0.95,0.0,1e-10
2,model_confidence_set.confidence_level[loss=SE;block_length=5],PASS,0.95,0.95,0.0,1e-10
2,model_confidence_set.confidence_level[loss=SE;block_length=10],PASS,0.95,0.95,0.0,1e-10
2,model_confidence_set.confidence_level[loss=SE;block_length=5],PASS,0.95,0.95,0.0,1e-10
2,model_confidence_set.confidence_level[loss=SE;block_length=10],PASS,0.95,0.95,0.0,1e-10
2,model_confidence_set.test_size[loss=AE;block_length=5],PASS,0.05,0.05,0.0,1e-10
2,model_confidence_set.test_size[loss=AE;block_length=10],PASS,0.05,0.05,0.0,1e-10
2,model_confidence_set.test_size[loss=AE;block_length=5],PASS,0.05,0.05,0.0,1e-10
2,model_confidence_set.test_size[loss=AE;block_length=10],PASS,0.05,0.05,0.0,1e-10
2,model_confidence_set.test_size[loss=AE;block_length=5],PASS,0.05,0.05,0.0,1e-10
2,model_confidence_set.test_size[loss=AE;block_length=10],PASS,0.05,0.05,0.0,1e-10
2,model_confidence_set.test_size[loss=AE;block_length=5],PASS,0.05,0.05,0.0,1e-10
2,model_confidence_set.test_size[loss=AE;block_length=10],PASS,0.05,0.05,0.0,1e-10
2,model_confidence_set.test_size[loss=QLIKE;block_length=5],PASS,0.05,0.05,0.0,1e-10
2,model_confidence_set.test_size[loss=QLIKE;block_length=10],PASS,0.05,0.05,0.0,1e-10
2,model_confidence_set.test_size[loss=QLIKE;block_length=5],PASS,0.05,0.05,0.0,1e-10
2,model_confidence_set.test_size[loss=QLIKE;block_length=10],PASS,0.05,0.05,0.0,1e-10
2,model_confidence_set.test_size[loss=QLIKE;block_length=5],PASS,0.05,0.05,0.0,1e-10
2,model_confidence_set.test_size[loss=QLIKE;block_length=10],PASS,0.05,0.05,0.0,1e-10
2,model_confidence_set.test_size[loss=QLIKE;block_length=5],PASS,0.05,0.05,0.0,1e-10
2,model_confidence_set.test_size[loss=QLIKE;block_length=10],PASS,0.05,0.05,0.0,1e-10
2,model_confidence_set.test_size[loss=SE;block_length=5],PASS,0.05,0.05,0.0,1e-10
2,model_confidence_set.test_size[loss=SE;block_length=10],PASS,0.05,0.05,0.0,1e-10
2,model_confidence_set.test_size[loss=SE;block_length=5],PASS,0.05,0.05,0.0,1e-10
2,model_confidence_set.test_size[loss=SE;block_length=10],PASS,0.05,0.05,0.0,1e-10
2,model_confidence_set.test_size[loss=SE;block_length=5],PASS,0.05,0.05,0.0,1e-10
2,model_confidence_set.test_size[loss=SE;block_length=10],PASS,0.05,0.05,0.0,1e-10
2,model_confidence_set.test_size[loss=SE;block_length=5],PASS,0.05,0.05,0.0,1e-10
2,model_confidence_set.test_size[loss=SE;block_length=10],PASS,0.05,0.05,0.0,1e-10
2,model_confidence_set.n_dates[loss=AE;block_length=5],PASS,418,418,0.0,1e-10
2,model_confidence_set.n_dates[loss=AE;block_length=10],PASS,418,418,0.0,1e-10
2,model_confidence_set.n_dates[loss=AE;block_length=5],PASS,418,418,0.0,1e-10
2,model_confidence_set.n_dates[loss=AE;block_length=10],PASS,418,418,0.0,1e-10
2,model_confidence_set.n_dates[loss=AE;block_length=5],PASS,418,418,0.0,1e-10
2,model_confidence_set.n_dates[loss=AE;block_length=10],PASS,418,418,0.0,1e-10
2,model_confidence_set.n_dates[loss=AE;block_length=5],PASS,418,418,0.0,1e-10
2,model_confidence_set.n_dates[loss=AE;block_length=10],PASS,418,418,0.0,1e-10
2,model_confidence_set.n_dates[loss=QLIKE;block_length=5],PASS,418,418,0.0,1e-10
2,model_confidence_set.n_dates[loss=QLIKE;block_length=10],PASS,418,418,0.0,1e-10
2,model_confidence_set.n_dates[loss=QLIKE;block_length=5],PASS,418,418,0.0,1e-10
2,model_confidence_set.n_dates[loss=QLIKE;block_length=10],PASS,418,418,0.0,1e-10
2,model_confidence_set.n_dates[loss=QLIKE;block_length=5],PASS,418,418,0.0,1e-10
2,model_confidence_set.n_dates[loss=QLIKE;block_length=10],PASS,418,418,0.0,1e-10
2,model_confidence_set.n_dates[loss=QLIKE;block_length=5],PASS,418,418,0.0,1e-10
2,model_confidence_set.n_dates[loss=QLIKE;block_length=10],PASS,418,418,0.0,1e-10
2,model_confidence_set.n_dates[loss=SE;block_length=5],PASS,418,418,0.0,1e-10
2,model_confidence_set.n_dates[loss=SE;block_length=10],PASS,418,418,0.0,1e-10
2,model_confidence_set.n_dates[loss=SE;block_length=5],PASS,418,418,0.0,1e-10
2,model_confidence_set.n_dates[loss=SE;block_length=10],PASS,418,418,0.0,1e-10
2,model_confidence_set.n_dates[loss=SE;block_length=5],PASS,418,418,0.0,1e-10
2,model_confidence_set.n_dates[loss=SE;block_length=10],PASS,418,418,0.0,1e-10
2,model_confidence_set.n_dates[loss=SE;block_length=5],PASS,418,418,0.0,1e-10
2,model_confidence_set.n_dates[loss=SE;block_length=10],PASS,418,418,0.0,1e-10
2,model_confidence_set.primary[loss=AE;block_length=5],PASS,True,True,0.0,1e-10
2,model_confidence_set.primary[loss=AE;block_length=10],PASS,False,False,0.0,1e-10
2,model_confidence_set.primary[loss=AE;block_length=5],PASS,True,True,0.0,1e-10
2,model_confidence_set.primary[loss=AE;block_length=10],PASS,False,False,0.0,1e-10
2,model_confidence_set.primary[loss=AE;block_length=5],PASS,True,True,0.0,1e-10
2,model_confidence_set.primary[loss=AE;block_length=10],PASS,False,False,0.0,1e-10
2,model_confidence_set.primary[loss=AE;block_length=5],PASS,True,True,0.0,1e-10
2,model_confidence_set.primary[loss=AE;block_length=10],PASS,False,False,0.0,1e-10
2,model_confidence_set.primary[loss=QLIKE;block_length=5],PASS,True,True,0.0,1e-10
2,model_confidence_set.primary[loss=QLIKE;block_length=10],PASS,False,False,0.0,1e-10
2,model_confidence_set.primary[loss=QLIKE;block_length=5],PASS,True,True,0.0,1e-10
2,model_confidence_set.primary[loss=QLIKE;block_length=10],PASS,False,False,0.0,1e-10
2,model_confidence_set.primary[loss=QLIKE;block_length=5],PASS,True,True,0.0,1e-10
2,model_confidence_set.primary[loss=QLIKE;block_length=10],PASS,False,False,0.0,1e-10
2,model_confidence_set.primary[loss=QLIKE;block_length=5],PASS,True,True,0.0,1e-10
2,model_confidence_set.primary[loss=QLIKE;block_length=10],PASS,False,False,0.0,1e-10
2,model_confidence_set.primary[loss=SE;block_length=5],PASS,True,True,0.0,1e-10
2,model_confidence_set.primary[loss=SE;block_length=10],PASS,False,False,0.0,1e-10
2,model_confidence_set.primary[loss=SE;block_length=5],PASS,True,True,0.0,1e-10
2,model_confidence_set.primary[loss=SE;block_length=10],PASS,False,False,0.0,1e-10
2,model_confidence_set.primary[loss=SE;block_length=5],PASS,True,True,0.0,1e-10
2,model_confidence_set.primary[loss=SE;block_length=10],PASS,False,False,0.0,1e-10
2,model_confidence_set.primary[loss=SE;block_length=5],PASS,True,True,0.0,1e-10
2,model_confidence_set.primary[loss=SE;block_length=10],PASS,False,False,0.0,1e-10
2,model_confidence_set.reps[loss=AE;block_length=5],PASS,2000,2000,0.0,1e-10
2,model_confidence_set.reps[loss=AE;block_length=10],PASS,2000,2000,0.0,1e-10
2,model_confidence_set.reps[loss=AE;block_length=5],PASS,2000,2000,0.0,1e-10
2,model_confidence_set.reps[loss=AE;block_length=10],PASS,2000,2000,0.0,1e-10
2,model_confidence_set.reps[loss=AE;block_length=5],PASS,2000,2000,0.0,1e-10
2,model_confidence_set.reps[loss=AE;block_length=10],PASS,2000,2000,0.0,1e-10
2,model_confidence_set.reps[loss=AE;block_length=5],PASS,2000,2000,0.0,1e-10
2,model_confidence_set.reps[loss=AE;block_length=10],PASS,2000,2000,0.0,1e-10
2,model_confidence_set.reps[loss=QLIKE;block_length=5],PASS,2000,2000,0.0,1e-10
2,model_confidence_set.reps[loss=QLIKE;block_length=10],PASS,2000,2000,0.0,1e-10
2,model_confidence_set.reps[loss=QLIKE;block_length=5],PASS,2000,2000,0.0,1e-10
2,model_confidence_set.reps[loss=QLIKE;block_length=10],PASS,2000,2000,0.0,1e-10
2,model_confidence_set.reps[loss=QLIKE;block_length=5],PASS,2000,2000,0.0,1e-10
2,model_confidence_set.reps[loss=QLIKE;block_length=10],PASS,2000,2000,0.0,1e-10
2,model_confidence_set.reps[loss=QLIKE;block_length=5],PASS,2000,2000,0.0,1e-10
2,model_confidence_set.reps[loss=QLIKE;block_length=10],PASS,2000,2000,0.0,1e-10
2,model_confidence_set.reps[loss=SE;block_length=5],PASS,2000,2000,0.0,1e-10
2,model_confidence_set.reps[loss=SE;block_length=10],PASS,2000,2000,0.0,1e-10
2,model_confidence_set.reps[loss=SE;block_length=5],PASS,2000,2000,0.0,1e-10
2,model_confidence_set.reps[loss=SE;block_length=10],PASS,2000,2000,0.0,1e-10
2,model_confidence_set.reps[loss=SE;block_length=5],PASS,2000,2000,0.0,1e-10
2,model_confidence_set.reps[loss=SE;block_length=10],PASS,2000,2000,0.0,1e-10
2,model_confidence_set.reps[loss=SE;block_length=5],PASS,2000,2000,0.0,1e-10
2,model_confidence_set.reps[loss=SE;block_length=10],PASS,2000,2000,0.0,1e-10
2,model_confidence_set.seed[loss=AE;block_length=5],PASS,42,42,0.0,1e-10
2,model_confidence_set.seed[loss=AE;block_length=10],PASS,42,42,0.0,1e-10
2,model_confidence_set.seed[loss=AE;block_length=5],PASS,42,42,0.0,1e-10
2,model_confidence_set.seed[loss=AE;block_length=10],PASS,42,42,0.0,1e-10
2,model_confidence_set.seed[loss=AE;block_length=5],PASS,42,42,0.0,1e-10
2,model_confidence_set.seed[loss=AE;block_length=10],PASS,42,42,0.0,1e-10
2,model_confidence_set.seed[loss=AE;block_length=5],PASS,42,42,0.0,1e-10
2,model_confidence_set.seed[loss=AE;block_length=10],PASS,42,42,0.0,1e-10
2,model_confidence_set.seed[loss=QLIKE;block_length=5],PASS,42,42,0.0,1e-10
2,model_confidence_set.seed[loss=QLIKE;block_length=10],PASS,42,42,0.0,1e-10
2,model_confidence_set.seed[loss=QLIKE;block_length=5],PASS,42,42,0.0,1e-10
2,model_confidence_set.seed[loss=QLIKE;block_length=10],PASS,42,42,0.0,1e-10
2,model_confidence_set.seed[loss=QLIKE;block_length=5],PASS,42,42,0.0,1e-10
2,model_confidence_set.seed[loss=QLIKE;block_length=10],PASS,42,42,0.0,1e-10
2,model_confidence_set.seed[loss=QLIKE;block_length=5],PASS,42,42,0.0,1e-10
2,model_confidence_set.seed[loss=QLIKE;block_length=10],PASS,42,42,0.0,1e-10
2,model_confidence_set.seed[loss=SE;block_length=5],PASS,42,42,0.0,1e-10
2,model_confidence_set.seed[loss=SE;block_length=10],PASS,42,42,0.0,1e-10
2,model_confidence_set.seed[loss=SE;block_length=5],PASS,42,42,0.0,1e-10
2,model_confidence_set.seed[loss=SE;block_length=10],PASS,42,42,0.0,1e-10
2,model_confidence_set.seed[loss=SE;block_length=5],PASS,42,42,0.0,1e-10
2,model_confidence_set.seed[loss=SE;block_length=10],PASS,42,42,0.0,1e-10
2,model_confidence_set.seed[loss=SE;block_length=5],PASS,42,42,0.0,1e-10
2,model_confidence_set.seed[loss=SE;block_length=10],PASS,42,42,0.0,1e-10
2,economic_signal_predictive_summary.row_keys,PASS,3,3,0.0,0.0
2,economic_signal_predictive_summary.mean_IC,FAIL,0.0267961122177647,0.0286845392075525,0.0018884269897878,1e-10
2,economic_signal_predictive_summary.mean_IC,FAIL,0.0767220279437688,0.0770841777466679,0.0003621498028991,1e-10
2,economic_signal_predictive_summary.mean_IC,FAIL,0.0656626040266022,0.0654357392025398,0.0002268648240624,1e-10
2,economic_signal_predictive_summary.median_IC,FAIL,0.0293198415550141,0.0334445058294208,0.0041246642744067,1e-10
2,economic_signal_predictive_summary.median_IC,FAIL,0.1303843407575719,0.1305841178780731,0.0001997771205012,1e-10
2,economic_signal_predictive_summary.median_IC,FAIL,0.0991163933639773,0.090779567018511,0.0083368263454663,1e-10
2,economic_signal_predictive_summary.std_IC,FAIL,0.1733903404753916,0.1776855077328888,0.0042951672574972,1e-10
2,economic_signal_predictive_summary.std_IC,FAIL,0.3572733682707317,0.3575892569108794,0.0003158886401476,1e-10
2,economic_signal_predictive_summary.std_IC,FAIL,0.2471026385367695,0.2482184676048298,0.0011158290680602,1e-10
2,economic_signal_predictive_summary.valid_IC_dates,PASS,413,413,0.0,1e-10
2,economic_signal_predictive_summary.valid_IC_dates,PASS,413,413,0.0,1e-10
2,economic_signal_predictive_summary.valid_IC_dates,PASS,413,413,0.0,1e-10
2,economic_signal_predictive_summary.IC_percent_positive,FAIL,55.44794188861986,55.205811138014525,0.2421307506053338,1e-10
2,economic_signal_predictive_summary.IC_percent_positive,FAIL,57.869249394673126,58.111380145278446,0.2421307506053196,1e-10
2,economic_signal_predictive_summary.IC_percent_positive,PASS,61.743341404358354,61.743341404358354,0.0,1e-10
2,economic_signal_predictive_summary.IC_NW_t,FAIL,3.167014621154245,3.291279196956663,0.1242645758024179,1e-10
2,economic_signal_predictive_summary.IC_NW_t,FAIL,4.700699686477513,4.70607376364522,0.0053740771677066,1e-10
2,economic_signal_predictive_summary.IC_NW_t,FAIL,5.04498156898564,4.954132673234041,0.0908488957515984,1e-10
2,economic_signal_predictive_summary.IC_p_value,FAIL,0.0016547247986553,0.0010832236163902,0.0005715011822651,1e-10
2,economic_signal_predictive_summary.IC_p_value,FAIL,3.541226080663296e-06,3.453836121615628e-06,8.738995904766794e-08,1e-10
2,economic_signal_predictive_summary.IC_p_value,FAIL,6.814727766897583e-07,1.062509612821466e-06,3.8103683613170773e-07,1e-10
2,economic_signal_predictive_summary.mean_top_minus_bottom,FAIL,0.0007572254634217,0.0008823303990782,0.0001251049356565,1e-10
2,economic_signal_predictive_summary.mean_top_minus_bottom,FAIL,0.0029075370402968,0.0029616810472344,5.4144006937599694e-05,1e-10
2,economic_signal_predictive_summary.mean_top_minus_bottom,FAIL,0.0026032256989412,0.0025555882954349,4.763740350629967e-05,1e-10
2,economic_signal_predictive_summary.median_top_minus_bottom,FAIL,0.0001871706691154,0.0003924710828444,0.0002053004137289,1e-10
2,economic_signal_predictive_summary.median_top_minus_bottom,FAIL,0.0014020849246888,0.0012954498159137,0.000106635108775,1e-10
2,economic_signal_predictive_summary.median_top_minus_bottom,FAIL,0.0009278457889613,0.0009810917524302,5.324596346890009e-05,1e-10
2,economic_signal_predictive_summary.valid_spread_dates,PASS,413,413,0.0,1e-10
2,economic_signal_predictive_summary.valid_spread_dates,PASS,413,413,0.0,1e-10
2,economic_signal_predictive_summary.valid_spread_dates,PASS,413,413,0.0,1e-10
2,economic_signal_predictive_summary.spread_NW_t,FAIL,2.032009917412575,2.6587742799672163,0.6267643625546411,1e-10
2,economic_signal_predictive_summary.spread_NW_t,FAIL,5.032008680716472,5.19172161201366,0.1597129312971876,1e-10
2,economic_signal_predictive_summary.spread_NW_t,FAIL,5.027103976189683,4.908750437724976,0.1183535384647074,1e-10
2,economic_signal_predictive_summary.spread_p_value,FAIL,0.0427937297005053,0.0081480986345249,0.0346456310659804,1e-10
2,economic_signal_predictive_summary.spread_p_value,FAIL,7.263854203743307e-07,3.279938968351132e-07,3.9839152353921766e-07,1e-10
2,economic_signal_predictive_summary.spread_p_value,FAIL,7.441004798500215e-07,1.3231503053031602e-06,5.790498254531387e-07,1e-10
2,economic_signal_predictive_summary.spread_percent_positive,FAIL,53.510895883777245,53.75302663438256,0.2421307506053125,1e-10
2,economic_signal_predictive_summary.spread_percent_positive,FAIL,58.111380145278446,57.869249394673126,0.2421307506053196,1e-10
2,economic_signal_predictive_summary.spread_percent_positive,FAIL,57.14285714285714,57.38498789346247,0.2421307506053338,1e-10
2,economic_signal_predictive_summary.long_hit_rate,FAIL,0.5054012345679012,0.5062198527545062,0.000818618186605,1e-10
2,economic_signal_predictive_summary.long_hit_rate,FAIL,0.5314587973273942,0.5321768326804701,0.0007180353530759,1e-10
2,economic_signal_predictive_summary.long_hit_rate,FAIL,0.5212823275862069,0.5241454150841021,0.0028630874978952,1e-10
2,economic_signal_predictive_summary.short_hit_rate,FAIL,0.5164355418592707,0.5184056867225184,0.0019701448632477,1e-10
2,economic_signal_predictive_summary.short_hit_rate,FAIL,0.5463215258855586,0.5475088483528451,0.0011873224672864,1e-10
2,economic_signal_predictive_summary.short_hit_rate,FAIL,0.5515198351365276,0.5471406491499228,0.0043791859866048,1e-10
2,economic_signal_predictive_summary.balanced_hit_rate,FAIL,0.5109183882135859,0.5123127697385124,0.0013943815249264,1e-10
2,economic_signal_predictive_summary.balanced_hit_rate,FAIL,0.5388901616064764,0.5398428405166575,0.0009526789101811,1e-10
2,economic_signal_predictive_summary.balanced_hit_rate,FAIL,0.5364010813613672,0.5356430321170125,0.0007580492443547,1e-10
2,economic_signal_predictive_summary.mean_daily_balanced_hit,FAIL,0.510956416464891,0.5119768246281563,0.0010204081632653,1e-10
2,economic_signal_predictive_summary.mean_daily_balanced_hit,FAIL,0.5405972558514931,0.5416109381605749,0.0010136823090818,1e-10
2,economic_signal_predictive_summary.mean_daily_balanced_hit,FAIL,0.5363998424228449,0.5360991006572121,0.0003007417656327,1e-10
2,economic_signal_predictive_summary.n_scored_long,FAIL,3888,3939,51.0,1e-10
2,economic_signal_predictive_summary.n_scored_long,FAIL,3592,3574,18.0,1e-10
2,economic_signal_predictive_summary.n_scored_long,FAIL,3712,3686,26.0,1e-10
2,economic_signal_predictive_summary.n_scored_short,FAIL,3894,3939,45.0,1e-10
2,economic_signal_predictive_summary.n_scored_short,FAIL,3670,3673,3.0,1e-10
2,economic_signal_predictive_summary.n_scored_short,PASS,3882,3882,0.0,1e-10
2,economic_signal_predictive_summary.hac_lag,PASS,5,5,0.0,1e-10
2,economic_signal_predictive_summary.hac_lag,PASS,5,5,0.0,1e-10
2,economic_signal_predictive_summary.hac_lag,PASS,5,5,0.0,1e-10
2,stage4_performance_summary.row_keys,PASS,6,6,0.0,0.0
2,stage4_performance_summary.n_days,PASS,408,408,0.0,1e-10
2,stage4_performance_summary.n_days,PASS,408,408,0.0,1e-10
2,stage4_performance_summary.n_days,PASS,408,408,0.0,1e-10
2,stage4_performance_summary.n_days,PASS,408,408,0.0,1e-10
2,stage4_performance_summary.n_days,PASS,408,408,0.0,1e-10
2,stage4_performance_summary.n_days,PASS,408,408,0.0,1e-10
2,stage4_performance_summary.n_contracts,FAIL,7805,7796,9.0,1e-10
2,stage4_performance_summary.n_contracts,FAIL,7805,7796,9.0,1e-10
2,stage4_performance_summary.n_contracts,FAIL,7362,7337,25.0,1e-10
2,stage4_performance_summary.n_contracts,FAIL,7362,7337,25.0,1e-10
2,stage4_performance_summary.n_contracts,FAIL,7637,7615,22.0,1e-10
2,stage4_performance_summary.n_contracts,FAIL,7637,7615,22.0,1e-10
2,stage4_performance_summary.n_distinct_contract_keys,FAIL,4753,4736,17.0,1e-10
2,stage4_performance_summary.n_distinct_contract_keys,FAIL,4753,4736,17.0,1e-10
2,stage4_performance_summary.n_distinct_contract_keys,FAIL,3710,3679,31.0,1e-10
2,stage4_performance_summary.n_distinct_contract_keys,FAIL,3710,3679,31.0,1e-10
2,stage4_performance_summary.n_distinct_contract_keys,FAIL,3770,3695,75.0,1e-10
2,stage4_performance_summary.n_distinct_contract_keys,FAIL,3770,3695,75.0,1e-10
2,stage4_performance_summary.median_daily_return,FAIL,-0.0102665419352208,-0.0095271733190035,0.0007393686162173,1e-10
2,stage4_performance_summary.median_daily_return,FAIL,-7.968250422257609e-05,0.0003271313879907,0.0004068138922132,1e-10
2,stage4_performance_summary.median_daily_return,FAIL,-0.0106631664856762,-0.0109473517905532,0.0002841853048769,1e-10
2,stage4_performance_summary.median_daily_return,FAIL,-0.0003924984670194,-0.0006569652864653,0.0002644668194458,1e-10
2,stage4_performance_summary.median_daily_return,FAIL,-0.0093900635930315,-0.0101334286317096,0.0007433650386781,1e-10
2,stage4_performance_summary.median_daily_return,FAIL,9.427257604593644e-05,-4.703212678755189e-05,0.0001413047028334,1e-10
2,stage4_performance_summary.daily_vol,FAIL,0.0345153840232907,0.0333833680243303,0.0011320159989604,1e-10
2,stage4_performance_summary.daily_vol,FAIL,0.034667105093791,0.0334951171204411,0.0011719879733499,1e-10
2,stage4_performance_summary.daily_vol,FAIL,0.0413051894005793,0.0425623305422543,0.001257141141675,1e-10
2,stage4_performance_summary.daily_vol,FAIL,0.040962580915129,0.0421614187992589,0.0011988378841299,1e-10
2,stage4_performance_summary.daily_vol,FAIL,0.0343200858113145,0.0345822269366329,0.0002621411253183,1e-10
2,stage4_performance_summary.daily_vol,FAIL,0.0340211122646259,0.0343579665187447,0.0003368542541187,1e-10
2,stage4_performance_summary.annualized_mean,FAIL,-2.904614018185752,-2.932426408559808,0.0278123903740561,1e-10
2,stage4_performance_summary.annualized_mean,FAIL,-0.287843159506486,-0.3713429074513362,0.0834997479448502,1e-10
2,stage4_performance_summary.annualized_mean,FAIL,-2.958547890204238,-2.9871462553171138,0.0285983651128756,1e-10
2,stage4_performance_summary.annualized_mean,FAIL,-0.1013267413964821,-0.137036110775728,0.0357093693792459,1e-10
2,stage4_performance_summary.annualized_mean,FAIL,-3.4996958037147854,-3.3835491773829007,0.1161466263318846,1e-10
2,stage4_performance_summary.annualized_mean,FAIL,-0.9346287553309346,-0.8004971272472782,0.1341316280836564,1e-10
2,stage4_performance_summary.annualized_vol,FAIL,0.5479147351891152,0.5299445383087432,0.0179701968803719,1e-10
2,stage4_performance_summary.annualized_vol,FAIL,0.5503232325162698,0.5317185002140148,0.018604732302255,1e-10
2,stage4_performance_summary.annualized_vol,FAIL,0.6556995540621245,0.6756560510048037,0.0199564969426792,1e-10
2,stage4_performance_summary.annualized_vol,FAIL,0.6502608129647528,0.6692917743868965,0.0190309614221436,1e-10
2,stage4_performance_summary.annualized_vol,FAIL,0.544814472186808,0.5489758335427791,0.0041613613559711,1e-10
2,stage4_performance_summary.annualized_vol,FAIL,0.5400684142680591,0.5454158097748927,0.0053473955068336,1e-10
2,stage4_performance_summary.annualized_sharpe,FAIL,-5.301215374657176,-5.533459063316906,0.2322436886597296,1e-10
2,stage4_performance_summary.annualized_sharpe,FAIL,-0.5230438086183764,-0.6983825225224853,0.1753387139041089,1e-10
2,stage4_performance_summary.annualized_sharpe,FAIL,-4.512048043765986,-4.421104866706621,0.0909431770593647,1e-10
2,stage4_performance_summary.annualized_sharpe,FAIL,-0.1558247696558865,-0.2047479380741826,0.048923168418296,1e-10
2,stage4_performance_summary.annualized_sharpe,FAIL,-6.42364691537562,-6.163384562025965,0.2602623533496553,1e-10
2,stage4_performance_summary.annualized_sharpe,FAIL,-1.7305747394940938,-1.4676822946838748,0.262892444810219,1e-10
2,stage4_performance_summary.cumulative_normalized_return,FAIL,-4.70270841039598,-4.747737994811118,0.045029584415138,1e-10
2,stage4_performance_summary.cumulative_normalized_return,FAIL,-0.4660317820581202,-0.6012218501593063,0.1351900681011861,1e-10
2,stage4_performance_summary.cumulative_normalized_return,FAIL,-4.790029917473529,-4.836332032418184,0.0463021149446554,1e-10
2,stage4_performance_summary.cumulative_normalized_return,FAIL,-0.1640528194038282,-0.2218679888749883,0.05781516947116,1e-10
2,stage4_performance_summary.cumulative_normalized_return,FAIL,-5.666174158395367,-5.478127239572316,0.1880469188230504,1e-10
2,stage4_performance_summary.cumulative_normalized_return,FAIL,-1.5132084610119894,-1.2960429679241647,0.2171654930878246,1e-10
2,stage4_performance_summary.compounded_normalized_return,FAIL,-0.993120033150424,-0.9933110500447552,0.0001910168943312,1e-10
2,stage4_performance_summary.compounded_normalized_return,FAIL,-0.5094476404463756,-0.564026285772997,0.0545786453266213,1e-10
2,stage4_performance_summary.compounded_normalized_return,FAIL,-0.9942832150273052,-0.9946650031221562,0.000381788094851,1e-10
2,stage4_performance_summary.compounded_normalized_return,FAIL,-0.3905317576817908,-0.4364105490628992,0.0458787913811084,1e-10
2,stage4_performance_summary.compounded_normalized_return,FAIL,-0.9974159336222516,-0.996878601462582,0.0005373321596695,1e-10
2,stage4_performance_summary.compounded_normalized_return,FAIL,-0.8276682590292087,-0.7862775717682026,0.0413906872610061,1e-10
2,stage4_performance_summary.positive_day_pct,FAIL,23.52941176470588,20.588235294117645,2.9411764705882355,1e-10
2,stage4_performance_summary.positive_day_pct,FAIL,49.75490196078432,50.24509803921568,0.490196078431353,1e-10
2,stage4_performance_summary.positive_day_pct,FAIL,23.52941176470588,23.2843137254902,0.24509803921568,1e-10
2,stage4_performance_summary.positive_day_pct,FAIL,48.52941176470589,47.794117647058826,0.7352941176470651,1e-10
2,stage4_performance_summary.positive_day_pct,FAIL,23.03921568627451,23.2843137254902,0.2450980392156907,1e-10
2,stage4_performance_summary.positive_day_pct,FAIL,50.24509803921568,50.0,0.2450980392156765,1e-10
2,stage4_performance_summary.max_drawdown,FAIL,-0.993120033150424,-0.9933110500447552,0.0001910168943312,1e-10
2,stage4_performance_summary.max_drawdown,FAIL,-0.6383683347146837,-0.7199650574280103,0.0815967227133266,1e-10
2,stage4_performance_summary.max_drawdown,FAIL,-0.9947837712785758,-0.9950376793641592,0.0002539080855834,1e-10
2,stage4_performance_summary.max_drawdown,FAIL,-0.7950293837292474,-0.7995965413830827,0.0045671576538353,1e-10
2,stage4_performance_summary.max_drawdown,FAIL,-0.9974159336222516,-0.996878601462582,0.0005373321596695,1e-10
2,stage4_performance_summary.max_drawdown,FAIL,-0.8323538026414575,-0.7914054188388724,0.0409483838025851,1e-10
2,stage4_performance_summary.worst_daily_return,FAIL,-0.2033709651772937,-0.2505802120898347,0.047209246912541,1e-10
2,stage4_performance_summary.worst_daily_return,FAIL,-0.194814741233734,-0.2421728659352422,0.0473581247015082,1e-10
2,stage4_performance_summary.worst_daily_return,FAIL,-0.1947671953184632,-0.1993400260271425,0.0045728307086792,1e-10
2,stage4_performance_summary.worst_daily_return,FAIL,-0.1753652563128114,-0.1798018151509538,0.0044365588381423,1e-10
2,stage4_performance_summary.worst_daily_return,FAIL,-0.1980104884415492,-0.1906044956714816,0.0074059927700675,1e-10
2,stage4_performance_summary.worst_daily_return,FAIL,-0.1896359169086441,-0.1823930749753657,0.0072428419332783,1e-10
2,stage4_performance_summary.best_daily_return,FAIL,0.2314581584102994,0.2857382945111088,0.0542801361008094,1e-10
2,stage4_performance_summary.best_daily_return,FAIL,0.2430633072875139,0.2959621705010397,0.0528988632135257,1e-10
2,stage4_performance_summary.best_daily_return,FAIL,0.2994323925044708,0.3093573654510232,0.0099249729465524,1e-10
2,stage4_performance_summary.best_daily_return,FAIL,0.3139625281816061,0.3244176740659618,0.0104551458843556,1e-10
2,stage4_performance_summary.best_daily_return,FAIL,0.1758951043273524,0.1632727513929424,0.0126223529344099,1e-10
2,stage4_performance_summary.best_daily_return,FAIL,0.1851363415030027,0.171891050067928,0.0132452914350747,1e-10
2,stage4_performance_summary.total_pnl,FAIL,-547.7389285714287,-603.9501388888889,56.2112103174602,1e-10
2,stage4_performance_summary.total_pnl,FAIL,-83.24112599206349,-95.78975694444438,12.54863095238089,1e-10
2,stage4_performance_summary.total_pnl,FAIL,-606.6025000000002,-602.1950000000002,4.407500000000027,1e-10
2,stage4_performance_summary.total_pnl,FAIL,-56.00750000000004,-56.93750000000002,0.9299999999999784,1e-10
2,stage4_performance_summary.total_pnl,FAIL,-775.69,-728.8775,46.8125,1e-10
2,stage4_performance_summary.total_pnl,FAIL,-141.59124999999997,-111.23749999999995,30.35375000000002,1e-10
2,stage4_performance_summary.mean_daily_return,FAIL,-0.0115262461039117,-0.0116366127323801,0.0001103666284683,1e-10
2,stage4_performance_summary.mean_daily_return,FAIL,-0.0011422347599463,-0.0014735829660767,0.0003313482061304,1e-10
2,stage4_performance_summary.mean_daily_return,FAIL,-0.0117402694055723,-0.0118537549814171,0.0001134855758447,1e-10
2,stage4_performance_summary.mean_daily_return,FAIL,-0.0004020902436368,-0.0005437940903798,0.000141703846743,1e-10
2,stage4_performance_summary.mean_daily_return,FAIL,-0.0138876817607729,-0.0134267824499321,0.0004608993108408,1e-10
2,stage4_performance_summary.mean_daily_return,FAIL,-0.0037088442671862,-0.0031765759017749,0.0005322683654113,1e-10
2,stage4_performance_summary.HAC_standard_error,FAIL,0.0017331460478563,0.0016837115031574,4.943454469890003e-05,1e-10
2,stage4_performance_summary.HAC_standard_error,FAIL,0.0017674391027424,0.0016807218285226,8.671727421980012e-05,1e-10
2,stage4_performance_summary.HAC_standard_error,FAIL,0.0021609936515097,0.0021752483083731,1.4254656863400049e-05,1e-10
2,stage4_performance_summary.HAC_standard_error,FAIL,0.0021847542463452,0.0021887552108463,4.000964501100178e-06,1e-10
2,stage4_performance_summary.HAC_standard_error,FAIL,0.0015423967055053,0.0016154179690384,7.302126353310001e-05,1e-10
2,stage4_performance_summary.HAC_standard_error,FAIL,0.0015823065395016,0.0016616748113904,7.936827188880012e-05,1e-10
2,stage4_performance_summary.HAC_t_stat,FAIL,-6.65047594700287,-6.91128658951248,0.2608106425096101,1e-10
2,stage4_performance_summary.HAC_t_stat,FAIL,-0.6462654120156283,-0.8767560110598343,0.230490599044206,1e-10
2,stage4_performance_summary.HAC_t_stat,FAIL,-5.432810687514207,-5.44938016307774,0.016569475563533,1e-10
2,stage4_performance_summary.HAC_t_stat,FAIL,-0.1840436947585611,-0.2484490214735324,0.0644053267149712,1e-10
2,stage4_performance_summary.HAC_t_stat,FAIL,-9.003962282338456,-8.311646092388472,0.6923161899499846,1e-10
2,stage4_performance_summary.HAC_t_stat,FAIL,-2.3439480117136107,-1.9116712126826465,0.4322767990309641,1e-10
2,stage4_performance_summary.HAC_p_value,PASS,2.9214674386641504e-11,4.802776500627081e-12,2.4411897886014418e-11,1e-10
2,stage4_performance_summary.HAC_p_value,FAIL,0.5181074837050296,0.3806191766868207,0.1374883070182088,1e-10
2,stage4_performance_summary.HAC_p_value,FAIL,5.54732516029005e-08,5.054566724755608e-08,4.927584355344426e-09,1e-10
2,stage4_performance_summary.HAC_p_value,FAIL,0.8539791768867383,0.803787008611118,0.0501921682756203,1e-10
2,stage4_performance_summary.HAC_p_value,PASS,2.1771496785926955e-19,9.4383556692774e-17,9.416584172491472e-17,1e-10
2,stage4_performance_summary.HAC_p_value,FAIL,0.0190808308495616,0.0559183789412358,0.0368375480916742,1e-10
2,stage4_performance_summary.HAC_lag,PASS,5,5,0.0,1e-10
2,stage4_performance_summary.HAC_lag,PASS,5,5,0.0,1e-10
2,stage4_performance_summary.HAC_lag,PASS,5,5,0.0,1e-10
2,stage4_performance_summary.HAC_lag,PASS,5,5,0.0,1e-10
2,stage4_performance_summary.HAC_lag,PASS,5,5,0.0,1e-10
2,stage4_performance_summary.HAC_lag,PASS,5,5,0.0,1e-10
2,stage4_performance_summary.n_inference_dates,PASS,408,408,0.0,1e-10
2,stage4_performance_summary.n_inference_dates,PASS,408,408,0.0,1e-10
2,stage4_performance_summary.n_inference_dates,PASS,408,408,0.0,1e-10
2,stage4_performance_summary.n_inference_dates,PASS,408,408,0.0,1e-10
2,stage4_performance_summary.n_inference_dates,PASS,408,408,0.0,1e-10
2,stage4_performance_summary.n_inference_dates,PASS,408,408,0.0,1e-10
2,stage4_performance_summary.bootstrap_mean_CI_low,FAIL,-0.0148532714462744,-0.0150000746543081,0.0001468032080336,1e-10
2,stage4_performance_summary.bootstrap_mean_CI_low,FAIL,-0.0045521947566767,-0.004819889666357,0.0002676949096802,1e-10
2,stage4_performance_summary.bootstrap_mean_CI_low,FAIL,-0.0160115965881815,-0.0160711601856342,5.956359745270048e-05,1e-10
2,stage4_performance_summary.bootstrap_mean_CI_low,FAIL,-0.0046861337203826,-0.0047108747501943,2.4741029811699983e-05,1e-10
2,stage4_performance_summary.bootstrap_mean_CI_low,FAIL,-0.01705349993445,-0.0166525497662697,0.0004009501681803,1e-10
2,stage4_performance_summary.bootstrap_mean_CI_low,FAIL,-0.0069410460960764,-0.0065045793580342,0.0004364667380421,1e-10
2,stage4_performance_summary.bootstrap_mean_CI_high,FAIL,-0.0082105427654575,-0.0083470328000023,0.0001364900345447,1e-10
2,stage4_performance_summary.bootstrap_mean_CI_high,FAIL,0.0021477882861361,0.0018573230051641,0.0002904652809719,1e-10
2,stage4_performance_summary.bootstrap_mean_CI_high,FAIL,-0.0074406706613395,-0.0074691313277107,2.8460666371200524e-05,1e-10
2,stage4_performance_summary.bootstrap_mean_CI_high,FAIL,0.0039250721895188,0.0038714026049481,5.3669584570699685e-05,1e-10
2,stage4_performance_summary.bootstrap_mean_CI_high,FAIL,-0.0108252791836724,-0.0102349912146475,0.0005902879690249,1e-10
2,stage4_performance_summary.bootstrap_mean_CI_high,FAIL,-0.0005895725792146,0.0001019749217904,0.000691547501005,1e-10
2,stage4_performance_summary.bootstrap_sharpe_CI_low,FAIL,-7.384043532451844,-7.876756656541075,0.4927131240892315,1e-10
2,stage4_performance_summary.bootstrap_sharpe_CI_low,FAIL,-2.199486284707804,-2.358453045177415,0.1589667604696112,1e-10
2,stage4_performance_summary.bootstrap_sharpe_CI_low,FAIL,-6.796345809206319,-6.610860137059808,0.1854856721465116,1e-10
2,stage4_performance_summary.bootstrap_sharpe_CI_low,FAIL,-1.9584606439327497,-1.9177759312227816,0.040684712709968,1e-10
2,stage4_performance_summary.bootstrap_sharpe_CI_low,FAIL,-8.200693459777053,-8.037656037448954,0.1630374223280988,1e-10
2,stage4_performance_summary.bootstrap_sharpe_CI_low,FAIL,-3.2392266919343053,-3.0554396054519084,0.1837870864823969,1e-10
2,stage4_performance_summary.bootstrap_sharpe_CI_high,FAIL,-3.555532877114329,-3.6091869535662857,0.0536540764519566,1e-10
2,stage4_performance_summary.bootstrap_sharpe_CI_high,FAIL,0.972509301026872,0.8510053225674888,0.1215039784593832,1e-10
2,stage4_performance_summary.bootstrap_sharpe_CI_high,FAIL,-2.6388557899720846,-2.5774174938018826,0.061438296170202,1e-10
2,stage4_performance_summary.bootstrap_sharpe_CI_high,FAIL,1.4410398097745312,1.381434003001088,0.059605806773443,1e-10
2,stage4_performance_summary.bootstrap_sharpe_CI_high,FAIL,-4.835555900972588,-4.500568164704942,0.3349877362676468,1e-10
2,stage4_performance_summary.bootstrap_sharpe_CI_high,FAIL,-0.274541535729606,0.0442333052639597,0.3187748409935657,1e-10
2,stage4_performance_summary.bootstrap_block_length,PASS,5,5,0.0,1e-10
2,stage4_performance_summary.bootstrap_block_length,PASS,5,5,0.0,1e-10
2,stage4_performance_summary.bootstrap_block_length,PASS,5,5,0.0,1e-10
2,stage4_performance_summary.bootstrap_block_length,PASS,5,5,0.0,1e-10
2,stage4_performance_summary.bootstrap_block_length,PASS,5,5,0.0,1e-10
2,stage4_performance_summary.bootstrap_block_length,PASS,5,5,0.0,1e-10
2,stage4_performance_summary.bootstrap_repetitions,PASS,4000,4000,0.0,1e-10
2,stage4_performance_summary.bootstrap_repetitions,PASS,4000,4000,0.0,1e-10
2,stage4_performance_summary.bootstrap_repetitions,PASS,4000,4000,0.0,1e-10
2,stage4_performance_summary.bootstrap_repetitions,PASS,4000,4000,0.0,1e-10
2,stage4_performance_summary.bootstrap_repetitions,PASS,4000,4000,0.0,1e-10
2,stage4_performance_summary.bootstrap_repetitions,PASS,4000,4000,0.0,1e-10
2,stage4_performance_summary.bootstrap_seed,PASS,42,42,0.0,1e-10
2,stage4_performance_summary.bootstrap_seed,PASS,42,42,0.0,1e-10
2,stage4_performance_summary.bootstrap_seed,PASS,42,42,0.0,1e-10
2,stage4_performance_summary.bootstrap_seed,PASS,42,42,0.0,1e-10
2,stage4_performance_summary.bootstrap_seed,PASS,42,42,0.0,1e-10
2,stage4_performance_summary.bootstrap_seed,PASS,42,42,0.0,1e-10
2,stage5_performance_summary.row_keys,PASS,24,24,0.0,0.0
2,stage5_performance_summary.n_days,PASS,408,408,0.0,1e-10
2,stage5_performance_summary.n_days,PASS,408,408,0.0,1e-10
2,stage5_performance_summary.n_days,PASS,408,408,0.0,1e-10
2,stage5_performance_summary.n_days,PASS,408,408,0.0,1e-10
2,stage5_performance_summary.n_days,PASS,408,408,0.0,1e-10
2,stage5_performance_summary.n_days,PASS,408,408,0.0,1e-10
2,stage5_performance_summary.n_days,PASS,408,408,0.0,1e-10
2,stage5_performance_summary.n_days,PASS,408,408,0.0,1e-10
2,stage5_performance_summary.n_days,PASS,408,408,0.0,1e-10
2,stage5_performance_summary.n_days,PASS,408,408,0.0,1e-10
2,stage5_performance_summary.n_days,PASS,408,408,0.0,1e-10
2,stage5_performance_summary.n_days,PASS,408,408,0.0,1e-10
2,stage5_performance_summary.n_days,PASS,408,408,0.0,1e-10
2,stage5_performance_summary.n_days,PASS,408,408,0.0,1e-10
2,stage5_performance_summary.n_days,PASS,408,408,0.0,1e-10
2,stage5_performance_summary.n_days,PASS,408,408,0.0,1e-10
2,stage5_performance_summary.n_days,PASS,408,408,0.0,1e-10
2,stage5_performance_summary.n_days,PASS,408,408,0.0,1e-10
2,stage5_performance_summary.n_days,PASS,408,408,0.0,1e-10
2,stage5_performance_summary.n_days,PASS,408,408,0.0,1e-10
2,stage5_performance_summary.n_days,PASS,408,408,0.0,1e-10
2,stage5_performance_summary.n_days,PASS,408,408,0.0,1e-10
2,stage5_performance_summary.n_days,PASS,408,408,0.0,1e-10
2,stage5_performance_summary.n_days,PASS,408,408,0.0,1e-10
2,stage5_performance_summary.n_contracts,FAIL,7805,7796,9.0,1e-10
2,stage5_performance_summary.n_contracts,FAIL,7805,7796,9.0,1e-10
2,stage5_performance_summary.n_contracts,FAIL,7805,7796,9.0,1e-10
2,stage5_performance_summary.n_contracts,FAIL,7805,7796,9.0,1e-10
2,stage5_performance_summary.n_contracts,FAIL,7805,7796,9.0,1e-10
2,stage5_performance_summary.n_contracts,FAIL,7805,7796,9.0,1e-10
2,stage5_performance_summary.n_contracts,FAIL,7805,7796,9.0,1e-10
2,stage5_performance_summary.n_contracts,FAIL,7805,7796,9.0,1e-10
2,stage5_performance_summary.n_contracts,FAIL,7362,7337,25.0,1e-10
2,stage5_performance_summary.n_contracts,FAIL,7362,7337,25.0,1e-10
2,stage5_performance_summary.n_contracts,FAIL,7362,7337,25.0,1e-10
2,stage5_performance_summary.n_contracts,FAIL,7362,7337,25.0,1e-10
2,stage5_performance_summary.n_contracts,FAIL,7362,7337,25.0,1e-10
2,stage5_performance_summary.n_contracts,FAIL,7362,7337,25.0,1e-10
2,stage5_performance_summary.n_contracts,FAIL,7362,7337,25.0,1e-10
2,stage5_performance_summary.n_contracts,FAIL,7362,7337,25.0,1e-10
2,stage5_performance_summary.n_contracts,FAIL,7637,7615,22.0,1e-10
2,stage5_performance_summary.n_contracts,FAIL,7637,7615,22.0,1e-10
2,stage5_performance_summary.n_contracts,FAIL,7637,7615,22.0,1e-10
2,stage5_performance_summary.n_contracts,FAIL,7637,7615,22.0,1e-10
2,stage5_performance_summary.n_contracts,FAIL,7637,7615,22.0,1e-10
2,stage5_performance_summary.n_contracts,FAIL,7637,7615,22.0,1e-10
2,stage5_performance_summary.n_contracts,FAIL,7637,7615,22.0,1e-10
2,stage5_performance_summary.n_contracts,FAIL,7637,7615,22.0,1e-10
2,stage5_performance_summary.unavailable_day_pct,PASS,0.0,0.0,0.0,1e-10
2,stage5_performance_summary.unavailable_day_pct,PASS,0.0,0.0,0.0,1e-10
2,stage5_performance_summary.unavailable_day_pct,PASS,0.0,0.0,0.0,1e-10
2,stage5_performance_summary.unavailable_day_pct,PASS,0.0,0.0,0.0,1e-10
2,stage5_performance_summary.unavailable_day_pct,PASS,0.0,0.0,0.0,1e-10
2,stage5_performance_summary.unavailable_day_pct,PASS,0.0,0.0,0.0,1e-10
2,stage5_performance_summary.unavailable_day_pct,PASS,0.0,0.0,0.0,1e-10
2,stage5_performance_summary.unavailable_day_pct,PASS,0.0,0.0,0.0,1e-10
2,stage5_performance_summary.unavailable_day_pct,PASS,0.0,0.0,0.0,1e-10
2,stage5_performance_summary.unavailable_day_pct,PASS,0.0,0.0,0.0,1e-10
2,stage5_performance_summary.unavailable_day_pct,PASS,0.0,0.0,0.0,1e-10
2,stage5_performance_summary.unavailable_day_pct,PASS,0.0,0.0,0.0,1e-10
2,stage5_performance_summary.unavailable_day_pct,PASS,0.0,0.0,0.0,1e-10
2,stage5_performance_summary.unavailable_day_pct,PASS,0.0,0.0,0.0,1e-10
2,stage5_performance_summary.unavailable_day_pct,PASS,0.0,0.0,0.0,1e-10
2,stage5_performance_summary.unavailable_day_pct,PASS,0.0,0.0,0.0,1e-10
2,stage5_performance_summary.unavailable_day_pct,PASS,0.0,0.0,0.0,1e-10
2,stage5_performance_summary.unavailable_day_pct,PASS,0.0,0.0,0.0,1e-10
2,stage5_performance_summary.unavailable_day_pct,PASS,0.0,0.0,0.0,1e-10
2,stage5_performance_summary.unavailable_day_pct,PASS,0.0,0.0,0.0,1e-10
2,stage5_performance_summary.unavailable_day_pct,PASS,0.0,0.0,0.0,1e-10
2,stage5_performance_summary.unavailable_day_pct,PASS,0.0,0.0,0.0,1e-10
2,stage5_performance_summary.unavailable_day_pct,PASS,0.0,0.0,0.0,1e-10
2,stage5_performance_summary.unavailable_day_pct,PASS,0.0,0.0,0.0,1e-10
2,stage5_performance_summary.median_daily_return,FAIL,-0.0095021226030908,-0.0092081636885693,0.0002939589145214,1e-10
2,stage5_performance_summary.median_daily_return,FAIL,0.0003226228465875,0.0004087281394939,8.610529290640004e-05,1e-10
2,stage5_performance_summary.median_daily_return,FAIL,-0.0102665419352208,-0.0095271733190035,0.0007393686162173,1e-10
2,stage5_performance_summary.median_daily_return,FAIL,-7.968250422257609e-05,0.0003271313879907,0.0004068138922132,1e-10
2,stage5_performance_summary.median_daily_return,FAIL,-0.0106979484367699,-0.0092199502104462,0.0014779982263237,1e-10
2,stage5_performance_summary.median_daily_return,FAIL,-0.0011693656800842,-0.0001083724571828,0.0010609932229014,1e-10
2,stage5_performance_summary.median_daily_return,FAIL,-0.0098406829443255,-0.0092231956325538,0.0006174873117717,1e-10
2,stage5_performance_summary.median_daily_return,FAIL,0.0002505473622991,0.0001727714330314,7.777592926770001e-05,1e-10
2,stage5_performance_summary.median_daily_return,PASS,-0.01012273569807,-0.01012273569807,0.0,1e-10
2,stage5_performance_summary.median_daily_return,FAIL,-0.0001219820589183,-0.0001693812815391,4.7399222620799993e-05,1e-10
2,stage5_performance_summary.median_daily_return,FAIL,-0.0106631664856762,-0.0109473517905532,0.0002841853048769,1e-10
2,stage5_performance_summary.median_daily_return,FAIL,-0.0003924984670194,-0.0006569652864653,0.0002644668194458,1e-10
2,stage5_performance_summary.median_daily_return,FAIL,-0.0116498318196707,-0.0113682412250801,0.0002815905945906,1e-10
2,stage5_performance_summary.median_daily_return,FAIL,-0.0005226156711022,-0.0002795493196286,0.0002430663514736,1e-10
2,stage5_performance_summary.median_daily_return,FAIL,-0.010568995131271,-0.0105140475795946,5.494755167640038e-05,1e-10
2,stage5_performance_summary.median_daily_return,FAIL,-0.0001979476762313,-0.0002657472490362,6.779957280490001e-05,1e-10
2,stage5_performance_summary.median_daily_return,FAIL,-0.0095443754188977,-0.0096796303028253,0.0001352548839275,1e-10
2,stage5_performance_summary.median_daily_return,FAIL,-3.086436567405528e-05,6.964532335921073e-05,0.0001005096890332,1e-10
2,stage5_performance_summary.median_daily_return,FAIL,-0.0093900635930315,-0.0101334286317096,0.0007433650386781,1e-10
2,stage5_performance_summary.median_daily_return,FAIL,9.427257604593644e-05,-4.703212678755189e-05,0.0001413047028334,1e-10
2,stage5_performance_summary.median_daily_return,FAIL,-0.0095307709229754,-0.0101694182598253,0.0006386473368498,1e-10
2,stage5_performance_summary.median_daily_return,FAIL,4.365315254273948e-06,1.3214808943971283e-06,3.04383435987682e-06,1e-10
2,stage5_performance_summary.median_daily_return,FAIL,-0.0100196393829867,-0.0099114940696115,0.0001081453133751,1e-10
2,stage5_performance_summary.median_daily_return,FAIL,-0.0001459242277693,-0.0001616778407472,1.5753612977900016e-05,1e-10
2,stage5_performance_summary.daily_vol,FAIL,0.0075907499945431,0.0058576353660713,0.0017331146284717,1e-10
2,stage5_performance_summary.daily_vol,FAIL,0.0068200757431836,0.0044979511730929,0.0023221245700906,1e-10
2,stage5_performance_summary.daily_vol,FAIL,0.0345153840232907,0.0333833680243303,0.0011320159989604,1e-10
2,stage5_performance_summary.daily_vol,FAIL,0.034667105093791,0.0334951171204411,0.0011719879733499,1e-10
2,stage5_performance_summary.daily_vol,FAIL,0.0350658194669131,0.0353152775772514,0.0002494581103383,1e-10
2,stage5_performance_summary.daily_vol,FAIL,0.0355264451072769,0.0355561438685872,2.9698761310301136e-05,1e-10
2,stage5_performance_summary.daily_vol,FAIL,0.0070954169687245,0.0058276598431612,0.0012677571255632,1e-10
2,stage5_performance_summary.daily_vol,FAIL,0.0062084909368776,0.0045398275973004,0.0016686633395772,1e-10
2,stage5_performance_summary.daily_vol,FAIL,0.0088352500336907,0.0090894597433762,0.0002542097096854,1e-10
2,stage5_performance_summary.daily_vol,FAIL,0.0080790894403022,0.0084062989085054,0.0003272094682032,1e-10
2,stage5_performance_summary.daily_vol,FAIL,0.0413051894005793,0.0425623305422543,0.001257141141675,1e-10
2,stage5_performance_summary.daily_vol,FAIL,0.040962580915129,0.0421614187992589,0.0011988378841299,1e-10
2,stage5_performance_summary.daily_vol,FAIL,0.0415878729906334,0.0427084568752612,0.0011205838846278,1e-10
2,stage5_performance_summary.daily_vol,FAIL,0.0412596906195891,0.042378052912353,0.0011183622927639,1e-10
2,stage5_performance_summary.daily_vol,FAIL,0.008656811883248,0.0087395437079233,8.273182467530109e-05,1e-10
2,stage5_performance_summary.daily_vol,FAIL,0.0073935062961587,0.0073934985728434,7.723315299801303e-09,1e-10
2,stage5_performance_summary.daily_vol,FAIL,0.004855368590369,0.0049195263878348,6.415779746580044e-05,1e-10
2,stage5_performance_summary.daily_vol,FAIL,0.0038380783541277,0.0038841325582902,4.605420416250008e-05,1e-10
2,stage5_performance_summary.daily_vol,FAIL,0.0343200858113145,0.0345822269366329,0.0002621411253183,1e-10
2,stage5_performance_summary.daily_vol,FAIL,0.0340211122646259,0.0343579665187447,0.0003368542541187,1e-10
2,stage5_performance_summary.daily_vol,FAIL,0.0341565956936215,0.0344378246068944,0.0002812289132729,1e-10
2,stage5_performance_summary.daily_vol,FAIL,0.033879314655484,0.0342244224108667,0.0003451077553826,1e-10
2,stage5_performance_summary.daily_vol,FAIL,0.0044939740666432,0.0045106779586177,1.6703891974500194e-05,1e-10
2,stage5_performance_summary.daily_vol,FAIL,0.0035459177297187,0.0035463141077632,3.963780444999482e-07,1e-10
2,stage5_performance_summary.annualized_sharpe,FAIL,-20.961191405756487,-26.951904645879942,5.990713240123455,1e-10
2,stage5_performance_summary.annualized_sharpe,FAIL,0.8471439841038585,0.7669049481989836,0.0802390359048749,1e-10
2,stage5_performance_summary.annualized_sharpe,FAIL,-5.301215374657176,-5.533459063316906,0.2322436886597296,1e-10
2,stage5_performance_summary.annualized_sharpe,FAIL,-0.5230438086183764,-0.6983825225224853,0.1753387139041089,1e-10
2,stage5_performance_summary.annualized_sharpe,FAIL,-4.665486266519588,-4.752140092858538,0.0866538263389493,1e-10
2,stage5_performance_summary.annualized_sharpe,FAIL,0.1703786043751271,-0.1424723927796156,0.3128509971547427,1e-10
2,stage5_performance_summary.annualized_sharpe,FAIL,-23.18710774532797,-26.825733438517823,3.638625693189852,1e-10
2,stage5_performance_summary.annualized_sharpe,FAIL,0.8237252378671709,1.4086287003748952,0.5849034625077243,1e-10
2,stage5_performance_summary.annualized_sharpe,FAIL,-20.047912846478766,-19.386532412071887,0.6613804344068797,1e-10
2,stage5_performance_summary.annualized_sharpe,FAIL,0.3480551062804302,0.3875810303082337,0.0395259240278035,1e-10
2,stage5_performance_summary.annualized_sharpe,FAIL,-4.512048043765986,-4.421104866706621,0.0909431770593647,1e-10
2,stage5_performance_summary.annualized_sharpe,FAIL,-0.1558247696558865,-0.2047479380741826,0.048923168418296,1e-10
2,stage5_performance_summary.annualized_sharpe,FAIL,-4.7174288870815015,-4.57103557810729,0.1463933089742113,1e-10
2,stage5_performance_summary.annualized_sharpe,FAIL,-0.2673029625091869,-0.2196073628648533,0.0476955996443335,1e-10
2,stage5_performance_summary.annualized_sharpe,FAIL,-21.838241922798986,-21.7916629359688,0.046578986830184,1e-10
2,stage5_performance_summary.annualized_sharpe,FAIL,-0.5185242131551437,-0.60812483492364,0.0896006217684962,1e-10
2,stage5_performance_summary.annualized_sharpe,FAIL,-33.254167929209395,-32.678730197434724,0.5754377317746702,1e-10
2,stage5_performance_summary.annualized_sharpe,FAIL,0.0102705884124171,0.4783849283727933,0.4681143399603761,1e-10
2,stage5_performance_summary.annualized_sharpe,FAIL,-6.42364691537562,-6.163384562025965,0.2602623533496553,1e-10
2,stage5_performance_summary.annualized_sharpe,FAIL,-1.7305747394940938,-1.4676822946838748,0.262892444810219,1e-10
2,stage5_performance_summary.annualized_sharpe,FAIL,-6.454042807988583,-6.174798327296807,0.2792444806917755,1e-10
2,stage5_performance_summary.annualized_sharpe,FAIL,-1.6901811081368805,-1.4091274628010508,0.2810536453358296,1e-10
2,stage5_performance_summary.annualized_sharpe,FAIL,-36.67758729215743,-36.57698347223392,0.1006038199235135,1e-10
2,stage5_performance_summary.annualized_sharpe,FAIL,-0.4718394504768654,-0.1696974151217828,0.3021420353550825,1e-10
2,stage5_performance_summary.positive_day_pct,FAIL,4.65686274509804,2.450980392156863,2.205882352941177,1e-10
2,stage5_performance_summary.positive_day_pct,FAIL,54.41176470588235,56.61764705882353,2.205882352941181,1e-10
2,stage5_performance_summary.positive_day_pct,FAIL,23.52941176470588,20.588235294117645,2.9411764705882355,1e-10
2,stage5_performance_summary.positive_day_pct,FAIL,49.75490196078432,50.24509803921568,0.490196078431353,1e-10
2,stage5_performance_summary.positive_day_pct,FAIL,22.54901960784314,21.07843137254902,1.4705882352941195,1e-10
2,stage5_performance_summary.positive_day_pct,FAIL,45.09803921568628,49.50980392156863,4.411764705882355,1e-10
2,stage5_performance_summary.positive_day_pct,FAIL,3.431372549019608,2.2058823529411766,1.2254901960784317,1e-10
2,stage5_performance_summary.positive_day_pct,FAIL,53.67647058823529,53.431372549019606,0.2450980392156836,1e-10
2,stage5_performance_summary.positive_day_pct,FAIL,3.6764705882352944,4.166666666666666,0.4901960784313717,1e-10
2,stage5_performance_summary.positive_day_pct,FAIL,48.28431372549019,47.549019607843135,0.735294117647058,1e-10
2,stage5_performance_summary.positive_day_pct,FAIL,23.52941176470588,23.2843137254902,0.24509803921568,1e-10
2,stage5_performance_summary.positive_day_pct,FAIL,48.52941176470589,47.794117647058826,0.7352941176470651,1e-10
2,stage5_performance_summary.positive_day_pct,FAIL,22.794117647058822,21.81372549019608,0.9803921568627416,1e-10
2,stage5_performance_summary.positive_day_pct,FAIL,47.05882352941176,48.03921568627451,0.9803921568627488,1e-10
2,stage5_performance_summary.positive_day_pct,PASS,1.715686274509804,1.715686274509804,0.0,1e-10
2,stage5_performance_summary.positive_day_pct,FAIL,46.32352941176471,47.30392156862745,0.9803921568627416,1e-10
2,stage5_performance_summary.positive_day_pct,PASS,1.4705882352941175,1.4705882352941175,0.0,1e-10
2,stage5_performance_summary.positive_day_pct,FAIL,49.01960784313725,51.225490196078425,2.205882352941174,1e-10
2,stage5_performance_summary.positive_day_pct,FAIL,23.03921568627451,23.2843137254902,0.2450980392156907,1e-10
2,stage5_performance_summary.positive_day_pct,FAIL,50.24509803921568,50.0,0.2450980392156765,1e-10
2,stage5_performance_summary.positive_day_pct,FAIL,21.568627450980397,22.30392156862745,0.7352941176470544,1e-10
2,stage5_performance_summary.positive_day_pct,PASS,50.0,50.0,0.0,1e-10
2,stage5_performance_summary.positive_day_pct,PASS,0.7352941176470588,0.7352941176470588,0.0,1e-10
2,stage5_performance_summary.positive_day_pct,FAIL,45.34313725490196,45.588235294117645,0.2450980392156836,1e-10
2,stage5_performance_summary.cumulative_arithmetic_normalized_return,FAIL,-4.089408961482926,-4.057622945890233,0.0317860155926927,1e-10
2,stage5_performance_summary.cumulative_arithmetic_normalized_return,FAIL,0.148493116367737,0.0886576405705255,0.0598354757972114,1e-10
2,stage5_performance_summary.cumulative_arithmetic_normalized_return,FAIL,-4.70270841039598,-4.747737994811118,0.045029584415138,1e-10
2,stage5_performance_summary.cumulative_arithmetic_normalized_return,FAIL,-0.4660317820581202,-0.6012218501593063,0.1351900681011861,1e-10
2,stage5_performance_summary.cumulative_arithmetic_normalized_return,FAIL,-4.204756015987407,-4.313320723650117,0.10856470766271,1e-10
2,stage5_performance_summary.cumulative_arithmetic_normalized_return,FAIL,0.1555703045528966,-0.130198285612723,0.2857685901656196,1e-10
2,stage5_performance_summary.cumulative_arithmetic_normalized_return,FAIL,-4.228481112468538,-4.017960767176684,0.2105203452918536,1e-10
2,stage5_performance_summary.cumulative_arithmetic_normalized_return,FAIL,0.1314402318775837,0.1643598688458005,0.0329196369682168,1e-10
2,stage5_performance_summary.cumulative_arithmetic_normalized_return,FAIL,-4.552478492586873,-4.5289559727952,0.0235225197916735,1e-10
2,stage5_performance_summary.cumulative_arithmetic_normalized_return,FAIL,0.0722720407992606,0.0837388965969764,0.0114668557977158,1e-10
2,stage5_performance_summary.cumulative_arithmetic_normalized_return,FAIL,-4.790029917473529,-4.836332032418184,0.0463021149446554,1e-10
2,stage5_performance_summary.cumulative_arithmetic_normalized_return,FAIL,-0.1640528194038282,-0.2218679888749883,0.05781516947116,1e-10
2,stage5_performance_summary.cumulative_arithmetic_normalized_return,FAIL,-5.042338112162081,-5.017511473266263,0.024826638895818,1e-10
2,stage5_performance_summary.cumulative_arithmetic_normalized_return,FAIL,-0.2834585961394021,-0.2391926268756279,0.0442659692637742,1e-10
2,stage5_performance_summary.cumulative_arithmetic_normalized_return,FAIL,-4.858872976807268,-4.894845903790131,0.035972926982863,1e-10
2,stage5_performance_summary.cumulative_arithmetic_normalized_return,FAIL,-0.0985324725221016,-0.1155586942209782,0.0170262216988766,1e-10
2,stage5_performance_summary.cumulative_arithmetic_normalized_return,FAIL,-4.1498097124712,-4.131886277494456,0.017923434976744,1e-10
2,stage5_performance_summary.cumulative_arithmetic_normalized_return,FAIL,0.0010131390495924,0.0477563827780737,0.0467432437284813,1e-10
2,stage5_performance_summary.cumulative_arithmetic_normalized_return,FAIL,-5.666174158395367,-5.478127239572316,0.1880469188230504,1e-10
2,stage5_performance_summary.cumulative_arithmetic_normalized_return,FAIL,-1.5132084610119894,-1.2960429679241647,0.2171654930878246,1e-10
2,stage5_performance_summary.cumulative_arithmetic_normalized_return,FAIL,-5.665866187223026,-5.465355046961056,0.2005111402619697,1e-10
2,stage5_performance_summary.cumulative_arithmetic_normalized_return,FAIL,-1.471728676710455,-1.2394993382356312,0.2322293384748237,1e-10
2,stage5_performance_summary.cumulative_arithmetic_normalized_return,FAIL,-4.236343956119578,-4.240427090280448,0.0040831341608704,1e-10
2,stage5_performance_summary.cumulative_arithmetic_normalized_return,FAIL,-0.043001420008759,-0.0154672220193486,0.0275341979894103,1e-10
2,stage5_performance_summary.max_drawdown,FAIL,-0.9837896942678892,-0.9831785454449282,0.0006111488229609,1e-10
2,stage5_performance_summary.max_drawdown,FAIL,-0.06350092021574,-0.0475554232991797,0.0159454969165602,1e-10
2,stage5_performance_summary.max_drawdown,FAIL,-0.993120033150424,-0.9933110500447552,0.0001910168943312,1e-10
2,stage5_performance_summary.max_drawdown,FAIL,-0.6383683347146837,-0.7199650574280103,0.0815967227133266,1e-10
2,stage5_performance_summary.max_drawdown,FAIL,-0.9886298216064092,-0.990207652712621,0.0015778311062117,1e-10
2,stage5_performance_summary.max_drawdown,FAIL,-0.4662343907901209,-0.5914111928596137,0.1251768020694928,1e-10
2,stage5_performance_summary.max_drawdown,FAIL,-0.9858927195063162,-0.9824897421523902,0.003402977353926,1e-10
2,stage5_performance_summary.max_drawdown,FAIL,-0.0599892402264322,-0.0416308558655459,0.0183583843608863,1e-10
2,stage5_performance_summary.max_drawdown,FAIL,-0.9898904894508698,-0.9896567221641688,0.0002337672867009,1e-10
2,stage5_performance_summary.max_drawdown,FAIL,-0.1694611463624633,-0.1672867022129847,0.0021744441494785,1e-10
2,stage5_performance_summary.max_drawdown,FAIL,-0.9947837712785758,-0.9950376793641592,0.0002539080855834,1e-10
2,stage5_performance_summary.max_drawdown,FAIL,-0.7950293837292474,-0.7995965413830827,0.0045671576538353,1e-10
2,stage5_performance_summary.max_drawdown,FAIL,-0.995977611073886,-0.9959199329994126,5.767807447343287e-05,1e-10
2,stage5_performance_summary.max_drawdown,FAIL,-0.8011916149958178,-0.7817342004754403,0.0194574145203775,1e-10
2,stage5_performance_summary.max_drawdown,FAIL,-0.992580709068375,-0.9928482943694308,0.0002675853010557,1e-10
2,stage5_performance_summary.max_drawdown,FAIL,-0.2100389927252434,-0.2086118444627878,0.0014271482624556,1e-10
2,stage5_performance_summary.max_drawdown,FAIL,-0.984639635293636,-0.9843609862442484,0.0002786490493875,1e-10
2,stage5_performance_summary.max_drawdown,FAIL,-0.137509753066036,-0.1248004992885059,0.0127092537775301,1e-10
2,stage5_performance_summary.max_drawdown,FAIL,-0.9974159336222516,-0.996878601462582,0.0005373321596695,1e-10
2,stage5_performance_summary.max_drawdown,FAIL,-0.8323538026414575,-0.7914054188388724,0.0409483838025851,1e-10
2,stage5_performance_summary.max_drawdown,FAIL,-0.9974091199640868,-0.9968320800346272,0.0005770399294595,1e-10
2,stage5_performance_summary.max_drawdown,FAIL,-0.8257720979447982,-0.7796427373808221,0.046129360563976,1e-10
2,stage5_performance_summary.max_drawdown,FAIL,-0.9859157174987574,-0.9859741591199748,5.844162121737551e-05,1e-10
2,stage5_performance_summary.max_drawdown,FAIL,-0.0969327444678456,-0.0956533052871468,0.0012794391806987,1e-10
2,stage5_performance_summary.total_pnl,FAIL,-464.3174511924917,-503.40975113271566,39.09229994022394,1e-10
2,stage5_performance_summary.total_pnl,FAIL,0.1803513868734318,4.7506308117288825,4.570279424855451,1e-10
2,stage5_performance_summary.total_pnl,FAIL,-547.7389285714287,-603.9501388888889,56.2112103174602,1e-10
2,stage5_performance_summary.total_pnl,FAIL,-83.24112599206349,-95.78975694444438,12.54863095238089,1e-10
2,stage5_performance_summary.total_pnl,FAIL,-407.8785109815903,-492.6737977142943,84.79528673270403,1e-10
2,stage5_performance_summary.total_pnl,FAIL,-45.10363330483355,-68.00745498161939,22.90382167678584,1e-10
2,stage5_performance_summary.total_pnl,FAIL,-359.64970701737843,-416.4984934340838,56.848786416705366,1e-10
2,stage5_performance_summary.total_pnl,FAIL,3.125170659378319,8.167849298591188,5.042678639212869,1e-10
2,stage5_performance_summary.total_pnl,FAIL,-542.5228063336618,-538.0961066754924,4.426699658169468,1e-10
2,stage5_performance_summary.total_pnl,FAIL,8.072193666338299,7.161393324507673,0.910800341830626,1e-10
2,stage5_performance_summary.total_pnl,FAIL,-606.6025000000002,-602.1950000000002,4.407500000000027,1e-10
2,stage5_performance_summary.total_pnl,FAIL,-56.00750000000004,-56.93750000000002,0.9299999999999784,1e-10
2,stage5_performance_summary.total_pnl,FAIL,-507.2602059159333,-505.5662082514757,1.6939976644575836,1e-10
2,stage5_performance_summary.total_pnl,FAIL,-65.83027062251584,-71.75718823582241,5.926917613306571,1e-10
2,stage5_performance_summary.total_pnl,FAIL,-451.5750244950726,-443.8843945104619,7.690629984610723,1e-10
2,stage5_performance_summary.total_pnl,FAIL,-10.145089201655102,-10.075374494808685,0.0697147068464172,1e-10
2,stage5_performance_summary.total_pnl,FAIL,-634.8675660882036,-610.7355341878975,24.13203190030606,1e-10
2,stage5_performance_summary.total_pnl,FAIL,-0.768816088203506,6.9044658121024405,7.673281900305946,1e-10
2,stage5_performance_summary.total_pnl,FAIL,-775.69,-728.8775,46.8125,1e-10
2,stage5_performance_summary.total_pnl,FAIL,-141.59124999999997,-111.23749999999995,30.35375000000002,1e-10
2,stage5_performance_summary.total_pnl,FAIL,-655.870446627028,-608.9796800871488,46.89076653987911,1e-10
2,stage5_performance_summary.total_pnl,FAIL,-100.6740050209041,-69.31887684183539,31.355128179068718,1e-10
2,stage5_performance_summary.total_pnl,FAIL,-557.7699978483926,-536.9821547362105,20.78784311218203,1e-10
2,stage5_performance_summary.total_pnl,FAIL,-2.573556242268745,2.6786485091030494,5.252204751371794,1e-10
2,stage5_performance_summary.mean_daily_return,FAIL,-0.0100230611801052,-0.0099451542791427,7.79069009624999e-05,1e-10
2,stage5_performance_summary.mean_daily_return,FAIL,0.0003639537165875,0.0002172981386532,0.0001466555779342,1e-10
2,stage5_performance_summary.mean_daily_return,FAIL,-0.0115262461039117,-0.0116366127323801,0.0001103666284683,1e-10
2,stage5_performance_summary.mean_daily_return,FAIL,-0.0011422347599463,-0.0014735829660767,0.0003313482061304,1e-10
2,stage5_performance_summary.mean_daily_return,FAIL,-0.0103057745489887,-0.0105718645187502,0.0002660899697614,1e-10
2,stage5_performance_summary.mean_daily_return,FAIL,0.000381299766061,-0.0003191134451292,0.0007004132111902,1e-10
2,stage5_performance_summary.mean_daily_return,FAIL,-0.010363924295266,-0.0098479430568055,0.0005159812384605,1e-10
2,stage5_performance_summary.mean_daily_return,FAIL,0.0003221574310725,0.0004028428157985,8.068538472599996e-05,1e-10
2,stage5_performance_summary.mean_daily_return,FAIL,-0.0111580355210462,-0.0111003822862627,5.765323478349946e-05,1e-10
2,stage5_performance_summary.mean_daily_return,FAIL,0.0001771373549001,0.00020524239362,2.8105038719899983e-05,1e-10
2,stage5_performance_summary.mean_daily_return,FAIL,-0.0117402694055723,-0.0118537549814171,0.0001134855758447,1e-10
2,stage5_performance_summary.mean_daily_return,FAIL,-0.0004020902436368,-0.0005437940903798,0.000141703846743,1e-10
2,stage5_performance_summary.mean_daily_return,FAIL,-0.0123586718435345,-0.0122978222383976,6.084960513690063e-05,1e-10
2,stage5_performance_summary.mean_daily_return,FAIL,-0.0006947514611259,-0.0005862564384206,0.0001084950227053,1e-10
2,stage5_performance_summary.mean_daily_return,FAIL,-0.0119090023941354,-0.0119971713328189,8.81689386835003e-05,1e-10
2,stage5_performance_summary.mean_daily_return,FAIL,-0.0002415011581424,-0.0002832320936788,4.173093553639997e-05,1e-10
2,stage5_performance_summary.mean_daily_return,FAIL,-0.010171102236449,-0.0101271722487609,4.392998768810129e-05,1e-10
2,stage5_performance_summary.mean_daily_return,FAIL,2.48318394507957e-06,0.0001170499577893,0.0001145667738442,1e-10
2,stage5_performance_summary.mean_daily_return,FAIL,-0.0138876817607729,-0.0134267824499321,0.0004608993108408,1e-10
2,stage5_performance_summary.mean_daily_return,FAIL,-0.0037088442671862,-0.0031765759017749,0.0005322683654113,1e-10
2,stage5_performance_summary.mean_daily_return,FAIL,-0.0138869269294681,-0.013395478056277,0.0004914488731911,1e-10
2,stage5_performance_summary.mean_daily_return,FAIL,-0.0036071781291922,-0.0030379885741069,0.0005691895550852,1e-10
2,stage5_performance_summary.mean_daily_return,FAIL,-0.0103831959708813,-0.0103932036526481,1.0007681766800378e-05,1e-10
2,stage5_performance_summary.mean_daily_return,FAIL,-0.0001053956372763,-3.790985789056032e-05,6.748577938573967e-05,1e-10
2,stage5_performance_summary.HAC_standard_error,FAIL,0.0003811329693833,0.0003352942190362,4.583875034709997e-05,1e-10
2,stage5_performance_summary.HAC_standard_error,FAIL,0.0002906919513839,0.000199027783591,9.166416779289996e-05,1e-10
2,stage5_performance_summary.HAC_standard_error,FAIL,0.0017331460478563,0.0016837115031574,4.943454469890003e-05,1e-10
2,stage5_performance_summary.HAC_standard_error,FAIL,0.0017674391027424,0.0016807218285226,8.671727421980012e-05,1e-10
2,stage5_performance_summary.HAC_standard_error,FAIL,0.0017453308678701,0.0017651114919065,1.978062403640009e-05,1e-10
2,stage5_performance_summary.HAC_standard_error,FAIL,0.0018044486304017,0.0017873743017678,1.7074328633899993e-05,1e-10
2,stage5_performance_summary.HAC_standard_error,FAIL,0.0003942931237345,0.0003019204060461,9.23727176884e-05,1e-10
2,stage5_performance_summary.HAC_standard_error,FAIL,0.0003308582139871,0.0001995889929863,0.0001312692210008,1e-10
2,stage5_performance_summary.HAC_standard_error,FAIL,0.0004183264744471,0.0004133919059196,4.934568527499984e-06,1e-10
2,stage5_performance_summary.HAC_standard_error,FAIL,0.000414154471325,0.0004183890349476,4.234563622600022e-06,1e-10
2,stage5_performance_summary.HAC_standard_error,FAIL,0.0021609936515097,0.0021752483083731,1.4254656863400049e-05,1e-10
2,stage5_performance_summary.HAC_standard_error,FAIL,0.0021847542463452,0.0021887552108463,4.000964501100178e-06,1e-10
2,stage5_performance_summary.HAC_standard_error,FAIL,0.002220275315364,0.0022286100300534,8.334714689400141e-06,1e-10
2,stage5_performance_summary.HAC_standard_error,FAIL,0.0022334440755059,0.0022369205202259,3.4764447200000617e-06,1e-10
2,stage5_performance_summary.HAC_standard_error,FAIL,0.0003792156018594,0.0003846162748,5.400672940599968e-06,1e-10
2,stage5_performance_summary.HAC_standard_error,FAIL,0.0003165192339749,0.0003153448098637,1.174424111200043e-06,1e-10
2,stage5_performance_summary.HAC_standard_error,FAIL,0.0002789214049426,0.0002873114319224,8.390026979799951e-06,1e-10
2,stage5_performance_summary.HAC_standard_error,FAIL,0.0002117057657248,0.0002252698515715,1.356408584670001e-05,1e-10
2,stage5_performance_summary.HAC_standard_error,FAIL,0.0015423967055053,0.0016154179690384,7.302126353310001e-05,1e-10
2,stage5_performance_summary.HAC_standard_error,FAIL,0.0015823065395016,0.0016616748113904,7.936827188880012e-05,1e-10
2,stage5_performance_summary.HAC_standard_error,FAIL,0.0015309469165928,0.0015936454950063,6.269857841349996e-05,1e-10
2,stage5_performance_summary.HAC_standard_error,FAIL,0.001571826187913,0.0016410090548214,6.918286690839998e-05,1e-10
2,stage5_performance_summary.HAC_standard_error,FAIL,0.0002469271220785,0.0002459306045601,9.965175184000028e-07,1e-10
2,stage5_performance_summary.HAC_standard_error,FAIL,0.0001880774640957,0.0001946647933445,6.5873292488e-06,1e-10
2,stage5_performance_summary.HAC_t_stat,FAIL,-26.29806913928924,-29.6609774774169,3.36290833812766,1e-10
2,stage5_performance_summary.HAC_t_stat,FAIL,1.2520254339856718,1.0917980129835316,0.1602274210021401,1e-10
2,stage5_performance_summary.HAC_t_stat,FAIL,-6.65047594700287,-6.91128658951248,0.2608106425096101,1e-10
2,stage5_performance_summary.HAC_t_stat,FAIL,-0.6462654120156283,-0.8767560110598343,0.230490599044206,1e-10
2,stage5_performance_summary.HAC_t_stat,FAIL,-5.904768395900063,-5.989346603443751,0.0845782075436885,1e-10
2,stage5_performance_summary.HAC_t_stat,FAIL,0.2113109565087019,-0.1785375591523248,0.3898485156610267,1e-10
2,stage5_performance_summary.HAC_t_stat,FAIL,-26.28482129514252,-32.6176795592313,6.332858264088777,1e-10
2,stage5_performance_summary.HAC_t_stat,FAIL,0.9737023820270022,2.018361883443506,1.0446595014165037,1e-10
2,stage5_performance_summary.HAC_t_stat,FAIL,-26.673032195232743,-26.851958461957796,0.1789262667250533,1e-10
2,stage5_performance_summary.HAC_t_stat,FAIL,0.42770842080587,0.490553949736516,0.0628455289306459,1e-10
2,stage5_performance_summary.HAC_t_stat,FAIL,-5.432810687514207,-5.44938016307774,0.016569475563533,1e-10
2,stage5_performance_summary.HAC_t_stat,FAIL,-0.1840436947585611,-0.2484490214735324,0.0644053267149712,1e-10
2,stage5_performance_summary.HAC_t_stat,FAIL,-5.566278991624972,-5.5181579875159885,0.0481210041089834,1e-10
2,stage5_performance_summary.HAC_t_stat,FAIL,-0.3110673191889102,-0.2620819260764062,0.0489853931125039,1e-10
2,stage5_performance_summary.HAC_t_stat,FAIL,-31.4043049276979,-31.192573270739,0.2117316569589,1e-10
2,stage5_performance_summary.HAC_t_stat,FAIL,-0.7629904669916747,-0.8981663398906232,0.1351758728989485,1e-10
2,stage5_performance_summary.HAC_t_stat,FAIL,-36.46583609651556,-35.24806576960761,1.217770326907953,1e-10
2,stage5_performance_summary.HAC_t_stat,FAIL,0.0117294110369508,0.5195988587591157,0.5078694477221649,1e-10
2,stage5_performance_summary.HAC_t_stat,FAIL,-9.003962282338456,-8.311646092388472,0.6923161899499846,1e-10
2,stage5_performance_summary.HAC_t_stat,FAIL,-2.3439480117136107,-1.9116712126826465,0.4322767990309641,1e-10
2,stage5_performance_summary.HAC_t_stat,FAIL,-9.070808908498169,-8.405557006405626,0.6652519020925425,1e-10
2,stage5_performance_summary.HAC_t_stat,FAIL,-2.294896316736906,-1.8512929987686824,0.4436033179682237,1e-10
2,stage5_performance_summary.HAC_t_stat,FAIL,-42.0496374941629,-42.26071688489265,0.2110793907297505,1e-10
2,stage5_performance_summary.HAC_t_stat,FAIL,-0.5603841894779226,-0.194744294739819,0.3656398947381035,1e-10
2,stage5_performance_summary.HAC_p_value,PASS,2.017756556510101e-152,2.4482497976185327e-193,2.017756556510101e-152,1e-10
2,stage5_performance_summary.HAC_p_value,FAIL,0.2105605963392834,0.2749218926284112,0.0643612962891278,1e-10
2,stage5_performance_summary.HAC_p_value,PASS,2.9214674386641504e-11,4.802776500627081e-12,2.4411897886014418e-11,1e-10
2,stage5_performance_summary.HAC_p_value,FAIL,0.5181074837050296,0.3806191766868207,0.1374883070182088,1e-10
2,stage5_performance_summary.HAC_p_value,FAIL,3.5314250952112043e-09,2.1068573720757957e-09,1.4245677231354084e-09,1e-10
2,stage5_performance_summary.HAC_p_value,FAIL,0.8326446338976743,0.8583008270655796,0.0256561931679053,1e-10
2,stage5_performance_summary.HAC_p_value,PASS,2.8599200903541413e-152,2.303047425389232e-233,2.8599200903541413e-152,1e-10
2,stage5_performance_summary.HAC_p_value,FAIL,0.3302043342375542,0.0435535860643038,0.2866507481732503,1e-10
2,stage5_performance_summary.HAC_p_value,PASS,9.676413292222851e-157,8.001915254180367e-159,9.596394139681048e-157,1e-10
2,stage5_performance_summary.HAC_p_value,FAIL,0.6688634183314588,0.623741963510962,0.0451214548204967,1e-10
2,stage5_performance_summary.HAC_p_value,FAIL,5.54732516029005e-08,5.054566724755608e-08,4.927584355344426e-09,1e-10
2,stage5_performance_summary.HAC_p_value,FAIL,0.8539791768867383,0.803787008611118,0.0501921682756203,1e-10
2,stage5_performance_summary.HAC_p_value,FAIL,2.6023647338509797e-08,3.4257139500468155e-08,8.233492161958357e-09,1e-10
2,stage5_performance_summary.HAC_p_value,FAIL,0.755749445000296,0.7932582807957893,0.0375088357954933,1e-10
2,stage5_performance_summary.HAC_p_value,PASS,1.7672918571222612e-216,1.3435490441603446e-213,1.3417817523032223e-213,1e-10
2,stage5_performance_summary.HAC_p_value,FAIL,0.4454690811842972,0.3690968756008344,0.0763722055834628,1e-10
2,stage5_performance_summary.HAC_p_value,PASS,3.860293305085311e-291,3.673224081841338e-272,3.673224081841338e-272,1e-10
2,stage5_performance_summary.HAC_p_value,FAIL,0.9906414986158052,0.6033431936867366,0.3872983049290686,1e-10
2,stage5_performance_summary.HAC_p_value,PASS,2.1771496785926955e-19,9.4383556692774e-17,9.416584172491472e-17,1e-10
2,stage5_performance_summary.HAC_p_value,FAIL,0.0190808308495616,0.0559183789412358,0.0368375480916742,1e-10
2,stage5_performance_summary.HAC_p_value,PASS,1.1813667495809445e-19,4.25835646141263e-17,4.246542793916821e-17,1e-10
2,stage5_performance_summary.HAC_p_value,FAIL,0.0217390669506319,0.0641274127683958,0.0423883458177639,1e-10
2,stage5_performance_summary.HAC_p_value,PASS,0.0,0.0,0.0,1e-10
2,stage5_performance_summary.HAC_p_value,FAIL,0.5752174134852925,0.8455931335386796,0.270375720053387,1e-10
2,stage5_performance_summary.HAC_lag,PASS,5,5,0.0,1e-10
2,stage5_performance_summary.HAC_lag,PASS,5,5,0.0,1e-10
2,stage5_performance_summary.HAC_lag,PASS,5,5,0.0,1e-10
2,stage5_performance_summary.HAC_lag,PASS,5,5,0.0,1e-10
2,stage5_performance_summary.HAC_lag,PASS,5,5,0.0,1e-10
2,stage5_performance_summary.HAC_lag,PASS,5,5,0.0,1e-10
2,stage5_performance_summary.HAC_lag,PASS,5,5,0.0,1e-10
2,stage5_performance_summary.HAC_lag,PASS,5,5,0.0,1e-10
2,stage5_performance_summary.HAC_lag,PASS,5,5,0.0,1e-10
2,stage5_performance_summary.HAC_lag,PASS,5,5,0.0,1e-10
2,stage5_performance_summary.HAC_lag,PASS,5,5,0.0,1e-10
2,stage5_performance_summary.HAC_lag,PASS,5,5,0.0,1e-10
2,stage5_performance_summary.HAC_lag,PASS,5,5,0.0,1e-10
2,stage5_performance_summary.HAC_lag,PASS,5,5,0.0,1e-10
2,stage5_performance_summary.HAC_lag,PASS,5,5,0.0,1e-10
2,stage5_performance_summary.HAC_lag,PASS,5,5,0.0,1e-10
2,stage5_performance_summary.HAC_lag,PASS,5,5,0.0,1e-10
2,stage5_performance_summary.HAC_lag,PASS,5,5,0.0,1e-10
2,stage5_performance_summary.HAC_lag,PASS,5,5,0.0,1e-10
2,stage5_performance_summary.HAC_lag,PASS,5,5,0.0,1e-10
2,stage5_performance_summary.HAC_lag,PASS,5,5,0.0,1e-10
2,stage5_performance_summary.HAC_lag,PASS,5,5,0.0,1e-10
2,stage5_performance_summary.HAC_lag,PASS,5,5,0.0,1e-10
2,stage5_performance_summary.HAC_lag,PASS,5,5,0.0,1e-10
2,stage5_performance_summary.n_inference_dates,PASS,408,408,0.0,1e-10
2,stage5_performance_summary.n_inference_dates,PASS,408,408,0.0,1e-10
2,stage5_performance_summary.n_inference_dates,PASS,408,408,0.0,1e-10
2,stage5_performance_summary.n_inference_dates,PASS,408,408,0.0,1e-10
2,stage5_performance_summary.n_inference_dates,PASS,408,408,0.0,1e-10
2,stage5_performance_summary.n_inference_dates,PASS,408,408,0.0,1e-10
2,stage5_performance_summary.n_inference_dates,PASS,408,408,0.0,1e-10
2,stage5_performance_summary.n_inference_dates,PASS,408,408,0.0,1e-10
2,stage5_performance_summary.n_inference_dates,PASS,408,408,0.0,1e-10
2,stage5_performance_summary.n_inference_dates,PASS,408,408,0.0,1e-10
2,stage5_performance_summary.n_inference_dates,PASS,408,408,0.0,1e-10
2,stage5_performance_summary.n_inference_dates,PASS,408,408,0.0,1e-10
2,stage5_performance_summary.n_inference_dates,PASS,408,408,0.0,1e-10
2,stage5_performance_summary.n_inference_dates,PASS,408,408,0.0,1e-10
2,stage5_performance_summary.n_inference_dates,PASS,408,408,0.0,1e-10
2,stage5_performance_summary.n_inference_dates,PASS,408,408,0.0,1e-10
2,stage5_performance_summary.n_inference_dates,PASS,408,408,0.0,1e-10
2,stage5_performance_summary.n_inference_dates,PASS,408,408,0.0,1e-10
2,stage5_performance_summary.n_inference_dates,PASS,408,408,0.0,1e-10
2,stage5_performance_summary.n_inference_dates,PASS,408,408,0.0,1e-10
2,stage5_performance_summary.n_inference_dates,PASS,408,408,0.0,1e-10
2,stage5_performance_summary.n_inference_dates,PASS,408,408,0.0,1e-10
2,stage5_performance_summary.n_inference_dates,PASS,408,408,0.0,1e-10
2,stage5_performance_summary.n_inference_dates,PASS,408,408,0.0,1e-10
2,stage5_performance_summary.bootstrap_mean_CI_low,FAIL,-0.0107675426868014,-0.0105807410512339,0.0001868016355675,1e-10
2,stage5_performance_summary.bootstrap_mean_CI_low,FAIL,-0.0002126533426196,-0.0001663496137541,4.63037288655e-05,1e-10
2,stage5_performance_summary.bootstrap_mean_CI_low,FAIL,-0.0148532714462744,-0.0150000746543081,0.0001468032080336,1e-10
2,stage5_performance_summary.bootstrap_mean_CI_low,FAIL,-0.0045521947566767,-0.004819889666357,0.0002676949096802,1e-10
2,stage5_performance_summary.bootstrap_mean_CI_low,FAIL,-0.0137280077688152,-0.0143019429595981,0.0005739351907829,1e-10
2,stage5_performance_summary.bootstrap_mean_CI_low,FAIL,-0.0031591164620077,-0.0039955090048791,0.0008363925428714,1e-10
2,stage5_performance_summary.bootstrap_mean_CI_low,FAIL,-0.0111152232848502,-0.0104398498867709,0.0006753733980792,1e-10
2,stage5_performance_summary.bootstrap_mean_CI_low,FAIL,-0.0003000777249716,3.0133375308640727e-05,0.0003302111002802,1e-10
2,stage5_performance_summary.bootstrap_mean_CI_low,FAIL,-0.0119843444610248,-0.0119093420057409,7.500245528389848e-05,1e-10
2,stage5_performance_summary.bootstrap_mean_CI_low,FAIL,-0.0005923583826498,-0.00057593254198,1.6425840669800082e-05,1e-10
2,stage5_performance_summary.bootstrap_mean_CI_low,FAIL,-0.0160115965881815,-0.0160711601856342,5.956359745270048e-05,1e-10
2,stage5_performance_summary.bootstrap_mean_CI_low,FAIL,-0.0046861337203826,-0.0047108747501943,2.4741029811699983e-05,1e-10
2,stage5_performance_summary.bootstrap_mean_CI_low,FAIL,-0.0166966691574686,-0.0166929284523454,3.740705123201488e-06,1e-10
2,stage5_performance_summary.bootstrap_mean_CI_low,FAIL,-0.0050653763000378,-0.0049883028814114,7.707341862640046e-05,1e-10
2,stage5_performance_summary.bootstrap_mean_CI_low,FAIL,-0.0126712907579664,-0.0127703536382965,9.906288033010094e-05,1e-10
2,stage5_performance_summary.bootstrap_mean_CI_low,FAIL,-0.0008537061435339,-0.000900393006264,4.6686862730100026e-05,1e-10
2,stage5_performance_summary.bootstrap_mean_CI_low,FAIL,-0.0107137615147338,-0.0106937465235318,2.001499120199944e-05,1e-10
2,stage5_performance_summary.bootstrap_mean_CI_low,FAIL,-0.0003915805183644,-0.0003004347968861,9.11457214783e-05,1e-10
2,stage5_performance_summary.bootstrap_mean_CI_low,FAIL,-0.01705349993445,-0.0166525497662697,0.0004009501681803,1e-10
2,stage5_performance_summary.bootstrap_mean_CI_low,FAIL,-0.0069410460960764,-0.0065045793580342,0.0004364667380421,1e-10
2,stage5_performance_summary.bootstrap_mean_CI_low,FAIL,-0.0170623218210794,-0.0166260416480688,0.0004362801730105,1e-10
2,stage5_performance_summary.bootstrap_mean_CI_low,FAIL,-0.0067727594522541,-0.0063302646105343,0.0004424948417198,1e-10
2,stage5_performance_summary.bootstrap_mean_CI_low,FAIL,-0.0108656585100613,-0.0108678322652366,2.173755175298442e-06,1e-10
2,stage5_performance_summary.bootstrap_mean_CI_low,FAIL,-0.0004606688801883,-0.0004085156816181,5.215319857019998e-05,1e-10
2,stage5_performance_summary.bootstrap_mean_CI_high,FAIL,-0.0093024893649608,-0.0093200634666762,1.757410171539936e-05,1e-10
2,stage5_performance_summary.bootstrap_mean_CI_high,FAIL,0.0009020785309842,0.0005858330944845,0.0003162454364997,1e-10
2,stage5_performance_summary.bootstrap_mean_CI_high,FAIL,-0.0082105427654575,-0.0083470328000023,0.0001364900345447,1e-10
2,stage5_performance_summary.bootstrap_mean_CI_high,FAIL,0.0021477882861361,0.0018573230051641,0.0002904652809719,1e-10
2,stage5_performance_summary.bootstrap_mean_CI_high,FAIL,-0.0069206015052563,-0.0070884001858779,0.0001677986806216,1e-10
2,stage5_performance_summary.bootstrap_mean_CI_high,FAIL,0.0037946279411344,0.0032409090250915,0.0005537189160428,1e-10
2,stage5_performance_summary.bootstrap_mean_CI_high,FAIL,-0.0096164424189882,-0.0092560949794693,0.0003603474395188,1e-10
2,stage5_performance_summary.bootstrap_mean_CI_high,FAIL,0.0009719019564764,0.000799298201254,0.0001726037552224,1e-10
2,stage5_performance_summary.bootstrap_mean_CI_high,FAIL,-0.010307107713659,-0.0102566631836174,5.0444530041599336e-05,1e-10
2,stage5_performance_summary.bootstrap_mean_CI_high,FAIL,0.0010421842064432,0.001097533803306,5.534959686279996e-05,1e-10
2,stage5_performance_summary.bootstrap_mean_CI_high,FAIL,-0.0074406706613395,-0.0074691313277107,2.8460666371200524e-05,1e-10
2,stage5_performance_summary.bootstrap_mean_CI_high,FAIL,0.0039250721895188,0.0038714026049481,5.3669584570699685e-05,1e-10
2,stage5_performance_summary.bootstrap_mean_CI_high,FAIL,-0.0080686021837822,-0.0079491344581723,0.0001194677256099,1e-10
2,stage5_performance_summary.bootstrap_mean_CI_high,FAIL,0.0036754677626939,0.0037891452003408,0.0001136774376469,1e-10
2,stage5_performance_summary.bootstrap_mean_CI_high,FAIL,-0.0111584711483909,-0.0112171013837979,5.8630235406999937e-05,1e-10
2,stage5_performance_summary.bootstrap_mean_CI_high,FAIL,0.000416260221103,0.0003822985484808,3.396167262220001e-05,1e-10
2,stage5_performance_summary.bootstrap_mean_CI_high,FAIL,-0.0096236461411394,-0.0095705564816104,5.308965952900008e-05,1e-10
2,stage5_performance_summary.bootstrap_mean_CI_high,FAIL,0.0004165926359031,0.0005669947469156,0.0001504021110125,1e-10
2,stage5_performance_summary.bootstrap_mean_CI_high,FAIL,-0.0108252791836724,-0.0102349912146475,0.0005902879690249,1e-10
2,stage5_performance_summary.bootstrap_mean_CI_high,FAIL,-0.0005895725792146,0.0001019749217904,0.000691547501005,1e-10
2,stage5_performance_summary.bootstrap_mean_CI_high,FAIL,-0.0108947549524497,-0.0103060055292597,0.0005887494231899,1e-10
2,stage5_performance_summary.bootstrap_mean_CI_high,FAIL,-0.0004750631401952,0.0002146229837556,0.0006896861239507,1e-10
2,stage5_performance_summary.bootstrap_mean_CI_high,FAIL,-0.0099038817685349,-0.0099276236635209,2.374189498599924e-05,1e-10
2,stage5_performance_summary.bootstrap_mean_CI_high,FAIL,0.0002804647473451,0.0003565041119999,7.603936465480003e-05,1e-10
2,stage5_performance_summary.bootstrap_sharpe_CI_low,FAIL,-25.252223462146556,-31.396533478219784,6.144310016073227,1e-10
2,stage5_performance_summary.bootstrap_sharpe_CI_low,FAIL,-0.4741894786200181,-0.5609155946522455,0.0867261160322274,1e-10
2,stage5_performance_summary.bootstrap_sharpe_CI_low,FAIL,-7.384043532451844,-7.876756656541075,0.4927131240892315,1e-10
2,stage5_performance_summary.bootstrap_sharpe_CI_low,FAIL,-2.199486284707804,-2.358453045177415,0.1589667604696112,1e-10
2,stage5_performance_summary.bootstrap_sharpe_CI_low,FAIL,-7.101339957384361,-7.491788131206175,0.3904481738218139,1e-10
2,stage5_performance_summary.bootstrap_sharpe_CI_low,FAIL,-1.542555541983107,-1.9139963840798475,0.3714408420967405,1e-10
2,stage5_performance_summary.bootstrap_sharpe_CI_low,FAIL,-27.86888891951419,-34.445591404720744,6.576702485206553,1e-10
2,stage5_performance_summary.bootstrap_sharpe_CI_low,FAIL,-0.8076491162290258,0.1173954583646816,0.9250445745937074,1e-10
2,stage5_performance_summary.bootstrap_sharpe_CI_low,FAIL,-25.258383311289457,-24.85448963039457,0.4038936808948854,1e-10
2,stage5_performance_summary.bootstrap_sharpe_CI_low,FAIL,-1.4367183520599047,-1.3597591470138124,0.0769592050460923,1e-10
2,stage5_performance_summary.bootstrap_sharpe_CI_low,FAIL,-6.796345809206319,-6.610860137059808,0.1854856721465116,1e-10
2,stage5_performance_summary.bootstrap_sharpe_CI_low,FAIL,-1.9584606439327497,-1.9177759312227816,0.040684712709968,1e-10
2,stage5_performance_summary.bootstrap_sharpe_CI_low,FAIL,-7.032957669369673,-6.74528755279989,0.2876701165697835,1e-10
2,stage5_performance_summary.bootstrap_sharpe_CI_low,FAIL,-2.119891894058723,-1.9617244344100424,0.1581674596486806,1e-10
2,stage5_performance_summary.bootstrap_sharpe_CI_low,FAIL,-28.158561682918013,-27.52732073318395,0.6312409497340639,1e-10
2,stage5_performance_summary.bootstrap_sharpe_CI_low,FAIL,-2.20887248077825,-2.25623080795213,0.04735832717388,1e-10
2,stage5_performance_summary.bootstrap_sharpe_CI_low,FAIL,-37.06594240855705,-36.31928141907593,0.7466609894811214,1e-10
2,stage5_performance_summary.bootstrap_sharpe_CI_low,FAIL,-1.7124019856107615,-1.2851115171473328,0.4272904684634286,1e-10
2,stage5_performance_summary.bootstrap_sharpe_CI_low,FAIL,-8.200693459777053,-8.037656037448954,0.1630374223280988,1e-10
2,stage5_performance_summary.bootstrap_sharpe_CI_low,FAIL,-3.2392266919343053,-3.0554396054519084,0.1837870864823969,1e-10
2,stage5_performance_summary.bootstrap_sharpe_CI_low,FAIL,-8.290445579687997,-8.097846333015674,0.1925992466723229,1e-10
2,stage5_performance_summary.bootstrap_sharpe_CI_low,FAIL,-3.197328502702165,-2.975354760029765,0.2219737426723997,1e-10
2,stage5_performance_summary.bootstrap_sharpe_CI_low,FAIL,-41.94234143272426,-41.6504003811808,0.2919410515434606,1e-10
2,stage5_performance_summary.bootstrap_sharpe_CI_low,FAIL,-2.328215199269429,-2.059354407106039,0.2688607921633901,1e-10
2,stage5_performance_summary.bootstrap_sharpe_CI_high,FAIL,-17.99115204232146,-23.806963434501476,5.8158113921800165,1e-10
2,stage5_performance_summary.bootstrap_sharpe_CI_high,FAIL,2.264844721107577,2.230884660311149,0.0339600607964278,1e-10
2,stage5_performance_summary.bootstrap_sharpe_CI_high,FAIL,-3.555532877114329,-3.6091869535662857,0.0536540764519566,1e-10
2,stage5_performance_summary.bootstrap_sharpe_CI_high,FAIL,0.972509301026872,0.8510053225674888,0.1215039784593832,1e-10
2,stage5_performance_summary.bootstrap_sharpe_CI_high,FAIL,-2.7307295219530574,-2.7407334641642547,0.0100039422111972,1e-10
2,stage5_performance_summary.bootstrap_sharpe_CI_high,FAIL,1.6002517168805546,1.346208583361902,0.2540431335186526,1e-10
2,stage5_performance_summary.bootstrap_sharpe_CI_high,FAIL,-19.916009094659024,-21.93901033308585,2.0230012384268257,1e-10
2,stage5_performance_summary.bootstrap_sharpe_CI_high,FAIL,2.386158973485663,2.735062087142588,0.3489031136569247,1e-10
2,stage5_performance_summary.bootstrap_sharpe_CI_high,FAIL,-16.08826404125313,-15.399626307749324,0.6886377335038052,1e-10
2,stage5_performance_summary.bootstrap_sharpe_CI_high,FAIL,1.742300661365958,1.7683723084659002,0.0260716470999422,1e-10
2,stage5_performance_summary.bootstrap_sharpe_CI_high,FAIL,-2.6388557899720846,-2.5774174938018826,0.061438296170202,1e-10
2,stage5_performance_summary.bootstrap_sharpe_CI_high,FAIL,1.4410398097745312,1.381434003001088,0.059605806773443,1e-10
2,stage5_performance_summary.bootstrap_sharpe_CI_high,FAIL,-2.821300105720866,-2.745808835317669,0.0754912704031971,1e-10
2,stage5_performance_summary.bootstrap_sharpe_CI_high,FAIL,1.3650271421841729,1.360111488855924,0.0049156533282488,1e-10
2,stage5_performance_summary.bootstrap_sharpe_CI_high,FAIL,-17.734574414746238,-17.917501594669353,0.1829271799231158,1e-10
2,stage5_performance_summary.bootstrap_sharpe_CI_high,FAIL,0.8197738615913014,0.7358454147097838,0.0839284468815175,1e-10
2,stage5_performance_summary.bootstrap_sharpe_CI_high,FAIL,-30.10040968484705,-29.57174540144675,0.5286642834002997,1e-10
2,stage5_performance_summary.bootstrap_sharpe_CI_high,FAIL,1.6179695230895563,2.187467100513335,0.5694975774237785,1e-10
2,stage5_performance_summary.bootstrap_sharpe_CI_high,FAIL,-4.835555900972588,-4.500568164704942,0.3349877362676468,1e-10
2,stage5_performance_summary.bootstrap_sharpe_CI_high,FAIL,-0.274541535729606,0.0442333052639597,0.3187748409935657,1e-10
2,stage5_performance_summary.bootstrap_sharpe_CI_high,FAIL,-4.8351676150832175,-4.490672536900903,0.3444950781823142,1e-10
2,stage5_performance_summary.bootstrap_sharpe_CI_high,FAIL,-0.219141422894174,0.0897687705928573,0.3089101934870313,1e-10
2,stage5_performance_summary.bootstrap_sharpe_CI_high,FAIL,-32.302444402444635,-32.28208133582111,0.0203630666235241,1e-10
2,stage5_performance_summary.bootstrap_sharpe_CI_high,FAIL,1.1026610580936045,1.4144106868385915,0.311749628744987,1e-10
2,stage5_performance_summary.bootstrap_block_length,PASS,5,5,0.0,1e-10
2,stage5_performance_summary.bootstrap_block_length,PASS,5,5,0.0,1e-10
2,stage5_performance_summary.bootstrap_block_length,PASS,5,5,0.0,1e-10
2,stage5_performance_summary.bootstrap_block_length,PASS,5,5,0.0,1e-10
2,stage5_performance_summary.bootstrap_block_length,PASS,5,5,0.0,1e-10
2,stage5_performance_summary.bootstrap_block_length,PASS,5,5,0.0,1e-10
2,stage5_performance_summary.bootstrap_block_length,PASS,5,5,0.0,1e-10
2,stage5_performance_summary.bootstrap_block_length,PASS,5,5,0.0,1e-10
2,stage5_performance_summary.bootstrap_block_length,PASS,5,5,0.0,1e-10
2,stage5_performance_summary.bootstrap_block_length,PASS,5,5,0.0,1e-10
2,stage5_performance_summary.bootstrap_block_length,PASS,5,5,0.0,1e-10
2,stage5_performance_summary.bootstrap_block_length,PASS,5,5,0.0,1e-10
2,stage5_performance_summary.bootstrap_block_length,PASS,5,5,0.0,1e-10
2,stage5_performance_summary.bootstrap_block_length,PASS,5,5,0.0,1e-10
2,stage5_performance_summary.bootstrap_block_length,PASS,5,5,0.0,1e-10
2,stage5_performance_summary.bootstrap_block_length,PASS,5,5,0.0,1e-10
2,stage5_performance_summary.bootstrap_block_length,PASS,5,5,0.0,1e-10
2,stage5_performance_summary.bootstrap_block_length,PASS,5,5,0.0,1e-10
2,stage5_performance_summary.bootstrap_block_length,PASS,5,5,0.0,1e-10
2,stage5_performance_summary.bootstrap_block_length,PASS,5,5,0.0,1e-10
2,stage5_performance_summary.bootstrap_block_length,PASS,5,5,0.0,1e-10
2,stage5_performance_summary.bootstrap_block_length,PASS,5,5,0.0,1e-10
2,stage5_performance_summary.bootstrap_block_length,PASS,5,5,0.0,1e-10
2,stage5_performance_summary.bootstrap_block_length,PASS,5,5,0.0,1e-10
2,stage5_performance_summary.bootstrap_repetitions,PASS,4000,4000,0.0,1e-10
2,stage5_performance_summary.bootstrap_repetitions,PASS,4000,4000,0.0,1e-10
2,stage5_performance_summary.bootstrap_repetitions,PASS,4000,4000,0.0,1e-10
2,stage5_performance_summary.bootstrap_repetitions,PASS,4000,4000,0.0,1e-10
2,stage5_performance_summary.bootstrap_repetitions,PASS,4000,4000,0.0,1e-10
2,stage5_performance_summary.bootstrap_repetitions,PASS,4000,4000,0.0,1e-10
2,stage5_performance_summary.bootstrap_repetitions,PASS,4000,4000,0.0,1e-10
2,stage5_performance_summary.bootstrap_repetitions,PASS,4000,4000,0.0,1e-10
2,stage5_performance_summary.bootstrap_repetitions,PASS,4000,4000,0.0,1e-10
2,stage5_performance_summary.bootstrap_repetitions,PASS,4000,4000,0.0,1e-10
2,stage5_performance_summary.bootstrap_repetitions,PASS,4000,4000,0.0,1e-10
2,stage5_performance_summary.bootstrap_repetitions,PASS,4000,4000,0.0,1e-10
2,stage5_performance_summary.bootstrap_repetitions,PASS,4000,4000,0.0,1e-10
2,stage5_performance_summary.bootstrap_repetitions,PASS,4000,4000,0.0,1e-10
2,stage5_performance_summary.bootstrap_repetitions,PASS,4000,4000,0.0,1e-10
2,stage5_performance_summary.bootstrap_repetitions,PASS,4000,4000,0.0,1e-10
2,stage5_performance_summary.bootstrap_repetitions,PASS,4000,4000,0.0,1e-10
2,stage5_performance_summary.bootstrap_repetitions,PASS,4000,4000,0.0,1e-10
2,stage5_performance_summary.bootstrap_repetitions,PASS,4000,4000,0.0,1e-10
2,stage5_performance_summary.bootstrap_repetitions,PASS,4000,4000,0.0,1e-10
2,stage5_performance_summary.bootstrap_repetitions,PASS,4000,4000,0.0,1e-10
2,stage5_performance_summary.bootstrap_repetitions,PASS,4000,4000,0.0,1e-10
2,stage5_performance_summary.bootstrap_repetitions,PASS,4000,4000,0.0,1e-10
2,stage5_performance_summary.bootstrap_repetitions,PASS,4000,4000,0.0,1e-10
2,stage5_performance_summary.bootstrap_seed,PASS,42,42,0.0,1e-10
2,stage5_performance_summary.bootstrap_seed,PASS,42,42,0.0,1e-10
2,stage5_performance_summary.bootstrap_seed,PASS,42,42,0.0,1e-10
2,stage5_performance_summary.bootstrap_seed,PASS,42,42,0.0,1e-10
2,stage5_performance_summary.bootstrap_seed,PASS,42,42,0.0,1e-10
2,stage5_performance_summary.bootstrap_seed,PASS,42,42,0.0,1e-10
2,stage5_performance_summary.bootstrap_seed,PASS,42,42,0.0,1e-10
2,stage5_performance_summary.bootstrap_seed,PASS,42,42,0.0,1e-10
2,stage5_performance_summary.bootstrap_seed,PASS,42,42,0.0,1e-10
2,stage5_performance_summary.bootstrap_seed,PASS,42,42,0.0,1e-10
2,stage5_performance_summary.bootstrap_seed,PASS,42,42,0.0,1e-10
2,stage5_performance_summary.bootstrap_seed,PASS,42,42,0.0,1e-10
2,stage5_performance_summary.bootstrap_seed,PASS,42,42,0.0,1e-10
2,stage5_performance_summary.bootstrap_seed,PASS,42,42,0.0,1e-10
2,stage5_performance_summary.bootstrap_seed,PASS,42,42,0.0,1e-10
2,stage5_performance_summary.bootstrap_seed,PASS,42,42,0.0,1e-10
2,stage5_performance_summary.bootstrap_seed,PASS,42,42,0.0,1e-10
2,stage5_performance_summary.bootstrap_seed,PASS,42,42,0.0,1e-10
2,stage5_performance_summary.bootstrap_seed,PASS,42,42,0.0,1e-10
2,stage5_performance_summary.bootstrap_seed,PASS,42,42,0.0,1e-10
2,stage5_performance_summary.bootstrap_seed,PASS,42,42,0.0,1e-10
2,stage5_performance_summary.bootstrap_seed,PASS,42,42,0.0,1e-10
2,stage5_performance_summary.bootstrap_seed,PASS,42,42,0.0,1e-10
2,stage5_performance_summary.bootstrap_seed,PASS,42,42,0.0,1e-10
2,stage5_pnl_attribution_summary.row_keys,PASS,12,12,0.0,0.0
2,stage5_pnl_attribution_summary.n_contracts[scope=PRIMARY_DGT;component=DGT_residual],FAIL,7805,7796,9.0,1e-10
2,stage5_pnl_attribution_summary.n_contracts[scope=PRIMARY_DGT;component=Delta_component],FAIL,7805,7796,9.0,1e-10
2,stage5_pnl_attribution_summary.n_contracts[scope=PRIMARY_DGT;component=Gamma_component],FAIL,7805,7796,9.0,1e-10
2,stage5_pnl_attribution_summary.n_contracts[scope=PRIMARY_DGT;component=Theta_component],FAIL,7805,7796,9.0,1e-10
2,stage5_pnl_attribution_summary.n_contracts[scope=PRIMARY_DGT;component=DGT_residual],FAIL,7362,7337,25.0,1e-10
2,stage5_pnl_attribution_summary.n_contracts[scope=PRIMARY_DGT;component=Delta_component],FAIL,7362,7337,25.0,1e-10
2,stage5_pnl_attribution_summary.n_contracts[scope=PRIMARY_DGT;component=Gamma_component],FAIL,7362,7337,25.0,1e-10
2,stage5_pnl_attribution_summary.n_contracts[scope=PRIMARY_DGT;component=Theta_component],FAIL,7362,7337,25.0,1e-10
2,stage5_pnl_attribution_summary.n_contracts[scope=PRIMARY_DGT;component=DGT_residual],FAIL,7637,7615,22.0,1e-10
2,stage5_pnl_attribution_summary.n_contracts[scope=PRIMARY_DGT;component=Delta_component],FAIL,7637,7615,22.0,1e-10
2,stage5_pnl_attribution_summary.n_contracts[scope=PRIMARY_DGT;component=Gamma_component],FAIL,7637,7615,22.0,1e-10
2,stage5_pnl_attribution_summary.n_contracts[scope=PRIMARY_DGT;component=Theta_component],FAIL,7637,7615,22.0,1e-10
2,stage5_pnl_attribution_summary.coverage_pct[scope=PRIMARY_DGT;component=DGT_residual],PASS,100.0,100.0,0.0,1e-10
2,stage5_pnl_attribution_summary.coverage_pct[scope=PRIMARY_DGT;component=Delta_component],PASS,100.0,100.0,0.0,1e-10
2,stage5_pnl_attribution_summary.coverage_pct[scope=PRIMARY_DGT;component=Gamma_component],PASS,100.0,100.0,0.0,1e-10
2,stage5_pnl_attribution_summary.coverage_pct[scope=PRIMARY_DGT;component=Theta_component],PASS,100.0,100.0,0.0,1e-10
2,stage5_pnl_attribution_summary.coverage_pct[scope=PRIMARY_DGT;component=DGT_residual],PASS,100.0,100.0,0.0,1e-10
2,stage5_pnl_attribution_summary.coverage_pct[scope=PRIMARY_DGT;component=Delta_component],PASS,100.0,100.0,0.0,1e-10
2,stage5_pnl_attribution_summary.coverage_pct[scope=PRIMARY_DGT;component=Gamma_component],PASS,100.0,100.0,0.0,1e-10
2,stage5_pnl_attribution_summary.coverage_pct[scope=PRIMARY_DGT;component=Theta_component],PASS,100.0,100.0,0.0,1e-10
2,stage5_pnl_attribution_summary.coverage_pct[scope=PRIMARY_DGT;component=DGT_residual],PASS,100.0,100.0,0.0,1e-10
2,stage5_pnl_attribution_summary.coverage_pct[scope=PRIMARY_DGT;component=Delta_component],PASS,100.0,100.0,0.0,1e-10
2,stage5_pnl_attribution_summary.coverage_pct[scope=PRIMARY_DGT;component=Gamma_component],PASS,100.0,100.0,0.0,1e-10
2,stage5_pnl_attribution_summary.coverage_pct[scope=PRIMARY_DGT;component=Theta_component],PASS,100.0,100.0,0.0,1e-10
2,stage5_pnl_attribution_summary.n_days[scope=PRIMARY_DGT;component=DGT_residual],PASS,408,408,0.0,1e-10
2,stage5_pnl_attribution_summary.n_days[scope=PRIMARY_DGT;component=Delta_component],PASS,408,408,0.0,1e-10
2,stage5_pnl_attribution_summary.n_days[scope=PRIMARY_DGT;component=Gamma_component],PASS,408,408,0.0,1e-10
2,stage5_pnl_attribution_summary.n_days[scope=PRIMARY_DGT;component=Theta_component],PASS,408,408,0.0,1e-10
2,stage5_pnl_attribution_summary.n_days[scope=PRIMARY_DGT;component=DGT_residual],PASS,408,408,0.0,1e-10
2,stage5_pnl_attribution_summary.n_days[scope=PRIMARY_DGT;component=Delta_component],PASS,408,408,0.0,1e-10
2,stage5_pnl_attribution_summary.n_days[scope=PRIMARY_DGT;component=Gamma_component],PASS,408,408,0.0,1e-10
2,stage5_pnl_attribution_summary.n_days[scope=PRIMARY_DGT;component=Theta_component],PASS,408,408,0.0,1e-10
2,stage5_pnl_attribution_summary.n_days[scope=PRIMARY_DGT;component=DGT_residual],PASS,408,408,0.0,1e-10
2,stage5_pnl_attribution_summary.n_days[scope=PRIMARY_DGT;component=Delta_component],PASS,408,408,0.0,1e-10
2,stage5_pnl_attribution_summary.n_days[scope=PRIMARY_DGT;component=Gamma_component],PASS,408,408,0.0,1e-10
2,stage5_pnl_attribution_summary.n_days[scope=PRIMARY_DGT;component=Theta_component],PASS,408,408,0.0,1e-10
2,stage5_pnl_attribution_summary.total_mid_pnl[scope=PRIMARY_DGT;component=DGT_residual],FAIL,-83.2411259920635,-95.78975694444438,12.548630952380876,1e-10
2,stage5_pnl_attribution_summary.total_mid_pnl[scope=PRIMARY_DGT;component=Delta_component],FAIL,-83.2411259920635,-95.78975694444438,12.548630952380876,1e-10
2,stage5_pnl_attribution_summary.total_mid_pnl[scope=PRIMARY_DGT;component=Gamma_component],FAIL,-83.2411259920635,-95.78975694444438,12.548630952380876,1e-10
2,stage5_pnl_attribution_summary.total_mid_pnl[scope=PRIMARY_DGT;component=Theta_component],FAIL,-83.2411259920635,-95.78975694444438,12.548630952380876,1e-10
2,stage5_pnl_attribution_summary.total_mid_pnl[scope=PRIMARY_DGT;component=DGT_residual],FAIL,-56.00750000000004,-56.93750000000004,0.9299999999999996,1e-10
2,stage5_pnl_attribution_summary.total_mid_pnl[scope=PRIMARY_DGT;component=Delta_component],FAIL,-56.00750000000004,-56.93750000000004,0.9299999999999996,1e-10
2,stage5_pnl_attribution_summary.total_mid_pnl[scope=PRIMARY_DGT;component=Gamma_component],FAIL,-56.00750000000004,-56.93750000000004,0.9299999999999996,1e-10
2,stage5_pnl_attribution_summary.total_mid_pnl[scope=PRIMARY_DGT;component=Theta_component],FAIL,-56.00750000000004,-56.93750000000004,0.9299999999999996,1e-10
2,stage5_pnl_attribution_summary.total_mid_pnl[scope=PRIMARY_DGT;component=DGT_residual],FAIL,-141.59124999999992,-111.23749999999993,30.35374999999999,1e-10
2,stage5_pnl_attribution_summary.total_mid_pnl[scope=PRIMARY_DGT;component=Delta_component],FAIL,-141.59124999999992,-111.23749999999993,30.35374999999999,1e-10
2,stage5_pnl_attribution_summary.total_mid_pnl[scope=PRIMARY_DGT;component=Gamma_component],FAIL,-141.59124999999992,-111.23749999999993,30.35374999999999,1e-10
2,stage5_pnl_attribution_summary.total_mid_pnl[scope=PRIMARY_DGT;component=Theta_component],FAIL,-141.59124999999992,-111.23749999999993,30.35374999999999,1e-10
2,stage5_pnl_attribution_summary.total_component[scope=PRIMARY_DGT;component=DGT_residual],FAIL,-14.777985323243833,-7.484000388620078,7.293984934623754,1e-10
2,stage5_pnl_attribution_summary.total_component[scope=PRIMARY_DGT;component=Delta_component],FAIL,-83.42147737893691,-100.54038775617325,17.118910377236332,1e-10
2,stage5_pnl_attribution_summary.total_component[scope=PRIMARY_DGT;component=Gamma_component],FAIL,-5.06113341196005,-9.106207003163304,4.045073591203254,1e-10
2,stage5_pnl_attribution_summary.total_component[scope=PRIMARY_DGT;component=Theta_component],FAIL,20.019470122077315,21.34083820351225,1.3213680814349331,1e-10
2,stage5_pnl_attribution_summary.total_component[scope=PRIMARY_DGT;component=DGT_residual],FAIL,-0.3105419193474201,-1.0498669803901484,0.7393250610427282,1e-10
2,stage5_pnl_attribution_summary.total_component[scope=PRIMARY_DGT;component=Delta_component],FAIL,-64.07969366633833,-64.09889332450771,0.0191996581693842,1e-10
2,stage5_pnl_attribution_summary.total_component[scope=PRIMARY_DGT;component=Gamma_component],FAIL,-8.209225673545244,-8.805250690826915,0.5960250172816703,1e-10
2,stage5_pnl_attribution_summary.total_component[scope=PRIMARY_DGT;component=Theta_component],FAIL,16.591961259230963,17.016510995724747,0.424549736493784,1e-10
2,stage5_pnl_attribution_summary.total_component[scope=PRIMARY_DGT;component=DGT_residual],FAIL,-8.393424877487309,0.7297025240586184,9.123127401545927,1e-10
2,stage5_pnl_attribution_summary.total_component[scope=PRIMARY_DGT;component=Delta_component],FAIL,-140.82243391179645,-118.1419658121024,22.680468099694053,1e-10
2,stage5_pnl_attribution_summary.total_component[scope=PRIMARY_DGT;component=Gamma_component],FAIL,-3.4145375270932563,-3.287724330287742,0.1268131968055144,1e-10
2,stage5_pnl_attribution_summary.total_component[scope=PRIMARY_DGT;component=Theta_component],FAIL,11.039146316377044,9.462487618331556,1.5766586980454882,1e-10
2,stage5_pnl_attribution_summary.mean_daily_component[scope=PRIMARY_DGT;component=DGT_residual],FAIL,-0.0362205522628525,-0.0183431382074021,0.0178774140554504,1e-10
2,stage5_pnl_attribution_summary.mean_daily_component[scope=PRIMARY_DGT;component=Delta_component],FAIL,-0.2044644053405317,-0.2464225190102285,0.0419581136696967,1e-10
2,stage5_pnl_attribution_summary.mean_daily_component[scope=PRIMARY_DGT;component=Gamma_component],FAIL,-0.012404738754804,-0.0223191348116747,0.0099143960568707,1e-10
2,stage5_pnl_attribution_summary.mean_daily_component[scope=PRIMARY_DGT;component=Theta_component],FAIL,0.0490673287305816,0.0523059759890006,0.0032386472584189,1e-10
2,stage5_pnl_attribution_summary.mean_daily_component[scope=PRIMARY_DGT;component=DGT_residual],FAIL,-0.0007611321552632,-0.0025732033833091,0.0018120712280459,1e-10
2,stage5_pnl_attribution_summary.mean_daily_component[scope=PRIMARY_DGT;component=Delta_component],FAIL,-0.1570580727116136,-0.1571051306973229,4.705798570930897e-05,1e-10
2,stage5_pnl_attribution_summary.mean_daily_component[scope=PRIMARY_DGT;component=Gamma_component],FAIL,-0.0201206511606501,-0.0215814967912424,0.0014608456305922,1e-10
2,stage5_pnl_attribution_summary.mean_daily_component[scope=PRIMARY_DGT;component=Theta_component],FAIL,0.0406665717138013,0.041707134793443,0.0010405630796416,1e-10
2,stage5_pnl_attribution_summary.mean_daily_component[scope=PRIMARY_DGT;component=DGT_residual],FAIL,-0.020572119797763,0.001788486578575,0.022360606376338,1e-10
2,stage5_pnl_attribution_summary.mean_daily_component[scope=PRIMARY_DGT;component=Delta_component],FAIL,-0.3451530242936186,-0.2895636416963294,0.0555893825972891,1e-10
2,stage5_pnl_attribution_summary.mean_daily_component[scope=PRIMARY_DGT;component=Gamma_component],FAIL,-0.0083689645271893,-0.0080581478683523,0.000310816658837,1e-10
2,stage5_pnl_attribution_summary.mean_daily_component[scope=PRIMARY_DGT;component=Theta_component],FAIL,0.0270567311675907,0.0231923716135577,0.0038643595540329,1e-10
2,stage5_pnl_attribution_summary.median_daily_component[scope=PRIMARY_DGT;component=DGT_residual],FAIL,0.0013848585664754,-0.000793819680499,0.0021786782469744,1e-10
2,stage5_pnl_attribution_summary.median_daily_component[scope=PRIMARY_DGT;component=Delta_component],FAIL,-0.0523719410823561,-0.0389606445496452,0.0134112965327109,1e-10
2,stage5_pnl_attribution_summary.median_daily_component[scope=PRIMARY_DGT;component=Gamma_component],FAIL,-0.0002008687254418,-0.0006745294747796,0.0004736607493377,1e-10
2,stage5_pnl_attribution_summary.median_daily_component[scope=PRIMARY_DGT;component=Theta_component],FAIL,0.0298086190867397,0.0299643054014702,0.0001556863147305,1e-10
2,stage5_pnl_attribution_summary.median_daily_component[scope=PRIMARY_DGT;component=DGT_residual],FAIL,-0.02226484558802,-0.0237131510871751,0.001448305499155,1e-10
2,stage5_pnl_attribution_summary.median_daily_component[scope=PRIMARY_DGT;component=Delta_component],FAIL,-0.0658573170371223,-0.0506841972174044,0.0151731198197179,1e-10
2,stage5_pnl_attribution_summary.median_daily_component[scope=PRIMARY_DGT;component=Gamma_component],FAIL,-0.0006921444030876,-0.0009120581603436,0.000219913757256,1e-10
2,stage5_pnl_attribution_summary.median_daily_component[scope=PRIMARY_DGT;component=Theta_component],FAIL,0.0526560794564718,0.0551407920470252,0.0024847125905533,1e-10
2,stage5_pnl_attribution_summary.median_daily_component[scope=PRIMARY_DGT;component=DGT_residual],FAIL,-0.0132115435499897,0.0033278115527401,0.0165393551027298,1e-10
2,stage5_pnl_attribution_summary.median_daily_component[scope=PRIMARY_DGT;component=Delta_component],FAIL,0.0003871740808373,-0.014765514807743,0.0151526888885802,1e-10
2,stage5_pnl_attribution_summary.median_daily_component[scope=PRIMARY_DGT;component=Gamma_component],FAIL,-0.0009184260729021,-0.0011571778447986,0.0002387517718964,1e-10
2,stage5_pnl_attribution_summary.median_daily_component[scope=PRIMARY_DGT;component=Theta_component],FAIL,0.0311982152233809,0.0261958121763451,0.0050024030470357,1e-10
2,stage5_pnl_attribution_summary.signed_share_of_mid_pnl[scope=PRIMARY_DGT;component=DGT_residual],FAIL,0.1775322612124782,0.0781294433491527,0.0994028178633255,1e-10
2,stage5_pnl_attribution_summary.signed_share_of_mid_pnl[scope=PRIMARY_DGT;component=Delta_component],FAIL,1.0021666139750514,1.049594350829015,0.0474277368539637,1e-10
2,stage5_pnl_attribution_summary.signed_share_of_mid_pnl[scope=PRIMARY_DGT;component=Gamma_component],FAIL,0.0608008763894255,0.0950645172682155,0.03426364087879,1e-10
2,stage5_pnl_attribution_summary.signed_share_of_mid_pnl[scope=PRIMARY_DGT;component=Theta_component],FAIL,-0.2404997515769553,-0.2227883114463835,0.0177114401305718,1e-10
2,stage5_pnl_attribution_summary.signed_share_of_mid_pnl[scope=PRIMARY_DGT;component=DGT_residual],FAIL,0.0055446488300213,0.0184389370869839,0.0128942882569626,1e-10
2,stage5_pnl_attribution_summary.signed_share_of_mid_pnl[scope=PRIMARY_DGT;component=Delta_component],FAIL,1.144127012745405,1.1257763920879504,0.0183506206574546,1e-10
2,stage5_pnl_attribution_summary.signed_share_of_mid_pnl[scope=PRIMARY_DGT;component=Gamma_component],FAIL,0.1465736851947549,0.1546476520891663,0.0080739668944114,1e-10
2,stage5_pnl_attribution_summary.signed_share_of_mid_pnl[scope=PRIMARY_DGT;component=Theta_component],FAIL,-0.2962453467701816,-0.2988629812641007,0.0026176344939191,1e-10
2,stage5_pnl_attribution_summary.signed_share_of_mid_pnl[scope=PRIMARY_DGT;component=DGT_residual],FAIL,0.059279262507304,-0.0065598608747825,0.0658391233820865,1e-10
2,stage5_pnl_attribution_summary.signed_share_of_mid_pnl[scope=PRIMARY_DGT;component=Delta_component],FAIL,0.9945701723220648,1.0620695881523992,0.0674994158303343,1e-10
2,stage5_pnl_attribution_summary.signed_share_of_mid_pnl[scope=PRIMARY_DGT;component=Gamma_component],FAIL,0.0241154557721134,0.0295558991373209,0.0054404433652075,1e-10
2,stage5_pnl_attribution_summary.signed_share_of_mid_pnl[scope=PRIMARY_DGT;component=Theta_component],FAIL,-0.0779648906014817,-0.085065626414937,0.0071007358134553,1e-10
2,stage5_pnl_attribution_summary.absolute_aggregate_component_share[scope=PRIMARY_DGT;component=DGT_residual],FAIL,0.1198732753349401,0.054047251533998,0.0658260238009421,1e-10
2,stage5_pnl_attribution_summary.absolute_aggregate_component_share[scope=PRIMARY_DGT;component=Delta_component],FAIL,0.6766826132222564,0.7260731352508003,0.0493905220285438,1e-10
2,stage5_pnl_attribution_summary.absolute_aggregate_component_share[scope=PRIMARY_DGT;component=Gamma_component],FAIL,0.0410539478642262,0.0657623509973344,0.0247084031331082,1e-10
2,stage5_pnl_attribution_summary.absolute_aggregate_component_share[scope=PRIMARY_DGT;component=Theta_component],FAIL,0.1623901635785774,0.1541172622178672,0.0082729013607102,1e-10
2,stage5_pnl_attribution_summary.absolute_aggregate_component_share[scope=PRIMARY_DGT;component=DGT_residual],FAIL,0.0034817464569885,0.0115407382238482,0.0080589917668597,1e-10
2,stage5_pnl_attribution_summary.absolute_aggregate_component_share[scope=PRIMARY_DGT;component=Delta_component],FAIL,0.7184513023443966,0.7046116909226099,0.0138396114217866,1e-10
2,stage5_pnl_attribution_summary.absolute_aggregate_component_share[scope=PRIMARY_DGT;component=Gamma_component],FAIL,0.0920405285816133,0.0967923509513833,0.00475182236977,1e-10
2,stage5_pnl_attribution_summary.absolute_aggregate_component_share[scope=PRIMARY_DGT;component=Theta_component],FAIL,0.1860264226170017,0.1870552199021586,0.0010287972851568,1e-10
2,stage5_pnl_attribution_summary.absolute_aggregate_component_share[scope=PRIMARY_DGT;component=DGT_residual],FAIL,0.051282753910547,0.0055439302529322,0.0457388236576148,1e-10
2,stage5_pnl_attribution_summary.absolute_aggregate_component_share[scope=PRIMARY_DGT;component=Delta_component],FAIL,0.8604070839727185,0.8975860666667849,0.0371789826940663,1e-10
2,stage5_pnl_attribution_summary.absolute_aggregate_component_share[scope=PRIMARY_DGT;component=Gamma_component],FAIL,0.0208623881521737,0.0249785546534842,0.0041161665013105,1e-10
2,stage5_pnl_attribution_summary.absolute_aggregate_component_share[scope=PRIMARY_DGT;component=Theta_component],FAIL,0.0674477739645608,0.0718914484267986,0.0044436744622377,1e-10
2,stage5_pnl_attribution_summary.n_processed[scope=PRIMARY_DGT;component=DGT_residual],FAIL,4780,4783,3.0,1e-10
2,stage5_pnl_attribution_summary.n_processed[scope=PRIMARY_DGT;component=Delta_component],FAIL,4780,4783,3.0,1e-10
2,stage5_pnl_attribution_summary.n_processed[scope=PRIMARY_DGT;component=Gamma_component],FAIL,4780,4783,3.0,1e-10
2,stage5_pnl_attribution_summary.n_processed[scope=PRIMARY_DGT;component=Theta_component],FAIL,4780,4783,3.0,1e-10
2,stage5_pnl_attribution_summary.n_processed[scope=PRIMARY_DGT;component=DGT_residual],FAIL,4115,4107,8.0,1e-10
2,stage5_pnl_attribution_summary.n_processed[scope=PRIMARY_DGT;component=Delta_component],FAIL,4115,4107,8.0,1e-10
2,stage5_pnl_attribution_summary.n_processed[scope=PRIMARY_DGT;component=Gamma_component],FAIL,4115,4107,8.0,1e-10
2,stage5_pnl_attribution_summary.n_processed[scope=PRIMARY_DGT;component=Theta_component],FAIL,4115,4107,8.0,1e-10
2,stage5_pnl_attribution_summary.n_processed[scope=PRIMARY_DGT;component=DGT_residual],FAIL,4258,4251,7.0,1e-10
2,stage5_pnl_attribution_summary.n_processed[scope=PRIMARY_DGT;component=Delta_component],FAIL,4258,4251,7.0,1e-10
2,stage5_pnl_attribution_summary.n_processed[scope=PRIMARY_DGT;component=Gamma_component],FAIL,4258,4251,7.0,1e-10
2,stage5_pnl_attribution_summary.n_processed[scope=PRIMARY_DGT;component=Theta_component],FAIL,4258,4251,7.0,1e-10
2,stage5_pnl_attribution_summary.n_raw_recovered[scope=PRIMARY_DGT;component=DGT_residual],FAIL,3025,3013,12.0,1e-10
2,stage5_pnl_attribution_summary.n_raw_recovered[scope=PRIMARY_DGT;component=Delta_component],FAIL,3025,3013,12.0,1e-10
2,stage5_pnl_attribution_summary.n_raw_recovered[scope=PRIMARY_DGT;component=Gamma_component],FAIL,3025,3013,12.0,1e-10
2,stage5_pnl_attribution_summary.n_raw_recovered[scope=PRIMARY_DGT;component=Theta_component],FAIL,3025,3013,12.0,1e-10
2,stage5_pnl_attribution_summary.n_raw_recovered[scope=PRIMARY_DGT;component=DGT_residual],FAIL,3247,3230,17.0,1e-10
2,stage5_pnl_attribution_summary.n_raw_recovered[scope=PRIMARY_DGT;component=Delta_component],FAIL,3247,3230,17.0,1e-10
2,stage5_pnl_attribution_summary.n_raw_recovered[scope=PRIMARY_DGT;component=Gamma_component],FAIL,3247,3230,17.0,1e-10
2,stage5_pnl_attribution_summary.n_raw_recovered[scope=PRIMARY_DGT;component=Theta_component],FAIL,3247,3230,17.0,1e-10
2,stage5_pnl_attribution_summary.n_raw_recovered[scope=PRIMARY_DGT;component=DGT_residual],FAIL,3379,3364,15.0,1e-10
2,stage5_pnl_attribution_summary.n_raw_recovered[scope=PRIMARY_DGT;component=Delta_component],FAIL,3379,3364,15.0,1e-10
2,stage5_pnl_attribution_summary.n_raw_recovered[scope=PRIMARY_DGT;component=Gamma_component],FAIL,3379,3364,15.0,1e-10
2,stage5_pnl_attribution_summary.n_raw_recovered[scope=PRIMARY_DGT;component=Theta_component],FAIL,3379,3364,15.0,1e-10
2,stage5_dgvt_subset_summary.row_keys,PASS,15,15,0.0,0.0
2,stage5_dgvt_subset_summary.n_contracts[scope=EXACT_IV_DIAGNOSTIC_SUBSET;component=DGVT_residual],FAIL,4780,4783,3.0,1e-10
2,stage5_dgvt_subset_summary.n_contracts[scope=EXACT_IV_DIAGNOSTIC_SUBSET;component=Delta_component],FAIL,4780,4783,3.0,1e-10
2,stage5_dgvt_subset_summary.n_contracts[scope=EXACT_IV_DIAGNOSTIC_SUBSET;component=Gamma_component],FAIL,4780,4783,3.0,1e-10
2,stage5_dgvt_subset_summary.n_contracts[scope=EXACT_IV_DIAGNOSTIC_SUBSET;component=Theta_component],FAIL,4780,4783,3.0,1e-10
2,stage5_dgvt_subset_summary.n_contracts[scope=EXACT_IV_DIAGNOSTIC_SUBSET;component=Vega_component],FAIL,4780,4783,3.0,1e-10
2,stage5_dgvt_subset_summary.n_contracts[scope=EXACT_IV_DIAGNOSTIC_SUBSET;component=DGVT_residual],FAIL,4115,4107,8.0,1e-10
2,stage5_dgvt_subset_summary.n_contracts[scope=EXACT_IV_DIAGNOSTIC_SUBSET;component=Delta_component],FAIL,4115,4107,8.0,1e-10
2,stage5_dgvt_subset_summary.n_contracts[scope=EXACT_IV_DIAGNOSTIC_SUBSET;component=Gamma_component],FAIL,4115,4107,8.0,1e-10
2,stage5_dgvt_subset_summary.n_contracts[scope=EXACT_IV_DIAGNOSTIC_SUBSET;component=Theta_component],FAIL,4115,4107,8.0,1e-10
2,stage5_dgvt_subset_summary.n_contracts[scope=EXACT_IV_DIAGNOSTIC_SUBSET;component=Vega_component],FAIL,4115,4107,8.0,1e-10
2,stage5_dgvt_subset_summary.n_contracts[scope=EXACT_IV_DIAGNOSTIC_SUBSET;component=DGVT_residual],FAIL,4258,4251,7.0,1e-10
2,stage5_dgvt_subset_summary.n_contracts[scope=EXACT_IV_DIAGNOSTIC_SUBSET;component=Delta_component],FAIL,4258,4251,7.0,1e-10
2,stage5_dgvt_subset_summary.n_contracts[scope=EXACT_IV_DIAGNOSTIC_SUBSET;component=Gamma_component],FAIL,4258,4251,7.0,1e-10
2,stage5_dgvt_subset_summary.n_contracts[scope=EXACT_IV_DIAGNOSTIC_SUBSET;component=Theta_component],FAIL,4258,4251,7.0,1e-10
2,stage5_dgvt_subset_summary.n_contracts[scope=EXACT_IV_DIAGNOSTIC_SUBSET;component=Vega_component],FAIL,4258,4251,7.0,1e-10
2,stage5_dgvt_subset_summary.coverage_pct[scope=EXACT_IV_DIAGNOSTIC_SUBSET;component=DGVT_residual],FAIL,61.2427930813581,61.35197537198563,0.1091822906275297,1e-10
2,stage5_dgvt_subset_summary.coverage_pct[scope=EXACT_IV_DIAGNOSTIC_SUBSET;component=Delta_component],FAIL,61.2427930813581,61.35197537198563,0.1091822906275297,1e-10
2,stage5_dgvt_subset_summary.coverage_pct[scope=EXACT_IV_DIAGNOSTIC_SUBSET;component=Gamma_component],FAIL,61.2427930813581,61.35197537198563,0.1091822906275297,1e-10
2,stage5_dgvt_subset_summary.coverage_pct[scope=EXACT_IV_DIAGNOSTIC_SUBSET;component=Theta_component],FAIL,61.2427930813581,61.35197537198563,0.1091822906275297,1e-10
2,stage5_dgvt_subset_summary.coverage_pct[scope=EXACT_IV_DIAGNOSTIC_SUBSET;component=Vega_component],FAIL,61.2427930813581,61.35197537198563,0.1091822906275297,1e-10
2,stage5_dgvt_subset_summary.coverage_pct[scope=EXACT_IV_DIAGNOSTIC_SUBSET;component=DGVT_residual],FAIL,55.89513719098071,55.976557175957474,0.0814199849767618,1e-10
2,stage5_dgvt_subset_summary.coverage_pct[scope=EXACT_IV_DIAGNOSTIC_SUBSET;component=Delta_component],FAIL,55.89513719098071,55.976557175957474,0.0814199849767618,1e-10
2,stage5_dgvt_subset_summary.coverage_pct[scope=EXACT_IV_DIAGNOSTIC_SUBSET;component=Gamma_component],FAIL,55.89513719098071,55.976557175957474,0.0814199849767618,1e-10
2,stage5_dgvt_subset_summary.coverage_pct[scope=EXACT_IV_DIAGNOSTIC_SUBSET;component=Theta_component],FAIL,55.89513719098071,55.976557175957474,0.0814199849767618,1e-10
2,stage5_dgvt_subset_summary.coverage_pct[scope=EXACT_IV_DIAGNOSTIC_SUBSET;component=Vega_component],FAIL,55.89513719098071,55.976557175957474,0.0814199849767618,1e-10
2,stage5_dgvt_subset_summary.coverage_pct[scope=EXACT_IV_DIAGNOSTIC_SUBSET;component=DGVT_residual],FAIL,55.75487756972633,55.82403151674327,0.069153947016936,1e-10
2,stage5_dgvt_subset_summary.coverage_pct[scope=EXACT_IV_DIAGNOSTIC_SUBSET;component=Delta_component],FAIL,55.75487756972633,55.82403151674327,0.069153947016936,1e-10
2,stage5_dgvt_subset_summary.coverage_pct[scope=EXACT_IV_DIAGNOSTIC_SUBSET;component=Gamma_component],FAIL,55.75487756972633,55.82403151674327,0.069153947016936,1e-10
2,stage5_dgvt_subset_summary.coverage_pct[scope=EXACT_IV_DIAGNOSTIC_SUBSET;component=Theta_component],FAIL,55.75487756972633,55.82403151674327,0.069153947016936,1e-10
2,stage5_dgvt_subset_summary.coverage_pct[scope=EXACT_IV_DIAGNOSTIC_SUBSET;component=Vega_component],FAIL,55.75487756972633,55.82403151674327,0.069153947016936,1e-10
2,stage5_dgvt_subset_summary.n_days[scope=EXACT_IV_DIAGNOSTIC_SUBSET;component=DGVT_residual],PASS,403,403,0.0,1e-10
2,stage5_dgvt_subset_summary.n_days[scope=EXACT_IV_DIAGNOSTIC_SUBSET;component=Delta_component],PASS,403,403,0.0,1e-10
2,stage5_dgvt_subset_summary.n_days[scope=EXACT_IV_DIAGNOSTIC_SUBSET;component=Gamma_component],PASS,403,403,0.0,1e-10
2,stage5_dgvt_subset_summary.n_days[scope=EXACT_IV_DIAGNOSTIC_SUBSET;component=Theta_component],PASS,403,403,0.0,1e-10
2,stage5_dgvt_subset_summary.n_days[scope=EXACT_IV_DIAGNOSTIC_SUBSET;component=Vega_component],PASS,403,403,0.0,1e-10
2,stage5_dgvt_subset_summary.n_days[scope=EXACT_IV_DIAGNOSTIC_SUBSET;component=DGVT_residual],PASS,403,403,0.0,1e-10
2,stage5_dgvt_subset_summary.n_days[scope=EXACT_IV_DIAGNOSTIC_SUBSET;component=Delta_component],PASS,403,403,0.0,1e-10
2,stage5_dgvt_subset_summary.n_days[scope=EXACT_IV_DIAGNOSTIC_SUBSET;component=Gamma_component],PASS,403,403,0.0,1e-10
2,stage5_dgvt_subset_summary.n_days[scope=EXACT_IV_DIAGNOSTIC_SUBSET;component=Theta_component],PASS,403,403,0.0,1e-10
2,stage5_dgvt_subset_summary.n_days[scope=EXACT_IV_DIAGNOSTIC_SUBSET;component=Vega_component],PASS,403,403,0.0,1e-10
2,stage5_dgvt_subset_summary.n_days[scope=EXACT_IV_DIAGNOSTIC_SUBSET;component=DGVT_residual],PASS,403,403,0.0,1e-10
2,stage5_dgvt_subset_summary.n_days[scope=EXACT_IV_DIAGNOSTIC_SUBSET;component=Delta_component],PASS,403,403,0.0,1e-10
2,stage5_dgvt_subset_summary.n_days[scope=EXACT_IV_DIAGNOSTIC_SUBSET;component=Gamma_component],PASS,403,403,0.0,1e-10
2,stage5_dgvt_subset_summary.n_days[scope=EXACT_IV_DIAGNOSTIC_SUBSET;component=Theta_component],PASS,403,403,0.0,1e-10
2,stage5_dgvt_subset_summary.n_days[scope=EXACT_IV_DIAGNOSTIC_SUBSET;component=Vega_component],PASS,403,403,0.0,1e-10
2,stage5_dgvt_subset_summary.total_mid_pnl[scope=EXACT_IV_DIAGNOSTIC_SUBSET;component=DGVT_residual],FAIL,-77.41874007936508,-76.5958680555555,0.8228720238095804,1e-10
2,stage5_dgvt_subset_summary.total_mid_pnl[scope=EXACT_IV_DIAGNOSTIC_SUBSET;component=Delta_component],FAIL,-77.41874007936508,-76.5958680555555,0.8228720238095804,1e-10
2,stage5_dgvt_subset_summary.total_mid_pnl[scope=EXACT_IV_DIAGNOSTIC_SUBSET;component=Gamma_component],FAIL,-77.41874007936508,-76.5958680555555,0.8228720238095804,1e-10
2,stage5_dgvt_subset_summary.total_mid_pnl[scope=EXACT_IV_DIAGNOSTIC_SUBSET;component=Theta_component],FAIL,-77.41874007936508,-76.5958680555555,0.8228720238095804,1e-10
2,stage5_dgvt_subset_summary.total_mid_pnl[scope=EXACT_IV_DIAGNOSTIC_SUBSET;component=Vega_component],FAIL,-77.41874007936508,-76.5958680555555,0.8228720238095804,1e-10
2,stage5_dgvt_subset_summary.total_mid_pnl[scope=EXACT_IV_DIAGNOSTIC_SUBSET;component=DGVT_residual],FAIL,50.31750000000004,49.73375000000004,0.5837499999999949,1e-10
2,stage5_dgvt_subset_summary.total_mid_pnl[scope=EXACT_IV_DIAGNOSTIC_SUBSET;component=Delta_component],FAIL,50.31750000000004,49.73375000000004,0.5837499999999949,1e-10
2,stage5_dgvt_subset_summary.total_mid_pnl[scope=EXACT_IV_DIAGNOSTIC_SUBSET;component=Gamma_component],FAIL,50.31750000000004,49.73375000000004,0.5837499999999949,1e-10
2,stage5_dgvt_subset_summary.total_mid_pnl[scope=EXACT_IV_DIAGNOSTIC_SUBSET;component=Theta_component],FAIL,50.31750000000004,49.73375000000004,0.5837499999999949,1e-10
2,stage5_dgvt_subset_summary.total_mid_pnl[scope=EXACT_IV_DIAGNOSTIC_SUBSET;component=Vega_component],FAIL,50.31750000000004,49.73375000000004,0.5837499999999949,1e-10
2,stage5_dgvt_subset_summary.total_mid_pnl[scope=EXACT_IV_DIAGNOSTIC_SUBSET;component=DGVT_residual],FAIL,-106.59749999999993,-88.52374999999995,18.073749999999976,1e-10
2,stage5_dgvt_subset_summary.total_mid_pnl[scope=EXACT_IV_DIAGNOSTIC_SUBSET;component=Delta_component],FAIL,-106.59749999999993,-88.52374999999995,18.073749999999976,1e-10
2,stage5_dgvt_subset_summary.total_mid_pnl[scope=EXACT_IV_DIAGNOSTIC_SUBSET;component=Gamma_component],FAIL,-106.59749999999993,-88.52374999999995,18.073749999999976,1e-10
2,stage5_dgvt_subset_summary.total_mid_pnl[scope=EXACT_IV_DIAGNOSTIC_SUBSET;component=Theta_component],FAIL,-106.59749999999993,-88.52374999999995,18.073749999999976,1e-10
2,stage5_dgvt_subset_summary.total_mid_pnl[scope=EXACT_IV_DIAGNOSTIC_SUBSET;component=Vega_component],FAIL,-106.59749999999993,-88.52374999999995,18.073749999999976,1e-10
2,stage5_dgvt_subset_summary.total_component[scope=EXACT_IV_DIAGNOSTIC_SUBSET;component=DGVT_residual],FAIL,-150.68368605643042,-51.39957186707991,99.2841141893505,1e-10
2,stage5_dgvt_subset_summary.total_component[scope=EXACT_IV_DIAGNOSTIC_SUBSET;component=Delta_component],FAIL,-73.67185622511171,-80.80404530131538,7.132189076203673,1e-10
2,stage5_dgvt_subset_summary.total_component[scope=EXACT_IV_DIAGNOSTIC_SUBSET;component=Gamma_component],FAIL,-0.692949403741902,-4.5773291403000815,3.88437973655818,1e-10
2,stage5_dgvt_subset_summary.total_component[scope=EXACT_IV_DIAGNOSTIC_SUBSET;component=Theta_component],FAIL,10.310945006660717,12.876136431559903,2.5651914248991865,1e-10
2,stage5_dgvt_subset_summary.total_component[scope=EXACT_IV_DIAGNOSTIC_SUBSET;component=Vega_component],FAIL,137.31880659925824,47.30894182158,90.00986477767825,1e-10
2,stage5_dgvt_subset_summary.total_component[scope=EXACT_IV_DIAGNOSTIC_SUBSET;component=DGVT_residual],FAIL,-316.34823735936504,-327.11307090483444,10.7648335454694,1e-10
2,stage5_dgvt_subset_summary.total_component[scope=EXACT_IV_DIAGNOSTIC_SUBSET;component=Delta_component],FAIL,40.26572801423275,42.327614654303446,2.0618866400706963,1e-10
2,stage5_dgvt_subset_summary.total_component[scope=EXACT_IV_DIAGNOSTIC_SUBSET;component=Gamma_component],FAIL,-1.618782782397774,-2.391169421259735,0.7723866388619611,1e-10
2,stage5_dgvt_subset_summary.total_component[scope=EXACT_IV_DIAGNOSTIC_SUBSET;component=Theta_component],FAIL,10.368965499052845,10.231750204694876,0.1372152943579685,1e-10
2,stage5_dgvt_subset_summary.total_component[scope=EXACT_IV_DIAGNOSTIC_SUBSET;component=Vega_component],FAIL,317.64982662847723,326.67862546709586,9.028798838618629,1e-10
2,stage5_dgvt_subset_summary.total_component[scope=EXACT_IV_DIAGNOSTIC_SUBSET;component=DGVT_residual],FAIL,-409.82769843785593,-382.3219348985989,27.505763539257032,1e-10
2,stage5_dgvt_subset_summary.total_component[scope=EXACT_IV_DIAGNOSTIC_SUBSET;component=Delta_component],FAIL,-108.711065115487,-97.4255861151446,11.285479000342406,1e-10
2,stage5_dgvt_subset_summary.total_component[scope=EXACT_IV_DIAGNOSTIC_SUBSET;component=Gamma_component],FAIL,-1.3887053448417546,-1.6378320365454924,0.2491266917037378,1e-10
2,stage5_dgvt_subset_summary.total_component[scope=EXACT_IV_DIAGNOSTIC_SUBSET;component=Theta_component],FAIL,7.335074243905426,7.284524204650491,0.0505500392549347,1e-10
2,stage5_dgvt_subset_summary.total_component[scope=EXACT_IV_DIAGNOSTIC_SUBSET;component=Vega_component],FAIL,405.99489465427934,385.57707884563854,20.4178158086408,1e-10
2,stage5_dgvt_subset_summary.mean_daily_component[scope=EXACT_IV_DIAGNOSTIC_SUBSET;component=DGVT_residual],FAIL,-0.3739049281797281,-0.1275423619530519,0.2463625662266761,1e-10
2,stage5_dgvt_subset_summary.mean_daily_component[scope=EXACT_IV_DIAGNOSTIC_SUBSET;component=Delta_component],FAIL,-0.182808576240972,-0.2005063158841573,0.0176977396431853,1e-10
2,stage5_dgvt_subset_summary.mean_daily_component[scope=EXACT_IV_DIAGNOSTIC_SUBSET;component=Gamma_component],FAIL,-0.0017194774286399,-0.0113581368245659,0.009638659395926,1e-10
2,stage5_dgvt_subset_summary.mean_daily_component[scope=EXACT_IV_DIAGNOSTIC_SUBSET;component=Theta_component],FAIL,0.0255854714805476,0.0319507107482876,0.0063652392677399,1e-10
2,stage5_dgvt_subset_summary.mean_daily_component[scope=EXACT_IV_DIAGNOSTIC_SUBSET;component=Vega_component],FAIL,0.340741455581286,0.1173919151900247,0.2233495403912613,1e-10
2,stage5_dgvt_subset_summary.mean_daily_component[scope=EXACT_IV_DIAGNOSTIC_SUBSET;component=DGVT_residual],FAIL,-0.7849832192540074,-0.811694965024403,0.0267117457703955,1e-10
2,stage5_dgvt_subset_summary.mean_daily_component[scope=EXACT_IV_DIAGNOSTIC_SUBSET;component=Delta_component],FAIL,0.0999149578516941,0.1050313018717207,0.0051163440200266,1e-10
2,stage5_dgvt_subset_summary.mean_daily_component[scope=EXACT_IV_DIAGNOSTIC_SUBSET;component=Gamma_component],FAIL,-0.0040168307255527,-0.0059334228815378,0.001916592155985,1e-10
2,stage5_dgvt_subset_summary.mean_daily_component[scope=EXACT_IV_DIAGNOSTIC_SUBSET;component=Theta_component],FAIL,0.0257294429256894,0.0253889583243049,0.0003404846013844,1e-10
2,stage5_dgvt_subset_summary.mean_daily_component[scope=EXACT_IV_DIAGNOSTIC_SUBSET;component=Vega_component],FAIL,0.7882129693014324,0.8106169366429179,0.0224039673414855,1e-10
2,stage5_dgvt_subset_summary.mean_daily_component[scope=EXACT_IV_DIAGNOSTIC_SUBSET;component=DGVT_residual],FAIL,-1.0169421797465406,-0.9486896647607912,0.0682525149857493,1e-10
2,stage5_dgvt_subset_summary.mean_daily_component[scope=EXACT_IV_DIAGNOSTIC_SUBSET;component=Delta_component],FAIL,-0.2697545040086526,-0.2417508340326169,0.0280036699760356,1e-10
2,stage5_dgvt_subset_summary.mean_daily_component[scope=EXACT_IV_DIAGNOSTIC_SUBSET;component=Gamma_component],FAIL,-0.0034459189698306,-0.0040640993462667,0.0006181803764361,1e-10
2,stage5_dgvt_subset_summary.mean_daily_component[scope=EXACT_IV_DIAGNOSTIC_SUBSET;component=Theta_component],FAIL,0.0182011767838844,0.0180757424433014,0.0001254343405829,1e-10
2,stage5_dgvt_subset_summary.mean_daily_component[scope=EXACT_IV_DIAGNOSTIC_SUBSET;component=Vega_component],FAIL,1.007431500382827,0.9567669450263984,0.0506645553564285,1e-10
2,stage5_dgvt_subset_summary.median_daily_component[scope=EXACT_IV_DIAGNOSTIC_SUBSET;component=DGVT_residual],FAIL,0.0012890554151698,-0.0630302716706419,0.0643193270858117,1e-10
2,stage5_dgvt_subset_summary.median_daily_component[scope=EXACT_IV_DIAGNOSTIC_SUBSET;component=Delta_component],FAIL,-0.0353911673300606,-0.0595495790283164,0.0241584116982558,1e-10
2,stage5_dgvt_subset_summary.median_daily_component[scope=EXACT_IV_DIAGNOSTIC_SUBSET;component=Gamma_component],FAIL,-1.6715419922943252e-06,-3.1581377633927256e-05,2.990983564163293e-05,1e-10
2,stage5_dgvt_subset_summary.median_daily_component[scope=EXACT_IV_DIAGNOSTIC_SUBSET;component=Theta_component],FAIL,0.0183783099252795,0.018263572856904,0.0001147370683754,1e-10
2,stage5_dgvt_subset_summary.median_daily_component[scope=EXACT_IV_DIAGNOSTIC_SUBSET;component=Vega_component],FAIL,0.0109220254462754,0.0910318333205438,0.0801098078742684,1e-10
2,stage5_dgvt_subset_summary.median_daily_component[scope=EXACT_IV_DIAGNOSTIC_SUBSET;component=DGVT_residual],FAIL,-0.2237134115848695,-0.1924371061564386,0.0312763054284308,1e-10
2,stage5_dgvt_subset_summary.median_daily_component[scope=EXACT_IV_DIAGNOSTIC_SUBSET;component=Delta_component],FAIL,0.0094235882703449,0.020944797169636,0.0115212088992911,1e-10
2,stage5_dgvt_subset_summary.median_daily_component[scope=EXACT_IV_DIAGNOSTIC_SUBSET;component=Gamma_component],FAIL,-6.232016257254955e-05,-0.0001787257027474,0.0001164055401748,1e-10
2,stage5_dgvt_subset_summary.median_daily_component[scope=EXACT_IV_DIAGNOSTIC_SUBSET;component=Theta_component],FAIL,0.0281740607023153,0.0305964288785136,0.0024223681761983,1e-10
2,stage5_dgvt_subset_summary.median_daily_component[scope=EXACT_IV_DIAGNOSTIC_SUBSET;component=Vega_component],FAIL,0.2820300145546017,0.2924631443603558,0.0104331298057541,1e-10
2,stage5_dgvt_subset_summary.median_daily_component[scope=EXACT_IV_DIAGNOSTIC_SUBSET;component=DGVT_residual],FAIL,-0.1330867617038567,-0.1387168612138236,0.0056300995099669,1e-10
2,stage5_dgvt_subset_summary.median_daily_component[scope=EXACT_IV_DIAGNOSTIC_SUBSET;component=Delta_component],FAIL,-0.0244533029547169,-0.0254226820604728,0.0009693791057558,1e-10
2,stage5_dgvt_subset_summary.median_daily_component[scope=EXACT_IV_DIAGNOSTIC_SUBSET;component=Gamma_component],FAIL,-0.0001102451342541,-0.0001442337738602,3.3988639606100004e-05,1e-10
2,stage5_dgvt_subset_summary.median_daily_component[scope=EXACT_IV_DIAGNOSTIC_SUBSET;component=Theta_component],FAIL,0.0169907046251094,0.0217016760728289,0.0047109714477194,1e-10
2,stage5_dgvt_subset_summary.median_daily_component[scope=EXACT_IV_DIAGNOSTIC_SUBSET;component=Vega_component],FAIL,0.1783088893131177,0.1247796679260178,0.0535292213870998,1e-10
2,stage5_dgvt_subset_summary.signed_share_of_mid_pnl[scope=EXACT_IV_DIAGNOSTIC_SUBSET;component=DGVT_residual],FAIL,1.946346400134625,0.67104888516701,1.275297514967615,1e-10
2,stage5_dgvt_subset_summary.signed_share_of_mid_pnl[scope=EXACT_IV_DIAGNOSTIC_SUBSET;component=Delta_component],FAIL,0.9516023659076306,1.0549400033263892,0.1033376374187585,1e-10
2,stage5_dgvt_subset_summary.signed_share_of_mid_pnl[scope=EXACT_IV_DIAGNOSTIC_SUBSET;component=Gamma_component],FAIL,0.0089506675390419,0.0597594786311464,0.0508088110921045,1e-10
2,stage5_dgvt_subset_summary.signed_share_of_mid_pnl[scope=EXACT_IV_DIAGNOSTIC_SUBSET;component=Theta_component],FAIL,-0.1331840972365418,-0.168104843752417,0.0349207465158752,1e-10
2,stage5_dgvt_subset_summary.signed_share_of_mid_pnl[scope=EXACT_IV_DIAGNOSTIC_SUBSET;component=Vega_component],FAIL,-1.7737153363447555,-0.617643523372129,1.1560718129726264,1e-10
2,stage5_dgvt_subset_summary.signed_share_of_mid_pnl[scope=EXACT_IV_DIAGNOSTIC_SUBSET;component=DGVT_residual],FAIL,-6.287042030294924,-6.5772854631881605,0.2902434328932362,1e-10
2,stage5_dgvt_subset_summary.signed_share_of_mid_pnl[scope=EXACT_IV_DIAGNOSTIC_SUBSET;component=Delta_component],FAIL,0.8002330802252242,0.8510843170744898,0.0508512368492656,1e-10
2,stage5_dgvt_subset_summary.signed_share_of_mid_pnl[scope=EXACT_IV_DIAGNOSTIC_SUBSET;component=Gamma_component],FAIL,-0.0321713674645555,-0.0480794112903155,0.01590804382576,1e-10
2,stage5_dgvt_subset_summary.signed_share_of_mid_pnl[scope=EXACT_IV_DIAGNOSTIC_SUBSET;component=Theta_component],FAIL,0.2060707606509233,0.2057305191081482,0.000340241542775,1e-10
2,stage5_dgvt_subset_summary.signed_share_of_mid_pnl[scope=EXACT_IV_DIAGNOSTIC_SUBSET;component=Vega_component],FAIL,6.312909556883331,6.568550038295837,0.2556404814125059,1e-10
2,stage5_dgvt_subset_summary.signed_share_of_mid_pnl[scope=EXACT_IV_DIAGNOSTIC_SUBSET;component=DGVT_residual],FAIL,3.84462767361201,4.318862846395448,0.4742351727834379,1e-10
2,stage5_dgvt_subset_summary.signed_share_of_mid_pnl[scope=EXACT_IV_DIAGNOSTIC_SUBSET;component=Delta_component],FAIL,1.0198275298715926,1.1005587327146065,0.0807312028430138,1e-10
2,stage5_dgvt_subset_summary.signed_share_of_mid_pnl[scope=EXACT_IV_DIAGNOSTIC_SUBSET;component=Gamma_component],FAIL,0.0130275601664368,0.0185016115623829,0.005474051395946,1e-10
2,stage5_dgvt_subset_summary.signed_share_of_mid_pnl[scope=EXACT_IV_DIAGNOSTIC_SUBSET;component=Theta_component],FAIL,-0.0688109406309288,-0.082288924776125,0.0134779841451962,1e-10
2,stage5_dgvt_subset_summary.signed_share_of_mid_pnl[scope=EXACT_IV_DIAGNOSTIC_SUBSET;component=Vega_component],FAIL,-3.808671823019111,-4.355634265896313,0.5469624428772022,1e-10
2,stage5_dgvt_subset_summary.absolute_aggregate_component_share[scope=EXACT_IV_DIAGNOSTIC_SUBSET;component=DGVT_residual],FAIL,0.404326490126469,0.2609565379685246,0.1433699521579444,1e-10
2,stage5_dgvt_subset_summary.absolute_aggregate_component_share[scope=EXACT_IV_DIAGNOSTIC_SUBSET;component=Delta_component],FAIL,0.1976822032177125,0.4102435710984656,0.2125613678807531,1e-10
2,stage5_dgvt_subset_summary.absolute_aggregate_component_share[scope=EXACT_IV_DIAGNOSTIC_SUBSET;component=Gamma_component],FAIL,0.0018593771335356,0.0232391812267251,0.0213798040931895,1e-10
2,stage5_dgvt_subset_summary.absolute_aggregate_component_share[scope=EXACT_IV_DIAGNOSTIC_SUBSET;component=Theta_component],FAIL,0.0276671503965525,0.0653723730283117,0.0377052226317592,1e-10
2,stage5_dgvt_subset_summary.absolute_aggregate_component_share[scope=EXACT_IV_DIAGNOSTIC_SUBSET;component=Vega_component],FAIL,0.3684647791257301,0.240188336677973,0.1282764424477571,1e-10
2,stage5_dgvt_subset_summary.absolute_aggregate_component_share[scope=EXACT_IV_DIAGNOSTIC_SUBSET;component=DGVT_residual],FAIL,0.4609800033799056,0.4615402564678885,0.0005602530879829,1e-10
2,stage5_dgvt_subset_summary.absolute_aggregate_component_share[scope=EXACT_IV_DIAGNOSTIC_SUBSET;component=Delta_component],FAIL,0.0586748818044137,0.0597221568345847,0.0010472750301709,1e-10
2,stage5_dgvt_subset_summary.absolute_aggregate_component_share[scope=EXACT_IV_DIAGNOSTIC_SUBSET;component=Gamma_component],FAIL,0.0023588767199399,0.0033738209998568,0.0010149442799168,1e-10
2,stage5_dgvt_subset_summary.absolute_aggregate_component_share[scope=EXACT_IV_DIAGNOSTIC_SUBSET;component=Theta_component],FAIL,0.015109569728279,0.014436490111898,0.000673079616381,1e-10
2,stage5_dgvt_subset_summary.absolute_aggregate_component_share[scope=EXACT_IV_DIAGNOSTIC_SUBSET;component=Vega_component],FAIL,0.4628766683674616,0.4609272755857718,0.0019493927816898,1e-10
2,stage5_dgvt_subset_summary.absolute_aggregate_component_share[scope=EXACT_IV_DIAGNOSTIC_SUBSET;component=DGVT_residual],FAIL,0.439136814602358,0.4373157175220573,0.0018210970803007,1e-10
2,stage5_dgvt_subset_summary.absolute_aggregate_component_share[scope=EXACT_IV_DIAGNOSTIC_SUBSET;component=Delta_component],FAIL,0.1164856134146418,0.1114394341728039,0.0050461792418378,1e-10
2,stage5_dgvt_subset_summary.absolute_aggregate_component_share[scope=EXACT_IV_DIAGNOSTIC_SUBSET;component=Gamma_component],FAIL,0.0014880195845219,0.0018734203477822,0.0003854007632602,1e-10
2,stage5_dgvt_subset_summary.absolute_aggregate_component_share[scope=EXACT_IV_DIAGNOSTIC_SUBSET;component=Theta_component],FAIL,0.0078596472386281,0.0083323415126794,0.0004726942740512,1e-10
2,stage5_dgvt_subset_summary.absolute_aggregate_component_share[scope=EXACT_IV_DIAGNOSTIC_SUBSET;component=Vega_component],FAIL,0.4350299051598501,0.441039086444677,0.0060091812848268,1e-10
2,stage5_dgvt_subset_summary.n_processed[scope=EXACT_IV_DIAGNOSTIC_SUBSET;component=DGVT_residual],FAIL,4780,4783,3.0,1e-10
2,stage5_dgvt_subset_summary.n_processed[scope=EXACT_IV_DIAGNOSTIC_SUBSET;component=Delta_component],FAIL,4780,4783,3.0,1e-10
2,stage5_dgvt_subset_summary.n_processed[scope=EXACT_IV_DIAGNOSTIC_SUBSET;component=Gamma_component],FAIL,4780,4783,3.0,1e-10
2,stage5_dgvt_subset_summary.n_processed[scope=EXACT_IV_DIAGNOSTIC_SUBSET;component=Theta_component],FAIL,4780,4783,3.0,1e-10
2,stage5_dgvt_subset_summary.n_processed[scope=EXACT_IV_DIAGNOSTIC_SUBSET;component=Vega_component],FAIL,4780,4783,3.0,1e-10
2,stage5_dgvt_subset_summary.n_processed[scope=EXACT_IV_DIAGNOSTIC_SUBSET;component=DGVT_residual],FAIL,4115,4107,8.0,1e-10
2,stage5_dgvt_subset_summary.n_processed[scope=EXACT_IV_DIAGNOSTIC_SUBSET;component=Delta_component],FAIL,4115,4107,8.0,1e-10
2,stage5_dgvt_subset_summary.n_processed[scope=EXACT_IV_DIAGNOSTIC_SUBSET;component=Gamma_component],FAIL,4115,4107,8.0,1e-10
2,stage5_dgvt_subset_summary.n_processed[scope=EXACT_IV_DIAGNOSTIC_SUBSET;component=Theta_component],FAIL,4115,4107,8.0,1e-10
2,stage5_dgvt_subset_summary.n_processed[scope=EXACT_IV_DIAGNOSTIC_SUBSET;component=Vega_component],FAIL,4115,4107,8.0,1e-10
2,stage5_dgvt_subset_summary.n_processed[scope=EXACT_IV_DIAGNOSTIC_SUBSET;component=DGVT_residual],FAIL,4258,4251,7.0,1e-10
2,stage5_dgvt_subset_summary.n_processed[scope=EXACT_IV_DIAGNOSTIC_SUBSET;component=Delta_component],FAIL,4258,4251,7.0,1e-10
2,stage5_dgvt_subset_summary.n_processed[scope=EXACT_IV_DIAGNOSTIC_SUBSET;component=Gamma_component],FAIL,4258,4251,7.0,1e-10
2,stage5_dgvt_subset_summary.n_processed[scope=EXACT_IV_DIAGNOSTIC_SUBSET;component=Theta_component],FAIL,4258,4251,7.0,1e-10
2,stage5_dgvt_subset_summary.n_processed[scope=EXACT_IV_DIAGNOSTIC_SUBSET;component=Vega_component],FAIL,4258,4251,7.0,1e-10
2,stage5_dgvt_subset_summary.n_raw_recovered[scope=EXACT_IV_DIAGNOSTIC_SUBSET;component=DGVT_residual],PASS,0,0,0.0,1e-10
2,stage5_dgvt_subset_summary.n_raw_recovered[scope=EXACT_IV_DIAGNOSTIC_SUBSET;component=Delta_component],PASS,0,0,0.0,1e-10
2,stage5_dgvt_subset_summary.n_raw_recovered[scope=EXACT_IV_DIAGNOSTIC_SUBSET;component=Gamma_component],PASS,0,0,0.0,1e-10
2,stage5_dgvt_subset_summary.n_raw_recovered[scope=EXACT_IV_DIAGNOSTIC_SUBSET;component=Theta_component],PASS,0,0,0.0,1e-10
2,stage5_dgvt_subset_summary.n_raw_recovered[scope=EXACT_IV_DIAGNOSTIC_SUBSET;component=Vega_component],PASS,0,0,0.0,1e-10
2,stage5_dgvt_subset_summary.n_raw_recovered[scope=EXACT_IV_DIAGNOSTIC_SUBSET;component=DGVT_residual],PASS,0,0,0.0,1e-10
2,stage5_dgvt_subset_summary.n_raw_recovered[scope=EXACT_IV_DIAGNOSTIC_SUBSET;component=Delta_component],PASS,0,0,0.0,1e-10
2,stage5_dgvt_subset_summary.n_raw_recovered[scope=EXACT_IV_DIAGNOSTIC_SUBSET;component=Gamma_component],PASS,0,0,0.0,1e-10
2,stage5_dgvt_subset_summary.n_raw_recovered[scope=EXACT_IV_DIAGNOSTIC_SUBSET;component=Theta_component],PASS,0,0,0.0,1e-10
2,stage5_dgvt_subset_summary.n_raw_recovered[scope=EXACT_IV_DIAGNOSTIC_SUBSET;component=Vega_component],PASS,0,0,0.0,1e-10
2,stage5_dgvt_subset_summary.n_raw_recovered[scope=EXACT_IV_DIAGNOSTIC_SUBSET;component=DGVT_residual],PASS,0,0,0.0,1e-10
2,stage5_dgvt_subset_summary.n_raw_recovered[scope=EXACT_IV_DIAGNOSTIC_SUBSET;component=Delta_component],PASS,0,0,0.0,1e-10
2,stage5_dgvt_subset_summary.n_raw_recovered[scope=EXACT_IV_DIAGNOSTIC_SUBSET;component=Gamma_component],PASS,0,0,0.0,1e-10
2,stage5_dgvt_subset_summary.n_raw_recovered[scope=EXACT_IV_DIAGNOSTIC_SUBSET;component=Theta_component],PASS,0,0,0.0,1e-10
2,stage5_dgvt_subset_summary.n_raw_recovered[scope=EXACT_IV_DIAGNOSTIC_SUBSET;component=Vega_component],PASS,0,0,0.0,1e-10
2,stage6_multiple_testing.row_keys,PASS,48,48,0.0,0.0
2,stage6_multiple_testing.mean_daily_return[family=PRIMARY_BID_ASK_12],FAIL,-0.0100230611801052,-0.0099451542791427,7.79069009624999e-05,1e-10
2,stage6_multiple_testing.mean_daily_return[family=SECONDARY_BID_ASK_arima_4],FAIL,-0.0100230611801052,-0.0099451542791427,7.79069009624999e-05,1e-10
2,stage6_multiple_testing.mean_daily_return[family=PRIMARY_MID_12],FAIL,0.0003639537165875,0.0002172981386532,0.0001466555779342,1e-10
2,stage6_multiple_testing.mean_daily_return[family=SECONDARY_MID_arima_4],FAIL,0.0003639537165875,0.0002172981386532,0.0001466555779342,1e-10
2,stage6_multiple_testing.mean_daily_return[family=PRIMARY_BID_ASK_12],FAIL,-0.0115262461039117,-0.0116366127323801,0.0001103666284683,1e-10
2,stage6_multiple_testing.mean_daily_return[family=SECONDARY_BID_ASK_arima_4],FAIL,-0.0115262461039117,-0.0116366127323801,0.0001103666284683,1e-10
2,stage6_multiple_testing.mean_daily_return[family=PRIMARY_MID_12],FAIL,-0.0011422347599463,-0.0014735829660767,0.0003313482061304,1e-10
2,stage6_multiple_testing.mean_daily_return[family=SECONDARY_MID_arima_4],FAIL,-0.0011422347599463,-0.0014735829660767,0.0003313482061304,1e-10
2,stage6_multiple_testing.mean_daily_return[family=PRIMARY_BID_ASK_12],FAIL,-0.0103057745489887,-0.0105718645187502,0.0002660899697614,1e-10
2,stage6_multiple_testing.mean_daily_return[family=SECONDARY_BID_ASK_arima_4],FAIL,-0.0103057745489887,-0.0105718645187502,0.0002660899697614,1e-10
2,stage6_multiple_testing.mean_daily_return[family=PRIMARY_MID_12],FAIL,0.000381299766061,-0.0003191134451292,0.0007004132111902,1e-10
2,stage6_multiple_testing.mean_daily_return[family=SECONDARY_MID_arima_4],FAIL,0.000381299766061,-0.0003191134451292,0.0007004132111902,1e-10
2,stage6_multiple_testing.mean_daily_return[family=PRIMARY_BID_ASK_12],FAIL,-0.010363924295266,-0.0098479430568055,0.0005159812384605,1e-10
2,stage6_multiple_testing.mean_daily_return[family=SECONDARY_BID_ASK_arima_4],FAIL,-0.010363924295266,-0.0098479430568055,0.0005159812384605,1e-10
2,stage6_multiple_testing.mean_daily_return[family=PRIMARY_MID_12],FAIL,0.0003221574310725,0.0004028428157985,8.068538472599996e-05,1e-10
2,stage6_multiple_testing.mean_daily_return[family=SECONDARY_MID_arima_4],FAIL,0.0003221574310725,0.0004028428157985,8.068538472599996e-05,1e-10
2,stage6_multiple_testing.mean_daily_return[family=PRIMARY_BID_ASK_12],FAIL,-0.0111580355210462,-0.0111003822862627,5.765323478349946e-05,1e-10
2,stage6_multiple_testing.mean_daily_return[family=SECONDARY_BID_ASK_ridge_4],FAIL,-0.0111580355210462,-0.0111003822862627,5.765323478349946e-05,1e-10
2,stage6_multiple_testing.mean_daily_return[family=PRIMARY_MID_12],FAIL,0.0001771373549001,0.00020524239362,2.8105038719899983e-05,1e-10
2,stage6_multiple_testing.mean_daily_return[family=SECONDARY_MID_ridge_4],FAIL,0.0001771373549001,0.00020524239362,2.8105038719899983e-05,1e-10
2,stage6_multiple_testing.mean_daily_return[family=PRIMARY_BID_ASK_12],FAIL,-0.0117402694055723,-0.0118537549814171,0.0001134855758447,1e-10
2,stage6_multiple_testing.mean_daily_return[family=SECONDARY_BID_ASK_ridge_4],FAIL,-0.0117402694055723,-0.0118537549814171,0.0001134855758447,1e-10
2,stage6_multiple_testing.mean_daily_return[family=PRIMARY_MID_12],FAIL,-0.0004020902436368,-0.0005437940903798,0.000141703846743,1e-10
2,stage6_multiple_testing.mean_daily_return[family=SECONDARY_MID_ridge_4],FAIL,-0.0004020902436368,-0.0005437940903798,0.000141703846743,1e-10
2,stage6_multiple_testing.mean_daily_return[family=PRIMARY_BID_ASK_12],FAIL,-0.0123586718435345,-0.0122978222383976,6.084960513690063e-05,1e-10
2,stage6_multiple_testing.mean_daily_return[family=SECONDARY_BID_ASK_ridge_4],FAIL,-0.0123586718435345,-0.0122978222383976,6.084960513690063e-05,1e-10
2,stage6_multiple_testing.mean_daily_return[family=PRIMARY_MID_12],FAIL,-0.0006947514611259,-0.0005862564384206,0.0001084950227053,1e-10
2,stage6_multiple_testing.mean_daily_return[family=SECONDARY_MID_ridge_4],FAIL,-0.0006947514611259,-0.0005862564384206,0.0001084950227053,1e-10
2,stage6_multiple_testing.mean_daily_return[family=PRIMARY_BID_ASK_12],FAIL,-0.0119090023941354,-0.0119971713328189,8.81689386835003e-05,1e-10
2,stage6_multiple_testing.mean_daily_return[family=SECONDARY_BID_ASK_ridge_4],FAIL,-0.0119090023941354,-0.0119971713328189,8.81689386835003e-05,1e-10
2,stage6_multiple_testing.mean_daily_return[family=PRIMARY_MID_12],FAIL,-0.0002415011581424,-0.0002832320936788,4.173093553639997e-05,1e-10
2,stage6_multiple_testing.mean_daily_return[family=SECONDARY_MID_ridge_4],FAIL,-0.0002415011581424,-0.0002832320936788,4.173093553639997e-05,1e-10
2,stage6_multiple_testing.mean_daily_return[family=PRIMARY_BID_ASK_12],FAIL,-0.010171102236449,-0.0101271722487609,4.392998768810129e-05,1e-10
2,stage6_multiple_testing.mean_daily_return[family=SECONDARY_BID_ASK_xgboost_4],FAIL,-0.010171102236449,-0.0101271722487609,4.392998768810129e-05,1e-10
2,stage6_multiple_testing.mean_daily_return[family=PRIMARY_MID_12],FAIL,2.48318394507957e-06,0.0001170499577893,0.0001145667738442,1e-10
2,stage6_multiple_testing.mean_daily_return[family=SECONDARY_MID_xgboost_4],FAIL,2.48318394507957e-06,0.0001170499577893,0.0001145667738442,1e-10
2,stage6_multiple_testing.mean_daily_return[family=PRIMARY_BID_ASK_12],FAIL,-0.0138876817607729,-0.0134267824499321,0.0004608993108408,1e-10
2,stage6_multiple_testing.mean_daily_return[family=SECONDARY_BID_ASK_xgboost_4],FAIL,-0.0138876817607729,-0.0134267824499321,0.0004608993108408,1e-10
2,stage6_multiple_testing.mean_daily_return[family=PRIMARY_MID_12],FAIL,-0.0037088442671862,-0.0031765759017749,0.0005322683654113,1e-10
2,stage6_multiple_testing.mean_daily_return[family=SECONDARY_MID_xgboost_4],FAIL,-0.0037088442671862,-0.0031765759017749,0.0005322683654113,1e-10
2,stage6_multiple_testing.mean_daily_return[family=PRIMARY_BID_ASK_12],FAIL,-0.0138869269294681,-0.013395478056277,0.0004914488731911,1e-10
2,stage6_multiple_testing.mean_daily_return[family=SECONDARY_BID_ASK_xgboost_4],FAIL,-0.0138869269294681,-0.013395478056277,0.0004914488731911,1e-10
2,stage6_multiple_testing.mean_daily_return[family=PRIMARY_MID_12],FAIL,-0.0036071781291922,-0.0030379885741069,0.0005691895550852,1e-10
2,stage6_multiple_testing.mean_daily_return[family=SECONDARY_MID_xgboost_4],FAIL,-0.0036071781291922,-0.0030379885741069,0.0005691895550852,1e-10
2,stage6_multiple_testing.mean_daily_return[family=PRIMARY_BID_ASK_12],FAIL,-0.0103831959708813,-0.0103932036526481,1.0007681766800378e-05,1e-10
2,stage6_multiple_testing.mean_daily_return[family=SECONDARY_BID_ASK_xgboost_4],FAIL,-0.0103831959708813,-0.0103932036526481,1.0007681766800378e-05,1e-10
2,stage6_multiple_testing.mean_daily_return[family=PRIMARY_MID_12],FAIL,-0.0001053956372763,-3.790985789056032e-05,6.748577938573967e-05,1e-10
2,stage6_multiple_testing.mean_daily_return[family=SECONDARY_MID_xgboost_4],FAIL,-0.0001053956372763,-3.790985789056032e-05,6.748577938573967e-05,1e-10
2,stage6_multiple_testing.raw_p[family=PRIMARY_BID_ASK_12],PASS,2.017756556510101e-152,2.4482497976185327e-193,2.017756556510101e-152,1e-10
2,stage6_multiple_testing.raw_p[family=SECONDARY_BID_ASK_arima_4],PASS,2.017756556510101e-152,2.4482497976185327e-193,2.017756556510101e-152,1e-10
2,stage6_multiple_testing.raw_p[family=PRIMARY_MID_12],FAIL,0.2105605963392834,0.2749218926284112,0.0643612962891278,1e-10
2,stage6_multiple_testing.raw_p[family=SECONDARY_MID_arima_4],FAIL,0.2105605963392834,0.2749218926284112,0.0643612962891278,1e-10
2,stage6_multiple_testing.raw_p[family=PRIMARY_BID_ASK_12],PASS,2.9214674386641504e-11,4.802776500627081e-12,2.4411897886014418e-11,1e-10
2,stage6_multiple_testing.raw_p[family=SECONDARY_BID_ASK_arima_4],PASS,2.9214674386641504e-11,4.802776500627081e-12,2.4411897886014418e-11,1e-10
2,stage6_multiple_testing.raw_p[family=PRIMARY_MID_12],FAIL,0.5181074837050296,0.3806191766868207,0.1374883070182088,1e-10
2,stage6_multiple_testing.raw_p[family=SECONDARY_MID_arima_4],FAIL,0.5181074837050296,0.3806191766868207,0.1374883070182088,1e-10
2,stage6_multiple_testing.raw_p[family=PRIMARY_BID_ASK_12],FAIL,3.5314250952112043e-09,2.1068573720757957e-09,1.4245677231354084e-09,1e-10
2,stage6_multiple_testing.raw_p[family=SECONDARY_BID_ASK_arima_4],FAIL,3.5314250952112043e-09,2.1068573720757957e-09,1.4245677231354084e-09,1e-10
2,stage6_multiple_testing.raw_p[family=PRIMARY_MID_12],FAIL,0.8326446338976743,0.8583008270655796,0.0256561931679053,1e-10
2,stage6_multiple_testing.raw_p[family=SECONDARY_MID_arima_4],FAIL,0.8326446338976743,0.8583008270655796,0.0256561931679053,1e-10
2,stage6_multiple_testing.raw_p[family=PRIMARY_BID_ASK_12],PASS,2.8599200903541413e-152,2.303047425389232e-233,2.8599200903541413e-152,1e-10
2,stage6_multiple_testing.raw_p[family=SECONDARY_BID_ASK_arima_4],PASS,2.8599200903541413e-152,2.303047425389232e-233,2.8599200903541413e-152,1e-10
2,stage6_multiple_testing.raw_p[family=PRIMARY_MID_12],FAIL,0.3302043342375542,0.0435535860643038,0.2866507481732503,1e-10
2,stage6_multiple_testing.raw_p[family=SECONDARY_MID_arima_4],FAIL,0.3302043342375542,0.0435535860643038,0.2866507481732503,1e-10
2,stage6_multiple_testing.raw_p[family=PRIMARY_BID_ASK_12],PASS,9.676413292222851e-157,8.001915254180366e-159,9.596394139681048e-157,1e-10
2,stage6_multiple_testing.raw_p[family=SECONDARY_BID_ASK_ridge_4],PASS,9.676413292222851e-157,8.001915254180366e-159,9.596394139681048e-157,1e-10
2,stage6_multiple_testing.raw_p[family=PRIMARY_MID_12],FAIL,0.6688634183314588,0.623741963510962,0.0451214548204967,1e-10
2,stage6_multiple_testing.raw_p[family=SECONDARY_MID_ridge_4],FAIL,0.6688634183314588,0.623741963510962,0.0451214548204967,1e-10
2,stage6_multiple_testing.raw_p[family=PRIMARY_BID_ASK_12],FAIL,5.54732516029005e-08,5.0545667247556084e-08,4.927584355344419e-09,1e-10
2,stage6_multiple_testing.raw_p[family=SECONDARY_BID_ASK_ridge_4],FAIL,5.54732516029005e-08,5.0545667247556084e-08,4.927584355344419e-09,1e-10
2,stage6_multiple_testing.raw_p[family=PRIMARY_MID_12],FAIL,0.8539791768867383,0.803787008611118,0.0501921682756203,1e-10
2,stage6_multiple_testing.raw_p[family=SECONDARY_MID_ridge_4],FAIL,0.8539791768867383,0.803787008611118,0.0501921682756203,1e-10
2,stage6_multiple_testing.raw_p[family=PRIMARY_BID_ASK_12],FAIL,2.6023647338509797e-08,3.4257139500468155e-08,8.233492161958357e-09,1e-10
2,stage6_multiple_testing.raw_p[family=SECONDARY_BID_ASK_ridge_4],FAIL,2.6023647338509797e-08,3.4257139500468155e-08,8.233492161958357e-09,1e-10
2,stage6_multiple_testing.raw_p[family=PRIMARY_MID_12],FAIL,0.755749445000296,0.7932582807957893,0.0375088357954933,1e-10
2,stage6_multiple_testing.raw_p[family=SECONDARY_MID_ridge_4],FAIL,0.755749445000296,0.7932582807957893,0.0375088357954933,1e-10
2,stage6_multiple_testing.raw_p[family=PRIMARY_BID_ASK_12],PASS,1.7672918571222612e-216,1.3435490441603446e-213,1.3417817523032223e-213,1e-10
2,stage6_multiple_testing.raw_p[family=SECONDARY_BID_ASK_ridge_4],PASS,1.7672918571222612e-216,1.3435490441603446e-213,1.3417817523032223e-213,1e-10
2,stage6_multiple_testing.raw_p[family=PRIMARY_MID_12],FAIL,0.4454690811842972,0.3690968756008344,0.0763722055834628,1e-10
2,stage6_multiple_testing.raw_p[family=SECONDARY_MID_ridge_4],FAIL,0.4454690811842972,0.3690968756008344,0.0763722055834628,1e-10
2,stage6_multiple_testing.raw_p[family=PRIMARY_BID_ASK_12],PASS,3.860293305085311e-291,3.673224081841338e-272,3.673224081841338e-272,1e-10
2,stage6_multiple_testing.raw_p[family=SECONDARY_BID_ASK_xgboost_4],PASS,3.860293305085311e-291,3.673224081841338e-272,3.673224081841338e-272,1e-10
2,stage6_multiple_testing.raw_p[family=PRIMARY_MID_12],FAIL,0.9906414986158052,0.6033431936867366,0.3872983049290686,1e-10
2,stage6_multiple_testing.raw_p[family=SECONDARY_MID_xgboost_4],FAIL,0.9906414986158052,0.6033431936867366,0.3872983049290686,1e-10
2,stage6_multiple_testing.raw_p[family=PRIMARY_BID_ASK_12],PASS,2.1771496785926955e-19,9.4383556692774e-17,9.416584172491472e-17,1e-10
2,stage6_multiple_testing.raw_p[family=SECONDARY_BID_ASK_xgboost_4],PASS,2.1771496785926955e-19,9.4383556692774e-17,9.416584172491472e-17,1e-10
2,stage6_multiple_testing.raw_p[family=PRIMARY_MID_12],FAIL,0.0190808308495616,0.0559183789412358,0.0368375480916742,1e-10
2,stage6_multiple_testing.raw_p[family=SECONDARY_MID_xgboost_4],FAIL,0.0190808308495616,0.0559183789412358,0.0368375480916742,1e-10
2,stage6_multiple_testing.raw_p[family=PRIMARY_BID_ASK_12],PASS,1.1813667495809445e-19,4.25835646141263e-17,4.246542793916821e-17,1e-10
2,stage6_multiple_testing.raw_p[family=SECONDARY_BID_ASK_xgboost_4],PASS,1.1813667495809445e-19,4.25835646141263e-17,4.246542793916821e-17,1e-10
2,stage6_multiple_testing.raw_p[family=PRIMARY_MID_12],FAIL,0.0217390669506319,0.0641274127683958,0.0423883458177639,1e-10
2,stage6_multiple_testing.raw_p[family=SECONDARY_MID_xgboost_4],FAIL,0.0217390669506319,0.0641274127683958,0.0423883458177639,1e-10
2,stage6_multiple_testing.raw_p[family=PRIMARY_BID_ASK_12],PASS,0.0,0.0,0.0,1e-10
2,stage6_multiple_testing.raw_p[family=SECONDARY_BID_ASK_xgboost_4],PASS,0.0,0.0,0.0,1e-10
2,stage6_multiple_testing.raw_p[family=PRIMARY_MID_12],FAIL,0.5752174134852925,0.8455931335386796,0.270375720053387,1e-10
2,stage6_multiple_testing.raw_p[family=SECONDARY_MID_xgboost_4],FAIL,0.5752174134852925,0.8455931335386796,0.270375720053387,1e-10
2,stage6_multiple_testing.holm_adjusted_p[family=PRIMARY_BID_ASK_12],PASS,1.6142052452080808e-151,1.9585998380948258e-192,1.6142052452080808e-151,1e-10
2,stage6_multiple_testing.holm_adjusted_p[family=SECONDARY_BID_ASK_arima_4],PASS,8.071026226040404e-152,7.344749392855599e-193,8.071026226040404e-152,1e-10
2,stage6_multiple_testing.holm_adjusted_p[family=PRIMARY_MID_12],PASS,1.0,1.0,0.0,1e-10
2,stage6_multiple_testing.holm_adjusted_p[family=SECONDARY_MID_arima_4],FAIL,0.8422423853571339,0.8247656778852337,0.0174767074719002,1e-10
2,stage6_multiple_testing.holm_adjusted_p[family=PRIMARY_BID_ASK_12],PASS,1.16858697546566e-10,1.9211106002508324e-11,9.764759154405766e-11,1e-10
2,stage6_multiple_testing.holm_adjusted_p[family=SECONDARY_BID_ASK_arima_4],PASS,5.842934877328301e-11,9.605553001254162e-12,4.8823795772028836e-11,1e-10
2,stage6_multiple_testing.holm_adjusted_p[family=PRIMARY_MID_12],PASS,1.0,1.0,0.0,1e-10
2,stage6_multiple_testing.holm_adjusted_p[family=SECONDARY_MID_arima_4],FAIL,1.0,0.8247656778852337,0.1752343221147663,1e-10
2,stage6_multiple_testing.holm_adjusted_p[family=PRIMARY_BID_ASK_12],FAIL,1.0594275285633614e-08,6.320572116227387e-09,4.273703169406227e-09,1e-10
2,stage6_multiple_testing.holm_adjusted_p[family=SECONDARY_BID_ASK_arima_4],FAIL,3.5314250952112043e-09,2.1068573720757957e-09,1.4245677231354084e-09,1e-10
2,stage6_multiple_testing.holm_adjusted_p[family=PRIMARY_MID_12],PASS,1.0,1.0,0.0,1e-10
2,stage6_multiple_testing.holm_adjusted_p[family=SECONDARY_MID_arima_4],FAIL,1.0,0.8583008270655796,0.1416991729344203,1e-10
2,stage6_multiple_testing.holm_adjusted_p[family=PRIMARY_BID_ASK_12],PASS,2.0019440632478988e-151,2.303047425389232e-232,2.0019440632478988e-151,1e-10
2,stage6_multiple_testing.holm_adjusted_p[family=SECONDARY_BID_ASK_arima_4],PASS,8.579760271062424e-152,9.212189701556928e-233,8.579760271062424e-152,1e-10
2,stage6_multiple_testing.holm_adjusted_p[family=PRIMARY_MID_12],FAIL,1.0,0.5226430327716456,0.4773569672283544,1e-10
2,stage6_multiple_testing.holm_adjusted_p[family=SECONDARY_MID_arima_4],FAIL,0.9906130027126628,0.1742143442572152,0.8163986584554477,1e-10
2,stage6_multiple_testing.holm_adjusted_p[family=PRIMARY_BID_ASK_12],PASS,8.708771963000565e-156,5.601340677926257e-158,8.652758556221303e-156,1e-10
2,stage6_multiple_testing.holm_adjusted_p[family=SECONDARY_BID_ASK_ridge_4],PASS,2.9029239876668555e-156,2.40057457625411e-158,2.878918241904314e-156,1e-10
2,stage6_multiple_testing.holm_adjusted_p[family=PRIMARY_MID_12],PASS,1.0,1.0,0.0,1e-10
2,stage6_multiple_testing.holm_adjusted_p[family=SECONDARY_MID_ridge_4],PASS,1.0,1.0,0.0,1e-10
2,stage6_multiple_testing.holm_adjusted_p[family=PRIMARY_BID_ASK_12],FAIL,5.54732516029005e-08,6.851427900093632e-08,1.3041027398035821e-08,1e-10
2,stage6_multiple_testing.holm_adjusted_p[family=SECONDARY_BID_ASK_ridge_4],FAIL,5.54732516029005e-08,6.851427900093632e-08,1.3041027398035821e-08,1e-10
2,stage6_multiple_testing.holm_adjusted_p[family=PRIMARY_MID_12],PASS,1.0,1.0,0.0,1e-10
2,stage6_multiple_testing.holm_adjusted_p[family=SECONDARY_MID_ridge_4],PASS,1.0,1.0,0.0,1e-10
2,stage6_multiple_testing.holm_adjusted_p[family=PRIMARY_BID_ASK_12],FAIL,5.2047294677019595e-08,6.851427900093632e-08,1.6466984323916727e-08,1e-10
2,stage6_multiple_testing.holm_adjusted_p[family=SECONDARY_BID_ASK_ridge_4],FAIL,5.2047294677019595e-08,6.851427900093632e-08,1.6466984323916727e-08,1e-10
2,stage6_multiple_testing.holm_adjusted_p[family=PRIMARY_MID_12],PASS,1.0,1.0,0.0,1e-10
2,stage6_multiple_testing.holm_adjusted_p[family=SECONDARY_MID_ridge_4],PASS,1.0,1.0,0.0,1e-10
2,stage6_multiple_testing.holm_adjusted_p[family=PRIMARY_BID_ASK_12],PASS,1.7672918571222612e-215,1.20919413974431e-212,1.2074268478871878e-212,1e-10
2,stage6_multiple_testing.holm_adjusted_p[family=SECONDARY_BID_ASK_ridge_4],PASS,7.069167428489045e-216,5.374196176641378e-213,5.3671270092128894e-213,1e-10
2,stage6_multiple_testing.holm_adjusted_p[family=PRIMARY_MID_12],PASS,1.0,1.0,0.0,1e-10
2,stage6_multiple_testing.holm_adjusted_p[family=SECONDARY_MID_ridge_4],PASS,1.0,1.0,0.0,1e-10
2,stage6_multiple_testing.holm_adjusted_p[family=PRIMARY_BID_ASK_12],PASS,4.2463226355938414e-290,4.0405464900254717e-271,4.0405464900254717e-271,1e-10
2,stage6_multiple_testing.holm_adjusted_p[family=SECONDARY_BID_ASK_xgboost_4],PASS,1.1580879915255932e-290,1.1019672245524013e-271,1.1019672245524011e-271,1e-10
2,stage6_multiple_testing.holm_adjusted_p[family=PRIMARY_MID_12],PASS,1.0,1.0,0.0,1e-10
2,stage6_multiple_testing.holm_adjusted_p[family=SECONDARY_MID_xgboost_4],PASS,1.0,1.0,0.0,1e-10
2,stage6_multiple_testing.holm_adjusted_p[family=PRIMARY_BID_ASK_12],PASS,1.0885748392963477e-18,4.719177834638701e-16,4.708292086245737e-16,1e-10
2,stage6_multiple_testing.holm_adjusted_p[family=SECONDARY_BID_ASK_xgboost_4],PASS,2.362733499161889e-19,9.4383556692774e-17,9.41472833428578e-17,1e-10
2,stage6_multiple_testing.holm_adjusted_p[family=PRIMARY_MID_12],FAIL,0.2289699701947398,0.6151021683535938,0.3861321981588539,1e-10
2,stage6_multiple_testing.holm_adjusted_p[family=SECONDARY_MID_xgboost_4],FAIL,0.0763233233982466,0.2236735157649432,0.1473501923666966,1e-10
2,stage6_multiple_testing.holm_adjusted_p[family=PRIMARY_BID_ASK_12],PASS,7.088200497485667e-19,2.555013876847578e-16,2.5479256763500923e-16,1e-10
2,stage6_multiple_testing.holm_adjusted_p[family=SECONDARY_BID_ASK_xgboost_4],PASS,2.362733499161889e-19,8.51671292282526e-17,8.493085587833642e-17,1e-10
2,stage6_multiple_testing.holm_adjusted_p[family=PRIMARY_MID_12],FAIL,0.2391297364569518,0.641274127683958,0.4021443912270062,1e-10
2,stage6_multiple_testing.holm_adjusted_p[family=SECONDARY_MID_xgboost_4],FAIL,0.0763233233982466,0.2236735157649432,0.1473501923666966,1e-10
2,stage6_multiple_testing.holm_adjusted_p[family=PRIMARY_BID_ASK_12],PASS,0.0,0.0,0.0,1e-10
2,stage6_multiple_testing.holm_adjusted_p[family=SECONDARY_BID_ASK_xgboost_4],PASS,0.0,0.0,0.0,1e-10
2,stage6_multiple_testing.holm_adjusted_p[family=PRIMARY_MID_12],PASS,1.0,1.0,0.0,1e-10
2,stage6_multiple_testing.holm_adjusted_p[family=SECONDARY_MID_xgboost_4],PASS,1.0,1.0,0.0,1e-10
2,stage6_multiple_testing.holm_reject_5pct[family=PRIMARY_BID_ASK_12],PASS,True,True,0.0,1e-10
2,stage6_multiple_testing.holm_reject_5pct[family=SECONDARY_BID_ASK_arima_4],PASS,True,True,0.0,1e-10
2,stage6_multiple_testing.holm_reject_5pct[family=PRIMARY_MID_12],PASS,False,False,0.0,1e-10
2,stage6_multiple_testing.holm_reject_5pct[family=SECONDARY_MID_arima_4],PASS,False,False,0.0,1e-10
2,stage6_multiple_testing.holm_reject_5pct[family=PRIMARY_BID_ASK_12],PASS,True,True,0.0,1e-10
2,stage6_multiple_testing.holm_reject_5pct[family=SECONDARY_BID_ASK_arima_4],PASS,True,True,0.0,1e-10
2,stage6_multiple_testing.holm_reject_5pct[family=PRIMARY_MID_12],PASS,False,False,0.0,1e-10
2,stage6_multiple_testing.holm_reject_5pct[family=SECONDARY_MID_arima_4],PASS,False,False,0.0,1e-10
2,stage6_multiple_testing.holm_reject_5pct[family=PRIMARY_BID_ASK_12],PASS,True,True,0.0,1e-10
2,stage6_multiple_testing.holm_reject_5pct[family=SECONDARY_BID_ASK_arima_4],PASS,True,True,0.0,1e-10
2,stage6_multiple_testing.holm_reject_5pct[family=PRIMARY_MID_12],PASS,False,False,0.0,1e-10
2,stage6_multiple_testing.holm_reject_5pct[family=SECONDARY_MID_arima_4],PASS,False,False,0.0,1e-10
2,stage6_multiple_testing.holm_reject_5pct[family=PRIMARY_BID_ASK_12],PASS,True,True,0.0,1e-10
2,stage6_multiple_testing.holm_reject_5pct[family=SECONDARY_BID_ASK_arima_4],PASS,True,True,0.0,1e-10
2,stage6_multiple_testing.holm_reject_5pct[family=PRIMARY_MID_12],PASS,False,False,0.0,1e-10
2,stage6_multiple_testing.holm_reject_5pct[family=SECONDARY_MID_arima_4],PASS,False,False,0.0,1e-10
2,stage6_multiple_testing.holm_reject_5pct[family=PRIMARY_BID_ASK_12],PASS,True,True,0.0,1e-10
2,stage6_multiple_testing.holm_reject_5pct[family=SECONDARY_BID_ASK_ridge_4],PASS,True,True,0.0,1e-10
2,stage6_multiple_testing.holm_reject_5pct[family=PRIMARY_MID_12],PASS,False,False,0.0,1e-10
2,stage6_multiple_testing.holm_reject_5pct[family=SECONDARY_MID_ridge_4],PASS,False,False,0.0,1e-10
2,stage6_multiple_testing.holm_reject_5pct[family=PRIMARY_BID_ASK_12],PASS,True,True,0.0,1e-10
2,stage6_multiple_testing.holm_reject_5pct[family=SECONDARY_BID_ASK_ridge_4],PASS,True,True,0.0,1e-10
2,stage6_multiple_testing.holm_reject_5pct[family=PRIMARY_MID_12],PASS,False,False,0.0,1e-10
2,stage6_multiple_testing.holm_reject_5pct[family=SECONDARY_MID_ridge_4],PASS,False,False,0.0,1e-10
2,stage6_multiple_testing.holm_reject_5pct[family=PRIMARY_BID_ASK_12],PASS,True,True,0.0,1e-10
2,stage6_multiple_testing.holm_reject_5pct[family=SECONDARY_BID_ASK_ridge_4],PASS,True,True,0.0,1e-10
2,stage6_multiple_testing.holm_reject_5pct[family=PRIMARY_MID_12],PASS,False,False,0.0,1e-10
2,stage6_multiple_testing.holm_reject_5pct[family=SECONDARY_MID_ridge_4],PASS,False,False,0.0,1e-10
2,stage6_multiple_testing.holm_reject_5pct[family=PRIMARY_BID_ASK_12],PASS,True,True,0.0,1e-10
2,stage6_multiple_testing.holm_reject_5pct[family=SECONDARY_BID_ASK_ridge_4],PASS,True,True,0.0,1e-10
2,stage6_multiple_testing.holm_reject_5pct[family=PRIMARY_MID_12],PASS,False,False,0.0,1e-10
2,stage6_multiple_testing.holm_reject_5pct[family=SECONDARY_MID_ridge_4],PASS,False,False,0.0,1e-10
2,stage6_multiple_testing.holm_reject_5pct[family=PRIMARY_BID_ASK_12],PASS,True,True,0.0,1e-10
2,stage6_multiple_testing.holm_reject_5pct[family=SECONDARY_BID_ASK_xgboost_4],PASS,True,True,0.0,1e-10
2,stage6_multiple_testing.holm_reject_5pct[family=PRIMARY_MID_12],PASS,False,False,0.0,1e-10
2,stage6_multiple_testing.holm_reject_5pct[family=SECONDARY_MID_xgboost_4],PASS,False,False,0.0,1e-10
2,stage6_multiple_testing.holm_reject_5pct[family=PRIMARY_BID_ASK_12],PASS,True,True,0.0,1e-10
2,stage6_multiple_testing.holm_reject_5pct[family=SECONDARY_BID_ASK_xgboost_4],PASS,True,True,0.0,1e-10
2,stage6_multiple_testing.holm_reject_5pct[family=PRIMARY_MID_12],PASS,False,False,0.0,1e-10
2,stage6_multiple_testing.holm_reject_5pct[family=SECONDARY_MID_xgboost_4],PASS,False,False,0.0,1e-10
2,stage6_multiple_testing.holm_reject_5pct[family=PRIMARY_BID_ASK_12],PASS,True,True,0.0,1e-10
2,stage6_multiple_testing.holm_reject_5pct[family=SECONDARY_BID_ASK_xgboost_4],PASS,True,True,0.0,1e-10
2,stage6_multiple_testing.holm_reject_5pct[family=PRIMARY_MID_12],PASS,False,False,0.0,1e-10
2,stage6_multiple_testing.holm_reject_5pct[family=SECONDARY_MID_xgboost_4],PASS,False,False,0.0,1e-10
2,stage6_multiple_testing.holm_reject_5pct[family=PRIMARY_BID_ASK_12],PASS,True,True,0.0,1e-10
2,stage6_multiple_testing.holm_reject_5pct[family=SECONDARY_BID_ASK_xgboost_4],PASS,True,True,0.0,1e-10
2,stage6_multiple_testing.holm_reject_5pct[family=PRIMARY_MID_12],PASS,False,False,0.0,1e-10
2,stage6_multiple_testing.holm_reject_5pct[family=SECONDARY_MID_xgboost_4],PASS,False,False,0.0,1e-10
2,stage6_multiple_testing.BH_adjusted_p[family=PRIMARY_BID_ASK_12],PASS,4.8426157356242414e-152,5.875799514284479e-193,4.842615735624242e-152,1e-10
2,stage6_multiple_testing.BH_adjusted_p[family=SECONDARY_BID_ASK_arima_4],PASS,5.719840180708283e-152,4.896499595237065e-193,5.719840180708283e-152,1e-10
2,stage6_multiple_testing.BH_adjusted_p[family=PRIMARY_MID_12],FAIL,0.8422423853571339,0.7612383533736414,0.0810040319834924,1e-10
2,stage6_multiple_testing.BH_adjusted_p[family=SECONDARY_MID_arima_4],FAIL,0.6604086684751085,0.5074922355824276,0.1529164328926808,1e-10
2,stage6_multiple_testing.BH_adjusted_p[family=PRIMARY_BID_ASK_12],PASS,3.8952899182188674e-11,6.403702000836108e-12,3.2549197181352566e-11,1e-10
2,stage6_multiple_testing.BH_adjusted_p[family=SECONDARY_BID_ASK_arima_4],PASS,3.8952899182188674e-11,6.403702000836108e-12,3.2549197181352566e-11,1e-10
2,stage6_multiple_testing.BH_adjusted_p[family=PRIMARY_MID_12],FAIL,0.9316136475128054,0.7612383533736414,0.1703752941391639,1e-10
2,stage6_multiple_testing.BH_adjusted_p[family=SECONDARY_MID_arima_4],FAIL,0.6908099782733728,0.5074922355824276,0.1833177426909451,1e-10
2,stage6_multiple_testing.BH_adjusted_p[family=PRIMARY_BID_ASK_12],FAIL,4.237710114253445e-09,2.5282288464909544e-09,1.7094812677624906e-09,1e-10
2,stage6_multiple_testing.BH_adjusted_p[family=SECONDARY_BID_ASK_arima_4],FAIL,3.5314250952112043e-09,2.1068573720757957e-09,1.4245677231354084e-09,1e-10
2,stage6_multiple_testing.BH_adjusted_p[family=PRIMARY_MID_12],FAIL,0.9316136475128054,0.8583008270655798,0.0733128204472256,1e-10
2,stage6_multiple_testing.BH_adjusted_p[family=SECONDARY_MID_arima_4],FAIL,0.8326446338976743,0.8583008270655796,0.0256561931679053,1e-10
2,stage6_multiple_testing.BH_adjusted_p[family=PRIMARY_BID_ASK_12],PASS,5.719840180708283e-152,9.212189701556928e-233,5.719840180708283e-152,1e-10
2,stage6_multiple_testing.BH_adjusted_p[family=SECONDARY_BID_ASK_arima_4],PASS,5.719840180708283e-152,9.212189701556928e-233,5.719840180708283e-152,1e-10
2,stage6_multiple_testing.BH_adjusted_p[family=PRIMARY_MID_12],FAIL,0.9316136475128054,0.2565096510735832,0.6751039964392223,1e-10
2,stage6_multiple_testing.BH_adjusted_p[family=SECONDARY_MID_arima_4],FAIL,0.6604086684751085,0.1742143442572152,0.4861943242178933,1e-10
2,stage6_multiple_testing.BH_adjusted_p[family=PRIMARY_BID_ASK_12],PASS,2.9029239876668555e-156,1.600383050836073e-158,2.886920157158495e-156,1e-10
2,stage6_multiple_testing.BH_adjusted_p[family=SECONDARY_BID_ASK_ridge_4],PASS,1.9352826584445702e-156,1.6003830508360732e-158,1.919278827936209e-156,1e-10
2,stage6_multiple_testing.BH_adjusted_p[family=PRIMARY_MID_12],FAIL,0.9316136475128054,0.8583008270655798,0.0733128204472256,1e-10
2,stage6_multiple_testing.BH_adjusted_p[family=SECONDARY_MID_ridge_4],FAIL,0.8539791768867383,0.803787008611118,0.0501921682756203,1e-10
2,stage6_multiple_testing.BH_adjusted_p[family=PRIMARY_BID_ASK_12],FAIL,5.54732516029005e-08,5.0545667247556084e-08,4.927584355344419e-09,1e-10
2,stage6_multiple_testing.BH_adjusted_p[family=SECONDARY_BID_ASK_ridge_4],FAIL,5.54732516029005e-08,5.0545667247556084e-08,4.927584355344419e-09,1e-10
2,stage6_multiple_testing.BH_adjusted_p[family=PRIMARY_MID_12],FAIL,0.9316136475128054,0.8583008270655798,0.0733128204472256,1e-10
2,stage6_multiple_testing.BH_adjusted_p[family=SECONDARY_MID_ridge_4],FAIL,0.8539791768867383,0.803787008611118,0.0501921682756203,1e-10
2,stage6_multiple_testing.BH_adjusted_p[family=PRIMARY_BID_ASK_12],FAIL,2.8389433460192503e-08,3.737142490960162e-08,8.981991449409114e-09,1e-10
2,stage6_multiple_testing.BH_adjusted_p[family=SECONDARY_BID_ASK_ridge_4],FAIL,3.469819645134639e-08,4.5676186000624215e-08,1.0977989549277825e-08,1e-10
2,stage6_multiple_testing.BH_adjusted_p[family=PRIMARY_MID_12],FAIL,0.9316136475128054,0.8583008270655798,0.0733128204472256,1e-10
2,stage6_multiple_testing.BH_adjusted_p[family=SECONDARY_MID_ridge_4],FAIL,0.8539791768867383,0.803787008611118,0.0501921682756203,1e-10
2,stage6_multiple_testing.BH_adjusted_p[family=PRIMARY_BID_ASK_12],PASS,7.069167428489045e-216,4.030647132481033e-213,4.0235779650525445e-213,1e-10
2,stage6_multiple_testing.BH_adjusted_p[family=SECONDARY_BID_ASK_ridge_4],PASS,7.069167428489045e-216,5.374196176641378e-213,5.3671270092128894e-213,1e-10
2,stage6_multiple_testing.BH_adjusted_p[family=PRIMARY_MID_12],FAIL,0.9316136475128054,0.7612383533736414,0.1703752941391639,1e-10
2,stage6_multiple_testing.BH_adjusted_p[family=SECONDARY_MID_ridge_4],FAIL,0.8539791768867383,0.803787008611118,0.0501921682756203,1e-10
2,stage6_multiple_testing.BH_adjusted_p[family=PRIMARY_BID_ASK_12],PASS,2.3161759830511865e-290,2.2039344491048025e-271,2.2039344491048023e-271,1e-10
2,stage6_multiple_testing.BH_adjusted_p[family=SECONDARY_BID_ASK_xgboost_4],PASS,7.720586610170621e-291,7.346448163682676e-272,7.346448163682676e-272,1e-10
2,stage6_multiple_testing.BH_adjusted_p[family=PRIMARY_MID_12],FAIL,0.9906414986158052,0.8583008270655798,0.1323406715502254,1e-10
2,stage6_multiple_testing.BH_adjusted_p[family=SECONDARY_MID_xgboost_4],FAIL,0.9906414986158052,0.8044575915823154,0.1861839070334897,1e-10
2,stage6_multiple_testing.BH_adjusted_p[family=PRIMARY_BID_ASK_12],PASS,3.2657245178890435e-19,1.41575335039161e-16,1.4124876258737212e-16,1e-10
2,stage6_multiple_testing.BH_adjusted_p[family=SECONDARY_BID_ASK_xgboost_4],PASS,2.1771496785926955e-19,9.4383556692774e-17,9.416584172491472e-17,1e-10
2,stage6_multiple_testing.BH_adjusted_p[family=PRIMARY_MID_12],FAIL,0.1304344017037919,0.2565096510735832,0.1260752493697913,1e-10
2,stage6_multiple_testing.BH_adjusted_p[family=SECONDARY_MID_xgboost_4],FAIL,0.0434781339012639,0.1282548255367916,0.0847766916355277,1e-10
2,stage6_multiple_testing.BH_adjusted_p[family=PRIMARY_BID_ASK_12],PASS,2.0252001421387617e-19,7.300039648135935e-17,7.279787646714547e-17,1e-10
2,stage6_multiple_testing.BH_adjusted_p[family=SECONDARY_BID_ASK_xgboost_4],PASS,1.5751556661079257e-19,5.67780861521684e-17,5.662057058555761e-17,1e-10
2,stage6_multiple_testing.BH_adjusted_p[family=PRIMARY_MID_12],FAIL,0.1304344017037919,0.2565096510735832,0.1260752493697913,1e-10
2,stage6_multiple_testing.BH_adjusted_p[family=SECONDARY_MID_xgboost_4],FAIL,0.0434781339012639,0.1282548255367916,0.0847766916355277,1e-10
2,stage6_multiple_testing.BH_adjusted_p[family=PRIMARY_BID_ASK_12],PASS,0.0,0.0,0.0,1e-10
2,stage6_multiple_testing.BH_adjusted_p[family=SECONDARY_BID_ASK_xgboost_4],PASS,0.0,0.0,0.0,1e-10
2,stage6_multiple_testing.BH_adjusted_p[family=PRIMARY_MID_12],FAIL,0.9316136475128054,0.8583008270655798,0.0733128204472256,1e-10
2,stage6_multiple_testing.BH_adjusted_p[family=SECONDARY_MID_xgboost_4],FAIL,0.7669565513137234,0.8455931335386796,0.0786365822249561,1e-10
2,stage6_multiple_testing.BH_reject_5pct[family=PRIMARY_BID_ASK_12],PASS,True,True,0.0,1e-10
2,stage6_multiple_testing.BH_reject_5pct[family=SECONDARY_BID_ASK_arima_4],PASS,True,True,0.0,1e-10
2,stage6_multiple_testing.BH_reject_5pct[family=PRIMARY_MID_12],PASS,False,False,0.0,1e-10
2,stage6_multiple_testing.BH_reject_5pct[family=SECONDARY_MID_arima_4],PASS,False,False,0.0,1e-10
2,stage6_multiple_testing.BH_reject_5pct[family=PRIMARY_BID_ASK_12],PASS,True,True,0.0,1e-10
2,stage6_multiple_testing.BH_reject_5pct[family=SECONDARY_BID_ASK_arima_4],PASS,True,True,0.0,1e-10
2,stage6_multiple_testing.BH_reject_5pct[family=PRIMARY_MID_12],PASS,False,False,0.0,1e-10
2,stage6_multiple_testing.BH_reject_5pct[family=SECONDARY_MID_arima_4],PASS,False,False,0.0,1e-10
2,stage6_multiple_testing.BH_reject_5pct[family=PRIMARY_BID_ASK_12],PASS,True,True,0.0,1e-10
2,stage6_multiple_testing.BH_reject_5pct[family=SECONDARY_BID_ASK_arima_4],PASS,True,True,0.0,1e-10
2,stage6_multiple_testing.BH_reject_5pct[family=PRIMARY_MID_12],PASS,False,False,0.0,1e-10
2,stage6_multiple_testing.BH_reject_5pct[family=SECONDARY_MID_arima_4],PASS,False,False,0.0,1e-10
2,stage6_multiple_testing.BH_reject_5pct[family=PRIMARY_BID_ASK_12],PASS,True,True,0.0,1e-10
2,stage6_multiple_testing.BH_reject_5pct[family=SECONDARY_BID_ASK_arima_4],PASS,True,True,0.0,1e-10
2,stage6_multiple_testing.BH_reject_5pct[family=PRIMARY_MID_12],PASS,False,False,0.0,1e-10
2,stage6_multiple_testing.BH_reject_5pct[family=SECONDARY_MID_arima_4],PASS,False,False,0.0,1e-10
2,stage6_multiple_testing.BH_reject_5pct[family=PRIMARY_BID_ASK_12],PASS,True,True,0.0,1e-10
2,stage6_multiple_testing.BH_reject_5pct[family=SECONDARY_BID_ASK_ridge_4],PASS,True,True,0.0,1e-10
2,stage6_multiple_testing.BH_reject_5pct[family=PRIMARY_MID_12],PASS,False,False,0.0,1e-10
2,stage6_multiple_testing.BH_reject_5pct[family=SECONDARY_MID_ridge_4],PASS,False,False,0.0,1e-10
2,stage6_multiple_testing.BH_reject_5pct[family=PRIMARY_BID_ASK_12],PASS,True,True,0.0,1e-10
2,stage6_multiple_testing.BH_reject_5pct[family=SECONDARY_BID_ASK_ridge_4],PASS,True,True,0.0,1e-10
2,stage6_multiple_testing.BH_reject_5pct[family=PRIMARY_MID_12],PASS,False,False,0.0,1e-10
2,stage6_multiple_testing.BH_reject_5pct[family=SECONDARY_MID_ridge_4],PASS,False,False,0.0,1e-10
2,stage6_multiple_testing.BH_reject_5pct[family=PRIMARY_BID_ASK_12],PASS,True,True,0.0,1e-10
2,stage6_multiple_testing.BH_reject_5pct[family=SECONDARY_BID_ASK_ridge_4],PASS,True,True,0.0,1e-10
2,stage6_multiple_testing.BH_reject_5pct[family=PRIMARY_MID_12],PASS,False,False,0.0,1e-10
2,stage6_multiple_testing.BH_reject_5pct[family=SECONDARY_MID_ridge_4],PASS,False,False,0.0,1e-10
2,stage6_multiple_testing.BH_reject_5pct[family=PRIMARY_BID_ASK_12],PASS,True,True,0.0,1e-10
2,stage6_multiple_testing.BH_reject_5pct[family=SECONDARY_BID_ASK_ridge_4],PASS,True,True,0.0,1e-10
2,stage6_multiple_testing.BH_reject_5pct[family=PRIMARY_MID_12],PASS,False,False,0.0,1e-10
2,stage6_multiple_testing.BH_reject_5pct[family=SECONDARY_MID_ridge_4],PASS,False,False,0.0,1e-10
2,stage6_multiple_testing.BH_reject_5pct[family=PRIMARY_BID_ASK_12],PASS,True,True,0.0,1e-10
2,stage6_multiple_testing.BH_reject_5pct[family=SECONDARY_BID_ASK_xgboost_4],PASS,True,True,0.0,1e-10
2,stage6_multiple_testing.BH_reject_5pct[family=PRIMARY_MID_12],PASS,False,False,0.0,1e-10
2,stage6_multiple_testing.BH_reject_5pct[family=SECONDARY_MID_xgboost_4],PASS,False,False,0.0,1e-10
2,stage6_multiple_testing.BH_reject_5pct[family=PRIMARY_BID_ASK_12],PASS,True,True,0.0,1e-10
2,stage6_multiple_testing.BH_reject_5pct[family=SECONDARY_BID_ASK_xgboost_4],PASS,True,True,0.0,1e-10
2,stage6_multiple_testing.BH_reject_5pct[family=PRIMARY_MID_12],PASS,False,False,0.0,1e-10
2,stage6_multiple_testing.BH_reject_5pct[family=SECONDARY_MID_xgboost_4],FAIL,True,False,1.0,1e-10
2,stage6_multiple_testing.BH_reject_5pct[family=PRIMARY_BID_ASK_12],PASS,True,True,0.0,1e-10
2,stage6_multiple_testing.BH_reject_5pct[family=SECONDARY_BID_ASK_xgboost_4],PASS,True,True,0.0,1e-10
2,stage6_multiple_testing.BH_reject_5pct[family=PRIMARY_MID_12],PASS,False,False,0.0,1e-10
2,stage6_multiple_testing.BH_reject_5pct[family=SECONDARY_MID_xgboost_4],FAIL,True,False,1.0,1e-10
2,stage6_multiple_testing.BH_reject_5pct[family=PRIMARY_BID_ASK_12],PASS,True,True,0.0,1e-10
2,stage6_multiple_testing.BH_reject_5pct[family=SECONDARY_BID_ASK_xgboost_4],PASS,True,True,0.0,1e-10
2,stage6_multiple_testing.BH_reject_5pct[family=PRIMARY_MID_12],PASS,False,False,0.0,1e-10
2,stage6_multiple_testing.BH_reject_5pct[family=SECONDARY_MID_xgboost_4],PASS,False,False,0.0,1e-10
2,stage6_multiple_testing.family_size[family=PRIMARY_BID_ASK_12],PASS,12,12,0.0,1e-10
2,stage6_multiple_testing.family_size[family=SECONDARY_BID_ASK_arima_4],PASS,4,4,0.0,1e-10
2,stage6_multiple_testing.family_size[family=PRIMARY_MID_12],PASS,12,12,0.0,1e-10
2,stage6_multiple_testing.family_size[family=SECONDARY_MID_arima_4],PASS,4,4,0.0,1e-10
2,stage6_multiple_testing.family_size[family=PRIMARY_BID_ASK_12],PASS,12,12,0.0,1e-10
2,stage6_multiple_testing.family_size[family=SECONDARY_BID_ASK_arima_4],PASS,4,4,0.0,1e-10
2,stage6_multiple_testing.family_size[family=PRIMARY_MID_12],PASS,12,12,0.0,1e-10
2,stage6_multiple_testing.family_size[family=SECONDARY_MID_arima_4],PASS,4,4,0.0,1e-10
2,stage6_multiple_testing.family_size[family=PRIMARY_BID_ASK_12],PASS,12,12,0.0,1e-10
2,stage6_multiple_testing.family_size[family=SECONDARY_BID_ASK_arima_4],PASS,4,4,0.0,1e-10
2,stage6_multiple_testing.family_size[family=PRIMARY_MID_12],PASS,12,12,0.0,1e-10
2,stage6_multiple_testing.family_size[family=SECONDARY_MID_arima_4],PASS,4,4,0.0,1e-10
2,stage6_multiple_testing.family_size[family=PRIMARY_BID_ASK_12],PASS,12,12,0.0,1e-10
2,stage6_multiple_testing.family_size[family=SECONDARY_BID_ASK_arima_4],PASS,4,4,0.0,1e-10
2,stage6_multiple_testing.family_size[family=PRIMARY_MID_12],PASS,12,12,0.0,1e-10
2,stage6_multiple_testing.family_size[family=SECONDARY_MID_arima_4],PASS,4,4,0.0,1e-10
2,stage6_multiple_testing.family_size[family=PRIMARY_BID_ASK_12],PASS,12,12,0.0,1e-10
2,stage6_multiple_testing.family_size[family=SECONDARY_BID_ASK_ridge_4],PASS,4,4,0.0,1e-10
2,stage6_multiple_testing.family_size[family=PRIMARY_MID_12],PASS,12,12,0.0,1e-10
2,stage6_multiple_testing.family_size[family=SECONDARY_MID_ridge_4],PASS,4,4,0.0,1e-10
2,stage6_multiple_testing.family_size[family=PRIMARY_BID_ASK_12],PASS,12,12,0.0,1e-10
2,stage6_multiple_testing.family_size[family=SECONDARY_BID_ASK_ridge_4],PASS,4,4,0.0,1e-10
2,stage6_multiple_testing.family_size[family=PRIMARY_MID_12],PASS,12,12,0.0,1e-10
2,stage6_multiple_testing.family_size[family=SECONDARY_MID_ridge_4],PASS,4,4,0.0,1e-10
2,stage6_multiple_testing.family_size[family=PRIMARY_BID_ASK_12],PASS,12,12,0.0,1e-10
2,stage6_multiple_testing.family_size[family=SECONDARY_BID_ASK_ridge_4],PASS,4,4,0.0,1e-10
2,stage6_multiple_testing.family_size[family=PRIMARY_MID_12],PASS,12,12,0.0,1e-10
2,stage6_multiple_testing.family_size[family=SECONDARY_MID_ridge_4],PASS,4,4,0.0,1e-10
2,stage6_multiple_testing.family_size[family=PRIMARY_BID_ASK_12],PASS,12,12,0.0,1e-10
2,stage6_multiple_testing.family_size[family=SECONDARY_BID_ASK_ridge_4],PASS,4,4,0.0,1e-10
2,stage6_multiple_testing.family_size[family=PRIMARY_MID_12],PASS,12,12,0.0,1e-10
2,stage6_multiple_testing.family_size[family=SECONDARY_MID_ridge_4],PASS,4,4,0.0,1e-10
2,stage6_multiple_testing.family_size[family=PRIMARY_BID_ASK_12],PASS,12,12,0.0,1e-10
2,stage6_multiple_testing.family_size[family=SECONDARY_BID_ASK_xgboost_4],PASS,4,4,0.0,1e-10
2,stage6_multiple_testing.family_size[family=PRIMARY_MID_12],PASS,12,12,0.0,1e-10
2,stage6_multiple_testing.family_size[family=SECONDARY_MID_xgboost_4],PASS,4,4,0.0,1e-10
2,stage6_multiple_testing.family_size[family=PRIMARY_BID_ASK_12],PASS,12,12,0.0,1e-10
2,stage6_multiple_testing.family_size[family=SECONDARY_BID_ASK_xgboost_4],PASS,4,4,0.0,1e-10
2,stage6_multiple_testing.family_size[family=PRIMARY_MID_12],PASS,12,12,0.0,1e-10
2,stage6_multiple_testing.family_size[family=SECONDARY_MID_xgboost_4],PASS,4,4,0.0,1e-10
2,stage6_multiple_testing.family_size[family=PRIMARY_BID_ASK_12],PASS,12,12,0.0,1e-10
2,stage6_multiple_testing.family_size[family=SECONDARY_BID_ASK_xgboost_4],PASS,4,4,0.0,1e-10
2,stage6_multiple_testing.family_size[family=PRIMARY_MID_12],PASS,12,12,0.0,1e-10
2,stage6_multiple_testing.family_size[family=SECONDARY_MID_xgboost_4],PASS,4,4,0.0,1e-10
2,stage6_multiple_testing.family_size[family=PRIMARY_BID_ASK_12],PASS,12,12,0.0,1e-10
2,stage6_multiple_testing.family_size[family=SECONDARY_BID_ASK_xgboost_4],PASS,4,4,0.0,1e-10
2,stage6_multiple_testing.family_size[family=PRIMARY_MID_12],PASS,12,12,0.0,1e-10
2,stage6_multiple_testing.family_size[family=SECONDARY_MID_xgboost_4],PASS,4,4,0.0,1e-10
2,stage6_risk_control_effects.row_keys,PASS,12,12,0.0,0.0
2,stage6_risk_control_effects.mean[transformation=DELTA_NEUTRAL_MINUS_ORIGINAL],FAIL,0.0015061884765339,0.0016908811047299,0.000184692628196,1e-10
2,stage6_risk_control_effects.mean[transformation=VEGA_BALANCED_DELTA_NEUTRAL_MINUS_DELTA_NEUTRAL],FAIL,-4.179628551508146e-05,0.0001855446771452,0.0002273409626602,1e-10
2,stage6_risk_control_effects.mean[transformation=VEGA_BALANCED_DELTA_NEUTRAL_MINUS_ORIGINAL],FAIL,0.0014643921910188,0.0018764257818752,0.0004120335908563,1e-10
2,stage6_risk_control_effects.mean[transformation=VEGA_BALANCED_MINUS_ORIGINAL],FAIL,0.0015235345260073,0.0011544695209475,0.0003690650050598,1e-10
2,stage6_risk_control_effects.mean[transformation=DELTA_NEUTRAL_MINUS_ORIGINAL],FAIL,0.0005792275985369,0.0007490364839999,0.0001698088854629,1e-10
2,stage6_risk_control_effects.mean[transformation=VEGA_BALANCED_DELTA_NEUTRAL_MINUS_DELTA_NEUTRAL],FAIL,-0.0004186385130425,-0.0004884744872989,6.983597425640003e-05,1e-10
2,stage6_risk_control_effects.mean[transformation=VEGA_BALANCED_DELTA_NEUTRAL_MINUS_ORIGINAL],FAIL,0.0001605890854944,0.000260561996701,9.99729112066e-05,1e-10
2,stage6_risk_control_effects.mean[transformation=VEGA_BALANCED_MINUS_ORIGINAL],FAIL,-0.0002926612174891,-4.246234804078331e-05,0.0002501988694483,1e-10
2,stage6_risk_control_effects.mean[transformation=DELTA_NEUTRAL_MINUS_ORIGINAL],FAIL,0.0037113274511313,0.0032936258595643,0.0004177015915669,1e-10
2,stage6_risk_control_effects.mean[transformation=VEGA_BALANCED_DELTA_NEUTRAL_MINUS_DELTA_NEUTRAL],FAIL,-0.0001078788212214,-0.0001549598156799,4.708099445850001e-05,1e-10
2,stage6_risk_control_effects.mean[transformation=VEGA_BALANCED_DELTA_NEUTRAL_MINUS_ORIGINAL],FAIL,0.0036034486299098,0.0031386660438843,0.0004647825860255,1e-10
2,stage6_risk_control_effects.mean[transformation=VEGA_BALANCED_MINUS_ORIGINAL],FAIL,0.0001016661379939,0.0001385873276679,3.6921189674e-05,1e-10
2,stage6_risk_control_effects.median[transformation=DELTA_NEUTRAL_MINUS_ORIGINAL],FAIL,0.0005032054166814,0.000239217027341,0.0002639883893403,1e-10
2,stage6_risk_control_effects.median[transformation=VEGA_BALANCED_DELTA_NEUTRAL_MINUS_DELTA_NEUTRAL],FAIL,4.79444564583117e-05,-0.0001082000879506,0.0001561445444089,1e-10
2,stage6_risk_control_effects.median[transformation=VEGA_BALANCED_DELTA_NEUTRAL_MINUS_ORIGINAL],FAIL,0.0004577690796551,-3.299058510000628e-05,0.0004907596647551,1e-10
2,stage6_risk_control_effects.median[transformation=VEGA_BALANCED_MINUS_ORIGINAL],FAIL,-0.0001034394646497,-0.000106016091984,2.5766273342999965e-06,1e-10
2,stage6_risk_control_effects.median[transformation=DELTA_NEUTRAL_MINUS_ORIGINAL],FAIL,0.0004804985002461,0.0004412738344722,3.9224665773900016e-05,1e-10
2,stage6_risk_control_effects.median[transformation=VEGA_BALANCED_DELTA_NEUTRAL_MINUS_DELTA_NEUTRAL],FAIL,-0.0001015157168975,-6.913449496192598e-05,3.238122193557402e-05,1e-10
2,stage6_risk_control_effects.median[transformation=VEGA_BALANCED_DELTA_NEUTRAL_MINUS_ORIGINAL],FAIL,0.0006161077989601,0.0006941750875296,7.806728856950002e-05,1e-10
2,stage6_risk_control_effects.median[transformation=VEGA_BALANCED_MINUS_ORIGINAL],FAIL,-0.0002234735963859,-0.0001021448091723,0.0001213287872136,1e-10
2,stage6_risk_control_effects.median[transformation=DELTA_NEUTRAL_MINUS_ORIGINAL],FAIL,-2.8332774633044394e-06,0.0001066524270066,0.0001094857044699,1e-10
2,stage6_risk_control_effects.median[transformation=VEGA_BALANCED_DELTA_NEUTRAL_MINUS_DELTA_NEUTRAL],FAIL,-7.286702274257931e-05,-7.342569523883564e-05,5.586724962563312e-07,1e-10
2,stage6_risk_control_effects.median[transformation=VEGA_BALANCED_DELTA_NEUTRAL_MINUS_ORIGINAL],FAIL,-0.0001750795768659,1.6092417426564717e-05,0.0001911719942924,1e-10
2,stage6_risk_control_effects.median[transformation=VEGA_BALANCED_MINUS_ORIGINAL],FAIL,-4.737509547906443e-05,-4.74062079050487e-06,4.263447468855956e-05,1e-10
2,stage6_risk_control_effects.HAC_standard_error[transformation=DELTA_NEUTRAL_MINUS_ORIGINAL],FAIL,0.0017650944659835,0.0016689060753769,9.61883906066001e-05,1e-10
2,stage6_risk_control_effects.HAC_standard_error[transformation=VEGA_BALANCED_DELTA_NEUTRAL_MINUS_DELTA_NEUTRAL],FAIL,0.0003415608381671,0.0002446514309006,9.69094072665e-05,1e-10
2,stage6_risk_control_effects.HAC_standard_error[transformation=VEGA_BALANCED_DELTA_NEUTRAL_MINUS_ORIGINAL],FAIL,0.0017417211056834,0.0017047367219539,3.69843837295001e-05,1e-10
2,stage6_risk_control_effects.HAC_standard_error[transformation=VEGA_BALANCED_MINUS_ORIGINAL],FAIL,0.0008649547008813,0.0007827295914682,8.22251094131e-05,1e-10
2,stage6_risk_control_effects.HAC_standard_error[transformation=DELTA_NEUTRAL_MINUS_ORIGINAL],FAIL,0.0021009820696607,0.0021060936490959,5.111579435200259e-06,1e-10
2,stage6_risk_control_effects.HAC_standard_error[transformation=VEGA_BALANCED_DELTA_NEUTRAL_MINUS_DELTA_NEUTRAL],FAIL,0.0002523580656524,0.0002628808377468,1.0522772094399976e-05,1e-10
2,stage6_risk_control_effects.HAC_standard_error[transformation=VEGA_BALANCED_DELTA_NEUTRAL_MINUS_ORIGINAL],FAIL,0.0021136659704013,0.0021173663165648,3.700346163499919e-06,1e-10
2,stage6_risk_control_effects.HAC_standard_error[transformation=VEGA_BALANCED_MINUS_ORIGINAL],FAIL,0.0005003700022832,0.0004888286358273,1.1541366455900023e-05,1e-10
2,stage6_risk_control_effects.HAC_standard_error[transformation=DELTA_NEUTRAL_MINUS_ORIGINAL],FAIL,0.0015202910758038,0.0015921706424331,7.187956662929986e-05,1e-10
2,stage6_risk_control_effects.HAC_standard_error[transformation=VEGA_BALANCED_DELTA_NEUTRAL_MINUS_DELTA_NEUTRAL],FAIL,0.0001253080360159,0.0001289753798974,3.667343881499994e-06,1e-10
2,stage6_risk_control_effects.HAC_standard_error[transformation=VEGA_BALANCED_DELTA_NEUTRAL_MINUS_ORIGINAL],FAIL,0.0015032238910235,0.0015781409675441,7.491707652060005e-05,1e-10
2,stage6_risk_control_effects.HAC_standard_error[transformation=VEGA_BALANCED_MINUS_ORIGINAL],FAIL,0.0002402864752432,0.0002396029882487,6.834869945000039e-07,1e-10
2,stage6_risk_control_effects.HAC_t_stat[transformation=DELTA_NEUTRAL_MINUS_ORIGINAL],FAIL,0.8533189047730186,1.0131673253978812,0.1598484206248626,1e-10
2,stage6_risk_control_effects.HAC_t_stat[transformation=VEGA_BALANCED_DELTA_NEUTRAL_MINUS_DELTA_NEUTRAL],FAIL,-0.1223684944075119,0.7584042180427581,0.88077271245027,1e-10
2,stage6_risk_control_effects.HAC_t_stat[transformation=VEGA_BALANCED_DELTA_NEUTRAL_MINUS_ORIGINAL],FAIL,0.8407730642066817,1.1007129474659052,0.2599398832592234,1e-10
2,stage6_risk_control_effects.HAC_t_stat[transformation=VEGA_BALANCED_MINUS_ORIGINAL],FAIL,1.7614038335823374,1.474927655133096,0.2864761784492413,1e-10
2,stage6_risk_control_effects.HAC_t_stat[transformation=DELTA_NEUTRAL_MINUS_ORIGINAL],FAIL,0.2756937371819219,0.3556520311057637,0.0799582939238418,1e-10
2,stage6_risk_control_effects.HAC_t_stat[transformation=VEGA_BALANCED_DELTA_NEUTRAL_MINUS_DELTA_NEUTRAL],FAIL,-1.658906807516214,-1.8581593526774307,0.1992525451612166,1e-10
2,stage6_risk_control_effects.HAC_t_stat[transformation=VEGA_BALANCED_DELTA_NEUTRAL_MINUS_ORIGINAL],FAIL,0.0759765676049236,0.123059479440352,0.0470829118354284,1e-10
2,stage6_risk_control_effects.HAC_t_stat[transformation=VEGA_BALANCED_MINUS_ORIGINAL],FAIL,-0.5848896139931032,-0.0868655085414886,0.4980241054516146,1e-10
2,stage6_risk_control_effects.HAC_t_stat[transformation=DELTA_NEUTRAL_MINUS_ORIGINAL],FAIL,2.441195314633385,2.0686387324232203,0.3725565822101648,1e-10
2,stage6_risk_control_effects.HAC_t_stat[transformation=VEGA_BALANCED_DELTA_NEUTRAL_MINUS_DELTA_NEUTRAL],FAIL,-0.8609090418408764,-1.2014681856584182,0.3405591438175418,1e-10
2,stage6_risk_control_effects.HAC_t_stat[transformation=VEGA_BALANCED_DELTA_NEUTRAL_MINUS_ORIGINAL],FAIL,2.3971469928250326,1.9888375680207384,0.4083094248042942,1e-10
2,stage6_risk_control_effects.HAC_t_stat[transformation=VEGA_BALANCED_MINUS_ORIGINAL],FAIL,0.4231038717057637,0.5784040035599142,0.1553001318541504,1e-10
2,stage6_risk_control_effects.raw_p[transformation=DELTA_NEUTRAL_MINUS_ORIGINAL],FAIL,0.393482479182621,0.3109802446319718,0.0825022345506492,1e-10
2,stage6_risk_control_effects.raw_p[transformation=VEGA_BALANCED_DELTA_NEUTRAL_MINUS_DELTA_NEUTRAL],FAIL,0.902607188784344,0.448209033513483,0.4543981552708609,1e-10
2,stage6_risk_control_effects.raw_p[transformation=VEGA_BALANCED_DELTA_NEUTRAL_MINUS_ORIGINAL],FAIL,0.4004750797369081,0.2710216093783866,0.1294534703585215,1e-10
2,stage6_risk_control_effects.raw_p[transformation=VEGA_BALANCED_MINUS_ORIGINAL],FAIL,0.0781700766533075,0.1402319943353278,0.0620619176820202,1e-10
2,stage6_risk_control_effects.raw_p[transformation=DELTA_NEUTRAL_MINUS_ORIGINAL],FAIL,0.7827833062902138,0.7221011727365714,0.0606821335536423,1e-10
2,stage6_risk_control_effects.raw_p[transformation=VEGA_BALANCED_DELTA_NEUTRAL_MINUS_DELTA_NEUTRAL],FAIL,0.0971345726790498,0.0631463883358983,0.0339881843431515,1e-10
2,stage6_risk_control_effects.raw_p[transformation=VEGA_BALANCED_DELTA_NEUTRAL_MINUS_ORIGINAL],FAIL,0.9394377406451848,0.9020599980518924,0.0373777425932924,1e-10
2,stage6_risk_control_effects.raw_p[transformation=VEGA_BALANCED_MINUS_ORIGINAL],FAIL,0.5586219425648167,0.9307784160498572,0.3721564734850405,1e-10
2,stage6_risk_control_effects.raw_p[transformation=DELTA_NEUTRAL_MINUS_ORIGINAL],FAIL,0.014638735160263,0.0385800004577622,0.0239412652974992,1e-10
2,stage6_risk_control_effects.raw_p[transformation=VEGA_BALANCED_DELTA_NEUTRAL_MINUS_DELTA_NEUTRAL],FAIL,0.3892881413568291,0.229569640288917,0.1597185010679121,1e-10
2,stage6_risk_control_effects.raw_p[transformation=VEGA_BALANCED_DELTA_NEUTRAL_MINUS_ORIGINAL],FAIL,0.0165232936671193,0.0467191346470757,0.0301958409799564,1e-10
2,stage6_risk_control_effects.raw_p[transformation=VEGA_BALANCED_MINUS_ORIGINAL],FAIL,0.6722194777002992,0.5629913916161189,0.1092280860841803,1e-10
2,stage6_risk_control_effects.HAC_lag[transformation=DELTA_NEUTRAL_MINUS_ORIGINAL],PASS,5,5,0.0,1e-10
2,stage6_risk_control_effects.HAC_lag[transformation=VEGA_BALANCED_DELTA_NEUTRAL_MINUS_DELTA_NEUTRAL],PASS,5,5,0.0,1e-10
2,stage6_risk_control_effects.HAC_lag[transformation=VEGA_BALANCED_DELTA_NEUTRAL_MINUS_ORIGINAL],PASS,5,5,0.0,1e-10
2,stage6_risk_control_effects.HAC_lag[transformation=VEGA_BALANCED_MINUS_ORIGINAL],PASS,5,5,0.0,1e-10
2,stage6_risk_control_effects.HAC_lag[transformation=DELTA_NEUTRAL_MINUS_ORIGINAL],PASS,5,5,0.0,1e-10
2,stage6_risk_control_effects.HAC_lag[transformation=VEGA_BALANCED_DELTA_NEUTRAL_MINUS_DELTA_NEUTRAL],PASS,5,5,0.0,1e-10
2,stage6_risk_control_effects.HAC_lag[transformation=VEGA_BALANCED_DELTA_NEUTRAL_MINUS_ORIGINAL],PASS,5,5,0.0,1e-10
2,stage6_risk_control_effects.HAC_lag[transformation=VEGA_BALANCED_MINUS_ORIGINAL],PASS,5,5,0.0,1e-10
2,stage6_risk_control_effects.HAC_lag[transformation=DELTA_NEUTRAL_MINUS_ORIGINAL],PASS,5,5,0.0,1e-10
2,stage6_risk_control_effects.HAC_lag[transformation=VEGA_BALANCED_DELTA_NEUTRAL_MINUS_DELTA_NEUTRAL],PASS,5,5,0.0,1e-10
2,stage6_risk_control_effects.HAC_lag[transformation=VEGA_BALANCED_DELTA_NEUTRAL_MINUS_ORIGINAL],PASS,5,5,0.0,1e-10
2,stage6_risk_control_effects.HAC_lag[transformation=VEGA_BALANCED_MINUS_ORIGINAL],PASS,5,5,0.0,1e-10
2,stage6_risk_control_effects.n_days[transformation=DELTA_NEUTRAL_MINUS_ORIGINAL],PASS,408,408,0.0,1e-10
2,stage6_risk_control_effects.n_days[transformation=VEGA_BALANCED_DELTA_NEUTRAL_MINUS_DELTA_NEUTRAL],PASS,408,408,0.0,1e-10
2,stage6_risk_control_effects.n_days[transformation=VEGA_BALANCED_DELTA_NEUTRAL_MINUS_ORIGINAL],PASS,408,408,0.0,1e-10
2,stage6_risk_control_effects.n_days[transformation=VEGA_BALANCED_MINUS_ORIGINAL],PASS,408,408,0.0,1e-10
2,stage6_risk_control_effects.n_days[transformation=DELTA_NEUTRAL_MINUS_ORIGINAL],PASS,408,408,0.0,1e-10
2,stage6_risk_control_effects.n_days[transformation=VEGA_BALANCED_DELTA_NEUTRAL_MINUS_DELTA_NEUTRAL],PASS,408,408,0.0,1e-10
2,stage6_risk_control_effects.n_days[transformation=VEGA_BALANCED_DELTA_NEUTRAL_MINUS_ORIGINAL],PASS,408,408,0.0,1e-10
2,stage6_risk_control_effects.n_days[transformation=VEGA_BALANCED_MINUS_ORIGINAL],PASS,408,408,0.0,1e-10
2,stage6_risk_control_effects.n_days[transformation=DELTA_NEUTRAL_MINUS_ORIGINAL],PASS,408,408,0.0,1e-10
2,stage6_risk_control_effects.n_days[transformation=VEGA_BALANCED_DELTA_NEUTRAL_MINUS_DELTA_NEUTRAL],PASS,408,408,0.0,1e-10
2,stage6_risk_control_effects.n_days[transformation=VEGA_BALANCED_DELTA_NEUTRAL_MINUS_ORIGINAL],PASS,408,408,0.0,1e-10
2,stage6_risk_control_effects.n_days[transformation=VEGA_BALANCED_MINUS_ORIGINAL],PASS,408,408,0.0,1e-10
2,stage6_risk_control_effects.bootstrap_mean_CI_low[transformation=DELTA_NEUTRAL_MINUS_ORIGINAL],FAIL,-0.0018233881546853,-0.0015342334941952,0.00028915466049,1e-10
2,stage6_risk_control_effects.bootstrap_mean_CI_low[transformation=VEGA_BALANCED_DELTA_NEUTRAL_MINUS_DELTA_NEUTRAL],FAIL,-0.0007029678028803,-0.0002780173559457,0.0004249504469346,1e-10
2,stage6_risk_control_effects.bootstrap_mean_CI_low[transformation=VEGA_BALANCED_DELTA_NEUTRAL_MINUS_ORIGINAL],FAIL,-0.0018665077768069,-0.0014638911291089,0.000402616647698,1e-10
2,stage6_risk_control_effects.bootstrap_mean_CI_low[transformation=VEGA_BALANCED_MINUS_ORIGINAL],FAIL,-5.254757915098212e-05,-0.0002679527956729,0.0002154052165219,1e-10
2,stage6_risk_control_effects.bootstrap_mean_CI_low[transformation=DELTA_NEUTRAL_MINUS_ORIGINAL],FAIL,-0.0035728171293309,-0.0034403669338916,0.0001324501954392,1e-10
2,stage6_risk_control_effects.bootstrap_mean_CI_low[transformation=VEGA_BALANCED_DELTA_NEUTRAL_MINUS_DELTA_NEUTRAL],FAIL,-0.0009364774716591,-0.0010229681539478,8.649068228869998e-05,1e-10
2,stage6_risk_control_effects.bootstrap_mean_CI_low[transformation=VEGA_BALANCED_DELTA_NEUTRAL_MINUS_ORIGINAL],FAIL,-0.0040402965934374,-0.0039728683057663,6.742828767110007e-05,1e-10
2,stage6_risk_control_effects.bootstrap_mean_CI_low[transformation=VEGA_BALANCED_MINUS_ORIGINAL],FAIL,-0.0012486949549323,-0.000989503012551,0.0002591919423812,1e-10
2,stage6_risk_control_effects.bootstrap_mean_CI_low[transformation=DELTA_NEUTRAL_MINUS_ORIGINAL],FAIL,0.0007074836647552,0.0001304657254692,0.000577017939286,1e-10
2,stage6_risk_control_effects.bootstrap_mean_CI_low[transformation=VEGA_BALANCED_DELTA_NEUTRAL_MINUS_DELTA_NEUTRAL],FAIL,-0.0003693876415274,-0.0004329348936594,6.354725213200002e-05,1e-10
2,stage6_risk_control_effects.bootstrap_mean_CI_low[transformation=VEGA_BALANCED_DELTA_NEUTRAL_MINUS_ORIGINAL],FAIL,0.0006565847642354,1.660438075717879e-05,0.0006399803834782,1e-10
2,stage6_risk_control_effects.bootstrap_mean_CI_low[transformation=VEGA_BALANCED_MINUS_ORIGINAL],FAIL,-0.000382693958459,-0.0003621919259316,2.0502032527400032e-05,1e-10
2,stage6_risk_control_effects.bootstrap_mean_CI_high[transformation=DELTA_NEUTRAL_MINUS_ORIGINAL],FAIL,0.0049025544945173,0.0050629593815394,0.000160404887022,1e-10
2,stage6_risk_control_effects.bootstrap_mean_CI_high[transformation=VEGA_BALANCED_DELTA_NEUTRAL_MINUS_DELTA_NEUTRAL],FAIL,0.0006776808906577,0.0006695649792578,8.11591139989994e-06,1e-10
2,stage6_risk_control_effects.bootstrap_mean_CI_high[transformation=VEGA_BALANCED_DELTA_NEUTRAL_MINUS_ORIGINAL],FAIL,0.0048014153446995,0.0053182380293088,0.0005168226846092,1e-10
2,stage6_risk_control_effects.bootstrap_mean_CI_high[transformation=VEGA_BALANCED_MINUS_ORIGINAL],FAIL,0.0033362441167692,0.0028285539336185,0.0005076901831507,1e-10
2,stage6_risk_control_effects.bootstrap_mean_CI_high[transformation=DELTA_NEUTRAL_MINUS_ORIGINAL],FAIL,0.0046459509052786,0.0048722585700039,0.0002263076647253,1e-10
2,stage6_risk_control_effects.bootstrap_mean_CI_high[transformation=VEGA_BALANCED_DELTA_NEUTRAL_MINUS_DELTA_NEUTRAL],FAIL,3.729195023836764e-05,-1.468517628576332e-05,5.197712652413096e-05,1e-10
2,stage6_risk_control_effects.bootstrap_mean_CI_high[transformation=VEGA_BALANCED_DELTA_NEUTRAL_MINUS_ORIGINAL],FAIL,0.0042626221022327,0.0043714209418931,0.0001087988396603,1e-10
2,stage6_risk_control_effects.bootstrap_mean_CI_high[transformation=VEGA_BALANCED_MINUS_ORIGINAL],FAIL,0.0006567083005389,0.0009212437686763,0.0002645354681374,1e-10
2,stage6_risk_control_effects.bootstrap_mean_CI_high[transformation=DELTA_NEUTRAL_MINUS_ORIGINAL],FAIL,0.0068080462920895,0.0064907014027007,0.0003173448893888,1e-10
2,stage6_risk_control_effects.bootstrap_mean_CI_high[transformation=VEGA_BALANCED_DELTA_NEUTRAL_MINUS_DELTA_NEUTRAL],FAIL,0.0001371960512457,9.886992541181705e-05,3.832612583388296e-05,1e-10
2,stage6_risk_control_effects.bootstrap_mean_CI_high[transformation=VEGA_BALANCED_DELTA_NEUTRAL_MINUS_ORIGINAL],FAIL,0.00664728995904,0.0063396121941537,0.0003076777648863,1e-10
2,stage6_risk_control_effects.bootstrap_mean_CI_high[transformation=VEGA_BALANCED_MINUS_ORIGINAL],FAIL,0.0005456414129483,0.0005861372945274,4.049588157909996e-05,1e-10
2,stage6_risk_control_effects.bootstrap_sharpe_CI_low[transformation=DELTA_NEUTRAL_MINUS_ORIGINAL],FAIL,-0.839517234647244,-0.7243038915746977,0.1152133430725463,1e-10
2,stage6_risk_control_effects.bootstrap_sharpe_CI_low[transformation=VEGA_BALANCED_DELTA_NEUTRAL_MINUS_DELTA_NEUTRAL],FAIL,-1.562544006436673,-0.9541456772226642,0.6083983292140087,1e-10
2,stage6_risk_control_effects.bootstrap_sharpe_CI_low[transformation=VEGA_BALANCED_DELTA_NEUTRAL_MINUS_ORIGINAL],FAIL,-0.8672139933456573,-0.6946718091941495,0.1725421841515078,1e-10
2,stage6_risk_control_effects.bootstrap_sharpe_CI_low[transformation=VEGA_BALANCED_MINUS_ORIGINAL],FAIL,-0.0493521170363836,-0.3864676191634812,0.3371155021270976,1e-10
2,stage6_risk_control_effects.bootstrap_sharpe_CI_low[transformation=DELTA_NEUTRAL_MINUS_ORIGINAL],FAIL,-1.382952113001711,-1.3139996899394415,0.0689524230622695,1e-10
2,stage6_risk_control_effects.bootstrap_sharpe_CI_low[transformation=VEGA_BALANCED_DELTA_NEUTRAL_MINUS_DELTA_NEUTRAL],FAIL,-2.4336570951228684,-2.6675128991259958,0.2338558040031273,1e-10
2,stage6_risk_control_effects.bootstrap_sharpe_CI_low[transformation=VEGA_BALANCED_DELTA_NEUTRAL_MINUS_ORIGINAL],FAIL,-1.5453984980078712,-1.4945364706318855,0.0508620273759856,1e-10
2,stage6_risk_control_effects.bootstrap_sharpe_CI_low[transformation=VEGA_BALANCED_MINUS_ORIGINAL],FAIL,-2.062254664324381,-1.7158113315107828,0.3464433328135983,1e-10
2,stage6_risk_control_effects.bootstrap_sharpe_CI_low[transformation=DELTA_NEUTRAL_MINUS_ORIGINAL],FAIL,0.3256678949798041,0.0637007062128138,0.2619671887669902,1e-10
2,stage6_risk_control_effects.bootstrap_sharpe_CI_low[transformation=VEGA_BALANCED_DELTA_NEUTRAL_MINUS_DELTA_NEUTRAL],FAIL,-2.3873943293784503,-2.774430568087649,0.3870362387091988,1e-10
2,stage6_risk_control_effects.bootstrap_sharpe_CI_low[transformation=VEGA_BALANCED_DELTA_NEUTRAL_MINUS_ORIGINAL],FAIL,0.3007114695486023,0.0079882927145978,0.2927231768340045,1e-10
2,stage6_risk_control_effects.bootstrap_sharpe_CI_low[transformation=VEGA_BALANCED_MINUS_ORIGINAL],FAIL,-1.1167493683807888,-1.0606074851323508,0.0561418832484379,1e-10
2,stage6_risk_control_effects.bootstrap_sharpe_CI_high[transformation=DELTA_NEUTRAL_MINUS_ORIGINAL],FAIL,2.4147606551427314,2.4898494142377423,0.0750887590950108,1e-10
2,stage6_risk_control_effects.bootstrap_sharpe_CI_high[transformation=VEGA_BALANCED_DELTA_NEUTRAL_MINUS_DELTA_NEUTRAL],FAIL,1.3144746488473404,1.8443294240328352,0.5298547751854947,1e-10
2,stage6_risk_control_effects.bootstrap_sharpe_CI_high[transformation=VEGA_BALANCED_DELTA_NEUTRAL_MINUS_ORIGINAL],FAIL,2.2713463026781024,2.500754353231544,0.2294080505534417,1e-10
2,stage6_risk_control_effects.bootstrap_sharpe_CI_high[transformation=VEGA_BALANCED_MINUS_ORIGINAL],FAIL,2.53924704522895,2.379544329269688,0.1597027159592619,1e-10
2,stage6_risk_control_effects.bootstrap_sharpe_CI_high[transformation=DELTA_NEUTRAL_MINUS_ORIGINAL],FAIL,2.040274710698736,2.0489268529199878,0.0086521422212517,1e-10
2,stage6_risk_control_effects.bootstrap_sharpe_CI_high[transformation=VEGA_BALANCED_DELTA_NEUTRAL_MINUS_DELTA_NEUTRAL],FAIL,0.1254683484226006,-0.0497878019057321,0.1752561503283327,1e-10
2,stage6_risk_control_effects.bootstrap_sharpe_CI_high[transformation=VEGA_BALANCED_DELTA_NEUTRAL_MINUS_ORIGINAL],FAIL,1.817077853782333,1.805470008544628,0.011607845237705,1e-10
2,stage6_risk_control_effects.bootstrap_sharpe_CI_high[transformation=VEGA_BALANCED_MINUS_ORIGINAL],FAIL,1.0313877804674472,1.3714678450423674,0.3400800645749202,1e-10
2,stage6_risk_control_effects.bootstrap_sharpe_CI_high[transformation=DELTA_NEUTRAL_MINUS_ORIGINAL],FAIL,3.2461505634582504,3.090519058167101,0.1556315052911494,1e-10
2,stage6_risk_control_effects.bootstrap_sharpe_CI_high[transformation=VEGA_BALANCED_DELTA_NEUTRAL_MINUS_DELTA_NEUTRAL],FAIL,0.893631560609277,0.664924084532666,0.2287074760766109,1e-10
2,stage6_risk_control_effects.bootstrap_sharpe_CI_high[transformation=VEGA_BALANCED_DELTA_NEUTRAL_MINUS_ORIGINAL],FAIL,3.1764140945043176,3.021923584132234,0.1544905103720837,1e-10
2,stage6_risk_control_effects.bootstrap_sharpe_CI_high[transformation=VEGA_BALANCED_MINUS_ORIGINAL],FAIL,1.8004504989390002,2.1434094415044416,0.3429589425654413,1e-10
2,stage6_risk_control_effects.bootstrap_block_length[transformation=DELTA_NEUTRAL_MINUS_ORIGINAL],PASS,5,5,0.0,1e-10
2,stage6_risk_control_effects.bootstrap_block_length[transformation=VEGA_BALANCED_DELTA_NEUTRAL_MINUS_DELTA_NEUTRAL],PASS,5,5,0.0,1e-10
2,stage6_risk_control_effects.bootstrap_block_length[transformation=VEGA_BALANCED_DELTA_NEUTRAL_MINUS_ORIGINAL],PASS,5,5,0.0,1e-10
2,stage6_risk_control_effects.bootstrap_block_length[transformation=VEGA_BALANCED_MINUS_ORIGINAL],PASS,5,5,0.0,1e-10
2,stage6_risk_control_effects.bootstrap_block_length[transformation=DELTA_NEUTRAL_MINUS_ORIGINAL],PASS,5,5,0.0,1e-10
2,stage6_risk_control_effects.bootstrap_block_length[transformation=VEGA_BALANCED_DELTA_NEUTRAL_MINUS_DELTA_NEUTRAL],PASS,5,5,0.0,1e-10
2,stage6_risk_control_effects.bootstrap_block_length[transformation=VEGA_BALANCED_DELTA_NEUTRAL_MINUS_ORIGINAL],PASS,5,5,0.0,1e-10
2,stage6_risk_control_effects.bootstrap_block_length[transformation=VEGA_BALANCED_MINUS_ORIGINAL],PASS,5,5,0.0,1e-10
2,stage6_risk_control_effects.bootstrap_block_length[transformation=DELTA_NEUTRAL_MINUS_ORIGINAL],PASS,5,5,0.0,1e-10
2,stage6_risk_control_effects.bootstrap_block_length[transformation=VEGA_BALANCED_DELTA_NEUTRAL_MINUS_DELTA_NEUTRAL],PASS,5,5,0.0,1e-10
2,stage6_risk_control_effects.bootstrap_block_length[transformation=VEGA_BALANCED_DELTA_NEUTRAL_MINUS_ORIGINAL],PASS,5,5,0.0,1e-10
2,stage6_risk_control_effects.bootstrap_block_length[transformation=VEGA_BALANCED_MINUS_ORIGINAL],PASS,5,5,0.0,1e-10
2,stage6_risk_control_effects.bootstrap_repetitions[transformation=DELTA_NEUTRAL_MINUS_ORIGINAL],PASS,4000,4000,0.0,1e-10
2,stage6_risk_control_effects.bootstrap_repetitions[transformation=VEGA_BALANCED_DELTA_NEUTRAL_MINUS_DELTA_NEUTRAL],PASS,4000,4000,0.0,1e-10
2,stage6_risk_control_effects.bootstrap_repetitions[transformation=VEGA_BALANCED_DELTA_NEUTRAL_MINUS_ORIGINAL],PASS,4000,4000,0.0,1e-10
2,stage6_risk_control_effects.bootstrap_repetitions[transformation=VEGA_BALANCED_MINUS_ORIGINAL],PASS,4000,4000,0.0,1e-10
2,stage6_risk_control_effects.bootstrap_repetitions[transformation=DELTA_NEUTRAL_MINUS_ORIGINAL],PASS,4000,4000,0.0,1e-10
2,stage6_risk_control_effects.bootstrap_repetitions[transformation=VEGA_BALANCED_DELTA_NEUTRAL_MINUS_DELTA_NEUTRAL],PASS,4000,4000,0.0,1e-10
2,stage6_risk_control_effects.bootstrap_repetitions[transformation=VEGA_BALANCED_DELTA_NEUTRAL_MINUS_ORIGINAL],PASS,4000,4000,0.0,1e-10
2,stage6_risk_control_effects.bootstrap_repetitions[transformation=VEGA_BALANCED_MINUS_ORIGINAL],PASS,4000,4000,0.0,1e-10
2,stage6_risk_control_effects.bootstrap_repetitions[transformation=DELTA_NEUTRAL_MINUS_ORIGINAL],PASS,4000,4000,0.0,1e-10
2,stage6_risk_control_effects.bootstrap_repetitions[transformation=VEGA_BALANCED_DELTA_NEUTRAL_MINUS_DELTA_NEUTRAL],PASS,4000,4000,0.0,1e-10
2,stage6_risk_control_effects.bootstrap_repetitions[transformation=VEGA_BALANCED_DELTA_NEUTRAL_MINUS_ORIGINAL],PASS,4000,4000,0.0,1e-10
2,stage6_risk_control_effects.bootstrap_repetitions[transformation=VEGA_BALANCED_MINUS_ORIGINAL],PASS,4000,4000,0.0,1e-10
2,stage6_risk_control_effects.bootstrap_seed[transformation=DELTA_NEUTRAL_MINUS_ORIGINAL],PASS,42,42,0.0,1e-10
2,stage6_risk_control_effects.bootstrap_seed[transformation=VEGA_BALANCED_DELTA_NEUTRAL_MINUS_DELTA_NEUTRAL],PASS,42,42,0.0,1e-10
2,stage6_risk_control_effects.bootstrap_seed[transformation=VEGA_BALANCED_DELTA_NEUTRAL_MINUS_ORIGINAL],PASS,42,42,0.0,1e-10
2,stage6_risk_control_effects.bootstrap_seed[transformation=VEGA_BALANCED_MINUS_ORIGINAL],PASS,42,42,0.0,1e-10
2,stage6_risk_control_effects.bootstrap_seed[transformation=DELTA_NEUTRAL_MINUS_ORIGINAL],PASS,42,42,0.0,1e-10
2,stage6_risk_control_effects.bootstrap_seed[transformation=VEGA_BALANCED_DELTA_NEUTRAL_MINUS_DELTA_NEUTRAL],PASS,42,42,0.0,1e-10
2,stage6_risk_control_effects.bootstrap_seed[transformation=VEGA_BALANCED_DELTA_NEUTRAL_MINUS_ORIGINAL],PASS,42,42,0.0,1e-10
2,stage6_risk_control_effects.bootstrap_seed[transformation=VEGA_BALANCED_MINUS_ORIGINAL],PASS,42,42,0.0,1e-10
2,stage6_risk_control_effects.bootstrap_seed[transformation=DELTA_NEUTRAL_MINUS_ORIGINAL],PASS,42,42,0.0,1e-10
2,stage6_risk_control_effects.bootstrap_seed[transformation=VEGA_BALANCED_DELTA_NEUTRAL_MINUS_DELTA_NEUTRAL],PASS,42,42,0.0,1e-10
2,stage6_risk_control_effects.bootstrap_seed[transformation=VEGA_BALANCED_DELTA_NEUTRAL_MINUS_ORIGINAL],PASS,42,42,0.0,1e-10
2,stage6_risk_control_effects.bootstrap_seed[transformation=VEGA_BALANCED_MINUS_ORIGINAL],PASS,42,42,0.0,1e-10
2,stage6_risk_control_effects.holm_adjusted_p[transformation=DELTA_NEUTRAL_MINUS_ORIGINAL],PASS,1.0,1.0,0.0,1e-10
2,stage6_risk_control_effects.holm_adjusted_p[transformation=VEGA_BALANCED_DELTA_NEUTRAL_MINUS_DELTA_NEUTRAL],PASS,1.0,1.0,0.0,1e-10
2,stage6_risk_control_effects.holm_adjusted_p[transformation=VEGA_BALANCED_DELTA_NEUTRAL_MINUS_ORIGINAL],PASS,1.0,1.0,0.0,1e-10
2,stage6_risk_control_effects.holm_adjusted_p[transformation=VEGA_BALANCED_MINUS_ORIGINAL],FAIL,0.7817007665330754,1.0,0.2182992334669246,1e-10
2,stage6_risk_control_effects.holm_adjusted_p[transformation=DELTA_NEUTRAL_MINUS_ORIGINAL],PASS,1.0,1.0,0.0,1e-10
2,stage6_risk_control_effects.holm_adjusted_p[transformation=VEGA_BALANCED_DELTA_NEUTRAL_MINUS_DELTA_NEUTRAL],FAIL,0.8742111541114489,0.6314638833589832,0.2427472707524657,1e-10
2,stage6_risk_control_effects.holm_adjusted_p[transformation=VEGA_BALANCED_DELTA_NEUTRAL_MINUS_ORIGINAL],PASS,1.0,1.0,0.0,1e-10
2,stage6_risk_control_effects.holm_adjusted_p[transformation=VEGA_BALANCED_MINUS_ORIGINAL],PASS,1.0,1.0,0.0,1e-10
2,stage6_risk_control_effects.holm_adjusted_p[transformation=DELTA_NEUTRAL_MINUS_ORIGINAL],FAIL,0.175664821923157,0.4629600054931471,0.28729518356999,1e-10
2,stage6_risk_control_effects.holm_adjusted_p[transformation=VEGA_BALANCED_DELTA_NEUTRAL_MINUS_DELTA_NEUTRAL],PASS,1.0,1.0,0.0,1e-10
2,stage6_risk_control_effects.holm_adjusted_p[transformation=VEGA_BALANCED_DELTA_NEUTRAL_MINUS_ORIGINAL],FAIL,0.1817562303383132,0.5139104811178331,0.3321542507795199,1e-10
2,stage6_risk_control_effects.holm_adjusted_p[transformation=VEGA_BALANCED_MINUS_ORIGINAL],PASS,1.0,1.0,0.0,1e-10
2,stage6_risk_control_effects.holm_reject_5pct[transformation=DELTA_NEUTRAL_MINUS_ORIGINAL],PASS,False,False,0.0,1e-10
2,stage6_risk_control_effects.holm_reject_5pct[transformation=VEGA_BALANCED_DELTA_NEUTRAL_MINUS_DELTA_NEUTRAL],PASS,False,False,0.0,1e-10
2,stage6_risk_control_effects.holm_reject_5pct[transformation=VEGA_BALANCED_DELTA_NEUTRAL_MINUS_ORIGINAL],PASS,False,False,0.0,1e-10
2,stage6_risk_control_effects.holm_reject_5pct[transformation=VEGA_BALANCED_MINUS_ORIGINAL],PASS,False,False,0.0,1e-10
2,stage6_risk_control_effects.holm_reject_5pct[transformation=DELTA_NEUTRAL_MINUS_ORIGINAL],PASS,False,False,0.0,1e-10
2,stage6_risk_control_effects.holm_reject_5pct[transformation=VEGA_BALANCED_DELTA_NEUTRAL_MINUS_DELTA_NEUTRAL],PASS,False,False,0.0,1e-10
2,stage6_risk_control_effects.holm_reject_5pct[transformation=VEGA_BALANCED_DELTA_NEUTRAL_MINUS_ORIGINAL],PASS,False,False,0.0,1e-10
2,stage6_risk_control_effects.holm_reject_5pct[transformation=VEGA_BALANCED_MINUS_ORIGINAL],PASS,False,False,0.0,1e-10
2,stage6_risk_control_effects.holm_reject_5pct[transformation=DELTA_NEUTRAL_MINUS_ORIGINAL],PASS,False,False,0.0,1e-10
2,stage6_risk_control_effects.holm_reject_5pct[transformation=VEGA_BALANCED_DELTA_NEUTRAL_MINUS_DELTA_NEUTRAL],PASS,False,False,0.0,1e-10
2,stage6_risk_control_effects.holm_reject_5pct[transformation=VEGA_BALANCED_DELTA_NEUTRAL_MINUS_ORIGINAL],PASS,False,False,0.0,1e-10
2,stage6_risk_control_effects.holm_reject_5pct[transformation=VEGA_BALANCED_MINUS_ORIGINAL],PASS,False,False,0.0,1e-10
2,stage6_risk_control_effects.BH_adjusted_p[transformation=DELTA_NEUTRAL_MINUS_ORIGINAL],FAIL,0.6865287081204139,0.5331089907976659,0.1534197173227479,1e-10
2,stage6_risk_control_effects.BH_adjusted_p[transformation=VEGA_BALANCED_DELTA_NEUTRAL_MINUS_DELTA_NEUTRAL],FAIL,0.9394377406451848,0.6723135502702247,0.2671241903749601,1e-10
2,stage6_risk_control_effects.BH_adjusted_p[transformation=VEGA_BALANCED_DELTA_NEUTRAL_MINUS_ORIGINAL],FAIL,0.6865287081204139,0.5331089907976659,0.1534197173227479,1e-10
2,stage6_risk_control_effects.BH_adjusted_p[transformation=VEGA_BALANCED_MINUS_ORIGINAL],FAIL,0.2914037180371496,0.4206959830059835,0.1292922649688339,1e-10
2,stage6_risk_control_effects.BH_adjusted_p[transformation=DELTA_NEUTRAL_MINUS_ORIGINAL],FAIL,0.9393399675482564,0.8665214072838857,0.0728185602643707,1e-10
2,stage6_risk_control_effects.BH_adjusted_p[transformation=VEGA_BALANCED_DELTA_NEUTRAL_MINUS_DELTA_NEUTRAL],FAIL,0.2914037180371496,0.2525855533435933,0.0388181646935563,1e-10
2,stage6_risk_control_effects.BH_adjusted_p[transformation=VEGA_BALANCED_DELTA_NEUTRAL_MINUS_ORIGINAL],FAIL,0.9394377406451848,0.9307784160498572,0.0086593245953275,1e-10
2,stage6_risk_control_effects.BH_adjusted_p[transformation=VEGA_BALANCED_MINUS_ORIGINAL],FAIL,0.837932913847225,0.9307784160498572,0.0928455022026322,1e-10
2,stage6_risk_control_effects.BH_adjusted_p[transformation=DELTA_NEUTRAL_MINUS_ORIGINAL],FAIL,0.0991397620027163,0.2525855533435933,0.153445791340877,1e-10
2,stage6_risk_control_effects.BH_adjusted_p[transformation=VEGA_BALANCED_DELTA_NEUTRAL_MINUS_DELTA_NEUTRAL],FAIL,0.6865287081204139,0.5331089907976659,0.1534197173227479,1e-10
2,stage6_risk_control_effects.BH_adjusted_p[transformation=VEGA_BALANCED_DELTA_NEUTRAL_MINUS_ORIGINAL],FAIL,0.0991397620027163,0.2525855533435933,0.153445791340877,1e-10
2,stage6_risk_control_effects.BH_adjusted_p[transformation=VEGA_BALANCED_MINUS_ORIGINAL],FAIL,0.8962926369337324,0.7506551888214918,0.1456374481122405,1e-10
2,stage6_risk_control_effects.BH_reject_5pct[transformation=DELTA_NEUTRAL_MINUS_ORIGINAL],PASS,False,False,0.0,1e-10
2,stage6_risk_control_effects.BH_reject_5pct[transformation=VEGA_BALANCED_DELTA_NEUTRAL_MINUS_DELTA_NEUTRAL],PASS,False,False,0.0,1e-10
2,stage6_risk_control_effects.BH_reject_5pct[transformation=VEGA_BALANCED_DELTA_NEUTRAL_MINUS_ORIGINAL],PASS,False,False,0.0,1e-10
2,stage6_risk_control_effects.BH_reject_5pct[transformation=VEGA_BALANCED_MINUS_ORIGINAL],PASS,False,False,0.0,1e-10
2,stage6_risk_control_effects.BH_reject_5pct[transformation=DELTA_NEUTRAL_MINUS_ORIGINAL],PASS,False,False,0.0,1e-10
2,stage6_risk_control_effects.BH_reject_5pct[transformation=VEGA_BALANCED_DELTA_NEUTRAL_MINUS_DELTA_NEUTRAL],PASS,False,False,0.0,1e-10
2,stage6_risk_control_effects.BH_reject_5pct[transformation=VEGA_BALANCED_DELTA_NEUTRAL_MINUS_ORIGINAL],PASS,False,False,0.0,1e-10
2,stage6_risk_control_effects.BH_reject_5pct[transformation=VEGA_BALANCED_MINUS_ORIGINAL],PASS,False,False,0.0,1e-10
2,stage6_risk_control_effects.BH_reject_5pct[transformation=DELTA_NEUTRAL_MINUS_ORIGINAL],PASS,False,False,0.0,1e-10
2,stage6_risk_control_effects.BH_reject_5pct[transformation=VEGA_BALANCED_DELTA_NEUTRAL_MINUS_DELTA_NEUTRAL],PASS,False,False,0.0,1e-10
2,stage6_risk_control_effects.BH_reject_5pct[transformation=VEGA_BALANCED_DELTA_NEUTRAL_MINUS_ORIGINAL],PASS,False,False,0.0,1e-10
2,stage6_risk_control_effects.BH_reject_5pct[transformation=VEGA_BALANCED_MINUS_ORIGINAL],PASS,False,False,0.0,1e-10
2,stage6_risk_control_effects.family_size[transformation=DELTA_NEUTRAL_MINUS_ORIGINAL],PASS,12,12,0.0,1e-10
2,stage6_risk_control_effects.family_size[transformation=VEGA_BALANCED_DELTA_NEUTRAL_MINUS_DELTA_NEUTRAL],PASS,12,12,0.0,1e-10
2,stage6_risk_control_effects.family_size[transformation=VEGA_BALANCED_DELTA_NEUTRAL_MINUS_ORIGINAL],PASS,12,12,0.0,1e-10
2,stage6_risk_control_effects.family_size[transformation=VEGA_BALANCED_MINUS_ORIGINAL],PASS,12,12,0.0,1e-10
2,stage6_risk_control_effects.family_size[transformation=DELTA_NEUTRAL_MINUS_ORIGINAL],PASS,12,12,0.0,1e-10
2,stage6_risk_control_effects.family_size[transformation=VEGA_BALANCED_DELTA_NEUTRAL_MINUS_DELTA_NEUTRAL],PASS,12,12,0.0,1e-10
2,stage6_risk_control_effects.family_size[transformation=VEGA_BALANCED_DELTA_NEUTRAL_MINUS_ORIGINAL],PASS,12,12,0.0,1e-10
2,stage6_risk_control_effects.family_size[transformation=VEGA_BALANCED_MINUS_ORIGINAL],PASS,12,12,0.0,1e-10
2,stage6_risk_control_effects.family_size[transformation=DELTA_NEUTRAL_MINUS_ORIGINAL],PASS,12,12,0.0,1e-10
2,stage6_risk_control_effects.family_size[transformation=VEGA_BALANCED_DELTA_NEUTRAL_MINUS_DELTA_NEUTRAL],PASS,12,12,0.0,1e-10
2,stage6_risk_control_effects.family_size[transformation=VEGA_BALANCED_DELTA_NEUTRAL_MINUS_ORIGINAL],PASS,12,12,0.0,1e-10
2,stage6_risk_control_effects.family_size[transformation=VEGA_BALANCED_MINUS_ORIGINAL],PASS,12,12,0.0,1e-10
2,stage6_greek_component_inference.row_keys,PASS,12,12,0.0,0.0
2,stage6_greek_component_inference.mean[component=DGT_residual],FAIL,-0.0362205522628525,-0.0183431382074021,0.0178774140554504,1e-10
2,stage6_greek_component_inference.mean[component=Delta_component],FAIL,-0.2044644053405317,-0.2464225190102285,0.0419581136696967,1e-10
2,stage6_greek_component_inference.mean[component=Gamma_component],FAIL,-0.012404738754804,-0.0223191348116747,0.0099143960568707,1e-10
2,stage6_greek_component_inference.mean[component=Theta_component],FAIL,0.0490673287305816,0.0523059759890006,0.0032386472584189,1e-10
2,stage6_greek_component_inference.mean[component=DGT_residual],FAIL,-0.0007611321552632,-0.0025732033833091,0.0018120712280459,1e-10
2,stage6_greek_component_inference.mean[component=Delta_component],FAIL,-0.1570580727116136,-0.1571051306973229,4.705798570930897e-05,1e-10
2,stage6_greek_component_inference.mean[component=Gamma_component],FAIL,-0.0201206511606501,-0.0215814967912424,0.0014608456305922,1e-10
2,stage6_greek_component_inference.mean[component=Theta_component],FAIL,0.0406665717138013,0.041707134793443,0.0010405630796416,1e-10
2,stage6_greek_component_inference.mean[component=DGT_residual],FAIL,-0.020572119797763,0.001788486578575,0.022360606376338,1e-10
2,stage6_greek_component_inference.mean[component=Delta_component],FAIL,-0.3451530242936186,-0.2895636416963294,0.0555893825972891,1e-10
2,stage6_greek_component_inference.mean[component=Gamma_component],FAIL,-0.0083689645271893,-0.0080581478683523,0.000310816658837,1e-10
2,stage6_greek_component_inference.mean[component=Theta_component],FAIL,0.0270567311675907,0.0231923716135577,0.0038643595540329,1e-10
2,stage6_greek_component_inference.median[component=DGT_residual],FAIL,0.0013848585664754,-0.000793819680499,0.0021786782469744,1e-10
2,stage6_greek_component_inference.median[component=Delta_component],FAIL,-0.0523719410823561,-0.0389606445496452,0.0134112965327109,1e-10
2,stage6_greek_component_inference.median[component=Gamma_component],FAIL,-0.0002008687254418,-0.0006745294747796,0.0004736607493377,1e-10
2,stage6_greek_component_inference.median[component=Theta_component],FAIL,0.0298086190867397,0.0299643054014702,0.0001556863147305,1e-10
2,stage6_greek_component_inference.median[component=DGT_residual],FAIL,-0.02226484558802,-0.0237131510871751,0.001448305499155,1e-10
2,stage6_greek_component_inference.median[component=Delta_component],FAIL,-0.0658573170371223,-0.0506841972174044,0.0151731198197179,1e-10
2,stage6_greek_component_inference.median[component=Gamma_component],FAIL,-0.0006921444030876,-0.0009120581603436,0.000219913757256,1e-10
2,stage6_greek_component_inference.median[component=Theta_component],FAIL,0.0526560794564718,0.0551407920470252,0.0024847125905533,1e-10
2,stage6_greek_component_inference.median[component=DGT_residual],FAIL,-0.0132115435499897,0.0033278115527401,0.0165393551027298,1e-10
2,stage6_greek_component_inference.median[component=Delta_component],FAIL,0.0003871740808373,-0.014765514807743,0.0151526888885802,1e-10
2,stage6_greek_component_inference.median[component=Gamma_component],FAIL,-0.0009184260729021,-0.0011571778447986,0.0002387517718964,1e-10
2,stage6_greek_component_inference.median[component=Theta_component],FAIL,0.0311982152233809,0.0261958121763451,0.0050024030470357,1e-10
2,stage6_greek_component_inference.HAC_standard_error[component=DGT_residual],FAIL,0.0315349334958198,0.0212026907377624,0.0103322427580574,1e-10
2,stage6_greek_component_inference.HAC_standard_error[component=Delta_component],FAIL,0.1986025038475292,0.1747863034856095,0.0238162003619196,1e-10
2,stage6_greek_component_inference.HAC_standard_error[component=Gamma_component],FAIL,0.0076209598011764,0.0082068006562399,0.0005858408550634,1e-10
2,stage6_greek_component_inference.HAC_standard_error[component=Theta_component],FAIL,0.0086282554741402,0.0069025803079017,0.0017256751662385,1e-10
2,stage6_greek_component_inference.HAC_standard_error[component=DGT_residual],FAIL,0.0501273773437289,0.0511366025062136,0.0010092251624847,1e-10
2,stage6_greek_component_inference.HAC_standard_error[component=Delta_component],FAIL,0.1864229134922065,0.1869516936325004,0.0005287801402938,1e-10
2,stage6_greek_component_inference.HAC_standard_error[component=Gamma_component],FAIL,0.0066729854454725,0.0066293224797396,4.366296573290064e-05,1e-10
2,stage6_greek_component_inference.HAC_standard_error[component=Theta_component],FAIL,0.0073327327734668,0.0074478660048986,0.0001151332314317,1e-10
2,stage6_greek_component_inference.HAC_standard_error[component=DGT_residual],FAIL,0.0312328567988921,0.0325270420541969,0.0012941852553048,1e-10
2,stage6_greek_component_inference.HAC_standard_error[component=Delta_component],FAIL,0.2130638399965823,0.2188819320654915,0.0058180920689092,1e-10
2,stage6_greek_component_inference.HAC_standard_error[component=Gamma_component],FAIL,0.0073684076143645,0.0070079532378395,0.000360454376525,1e-10
2,stage6_greek_component_inference.HAC_standard_error[component=Theta_component],FAIL,0.0049894022808847,0.0049880611238233,1.3411570613996657e-06,1e-10
2,stage6_greek_component_inference.HAC_t_stat[component=DGT_residual],FAIL,-1.148585021359054,-0.8651325642708453,0.2834524570882087,1e-10
2,stage6_greek_component_inference.HAC_t_stat[component=Delta_component],FAIL,-1.0295157481876596,-1.4098502805771445,0.3803345323894849,1e-10
2,stage6_greek_component_inference.HAC_t_stat[component=Gamma_component],FAIL,-1.6277134479687352,-2.719590221154526,1.0918767731857908,1e-10
2,stage6_greek_component_inference.HAC_t_stat[component=Theta_component],FAIL,5.686819181193854,7.577742475393321,1.8909232941994665,1e-10
2,stage6_greek_component_inference.HAC_t_stat[component=DGT_residual],FAIL,-0.0151839612522336,-0.0503201866607489,0.0351362254085153,1e-10
2,stage6_greek_component_inference.HAC_t_stat[component=Delta_component],FAIL,-0.8424826635819066,-0.8403514707181612,0.0021311928637454,1e-10
2,stage6_greek_component_inference.HAC_t_stat[component=Gamma_component],FAIL,-3.015239779115867,-3.2554603969258094,0.2402206178099422,1e-10
2,stage6_greek_component_inference.HAC_t_stat[component=Theta_component],FAIL,5.545895775849244,5.599877168307176,0.0539813924579322,1e-10
2,stage6_greek_component_inference.HAC_t_stat[component=DGT_residual],FAIL,-0.6586691678646794,0.0549846055966308,0.7136537734613102,1e-10
2,stage6_greek_component_inference.HAC_t_stat[component=Delta_component],FAIL,-1.6199512047617044,-1.3229216270335609,0.2970295777281435,1e-10
2,stage6_greek_component_inference.HAC_t_stat[component=Gamma_component],FAIL,-1.1357901143897482,-1.149857539693928,0.0140674253041797,1e-10
2,stage6_greek_component_inference.HAC_t_stat[component=Theta_component],FAIL,5.422840180926984,4.649576466252426,0.7732637146745587,1e-10
2,stage6_greek_component_inference.raw_p[component=DGT_residual],FAIL,0.2507271363461976,0.3869660331489321,0.1362388968027345,1e-10
2,stage6_greek_component_inference.raw_p[component=Delta_component],FAIL,0.303237383399868,0.1585838962765124,0.1446534871233556,1e-10
2,stage6_greek_component_inference.raw_p[component=Gamma_component],FAIL,0.1035856602540575,0.0065362861217822,0.0970493741322753,1e-10
2,stage6_greek_component_inference.raw_p[component=Theta_component],FAIL,1.2942736741636349e-08,3.5161945471121177e-14,1.2942701579690878e-08,1e-10
2,stage6_greek_component_inference.raw_p[component=DGT_residual],FAIL,0.9878854172550542,0.9598672375173178,0.0280181797377363,1e-10
2,stage6_greek_component_inference.raw_p[component=Delta_component],FAIL,0.3995178396641217,0.4007113503313612,0.0011935106672394,1e-10
2,stage6_greek_component_inference.raw_p[component=Gamma_component],FAIL,0.0025677617100227,0.0011320868383343,0.0014356748716884,1e-10
2,stage6_greek_component_inference.raw_p[component=Theta_component],FAIL,2.9245300187176326e-08,2.1450374176363304e-08,7.794926010813022e-09,1e-10
2,stage6_greek_component_inference.raw_p[component=DGT_residual],FAIL,0.5101082359915299,0.956150728192386,0.4460424922008561,1e-10
2,stage6_greek_component_inference.raw_p[component=Delta_component],FAIL,0.1052427591328545,0.185861442352318,0.0806186832194635,1e-10
2,stage6_greek_component_inference.raw_p[component=Gamma_component],FAIL,0.2560444153317357,0.2502025515684944,0.0058418637632413,1e-10
2,stage6_greek_component_inference.raw_p[component=Theta_component],FAIL,5.8659435766436696e-08,3.3261735119568624e-06,3.2675140761904256e-06,1e-10
2,stage6_greek_component_inference.HAC_lag[component=DGT_residual],PASS,5,5,0.0,1e-10
2,stage6_greek_component_inference.HAC_lag[component=Delta_component],PASS,5,5,0.0,1e-10
2,stage6_greek_component_inference.HAC_lag[component=Gamma_component],PASS,5,5,0.0,1e-10
2,stage6_greek_component_inference.HAC_lag[component=Theta_component],PASS,5,5,0.0,1e-10
2,stage6_greek_component_inference.HAC_lag[component=DGT_residual],PASS,5,5,0.0,1e-10
2,stage6_greek_component_inference.HAC_lag[component=Delta_component],PASS,5,5,0.0,1e-10
2,stage6_greek_component_inference.HAC_lag[component=Gamma_component],PASS,5,5,0.0,1e-10
2,stage6_greek_component_inference.HAC_lag[component=Theta_component],PASS,5,5,0.0,1e-10
2,stage6_greek_component_inference.HAC_lag[component=DGT_residual],PASS,5,5,0.0,1e-10
2,stage6_greek_component_inference.HAC_lag[component=Delta_component],PASS,5,5,0.0,1e-10
2,stage6_greek_component_inference.HAC_lag[component=Gamma_component],PASS,5,5,0.0,1e-10
2,stage6_greek_component_inference.HAC_lag[component=Theta_component],PASS,5,5,0.0,1e-10
2,stage6_greek_component_inference.n_days[component=DGT_residual],PASS,408,408,0.0,1e-10
2,stage6_greek_component_inference.n_days[component=Delta_component],PASS,408,408,0.0,1e-10
2,stage6_greek_component_inference.n_days[component=Gamma_component],PASS,408,408,0.0,1e-10
2,stage6_greek_component_inference.n_days[component=Theta_component],PASS,408,408,0.0,1e-10
2,stage6_greek_component_inference.n_days[component=DGT_residual],PASS,408,408,0.0,1e-10
2,stage6_greek_component_inference.n_days[component=Delta_component],PASS,408,408,0.0,1e-10
2,stage6_greek_component_inference.n_days[component=Gamma_component],PASS,408,408,0.0,1e-10
2,stage6_greek_component_inference.n_days[component=Theta_component],PASS,408,408,0.0,1e-10
2,stage6_greek_component_inference.n_days[component=DGT_residual],PASS,408,408,0.0,1e-10
2,stage6_greek_component_inference.n_days[component=Delta_component],PASS,408,408,0.0,1e-10
2,stage6_greek_component_inference.n_days[component=Gamma_component],PASS,408,408,0.0,1e-10
2,stage6_greek_component_inference.n_days[component=Theta_component],PASS,408,408,0.0,1e-10
2,stage6_greek_component_inference.holm_adjusted_p[component=DGT_residual],PASS,1.0,1.0,0.0,1e-10
2,stage6_greek_component_inference.holm_adjusted_p[component=Delta_component],PASS,1.0,1.0,0.0,1e-10
2,stage6_greek_component_inference.holm_adjusted_p[component=Gamma_component],FAIL,0.8286852820324607,0.0522902889742576,0.7763949930582031,1e-10
2,stage6_greek_component_inference.holm_adjusted_p[component=Theta_component],FAIL,1.553128408996362e-07,4.219433456534541e-13,1.5531241895629058e-07,1e-10
2,stage6_greek_component_inference.holm_adjusted_p[component=DGT_residual],PASS,1.0,1.0,0.0,1e-10
2,stage6_greek_component_inference.holm_adjusted_p[component=Delta_component],PASS,1.0,1.0,0.0,1e-10
2,stage6_greek_component_inference.holm_adjusted_p[component=Gamma_component],FAIL,0.0231098553902045,0.0101887815450092,0.0129210738451952,1e-10
2,stage6_greek_component_inference.holm_adjusted_p[component=Theta_component],FAIL,3.216983020589396e-07,2.359541159399964e-07,8.57441861189432e-08,1e-10
2,stage6_greek_component_inference.holm_adjusted_p[component=DGT_residual],PASS,1.0,1.0,0.0,1e-10
2,stage6_greek_component_inference.holm_adjusted_p[component=Delta_component],FAIL,0.8286852820324607,1.0,0.1713147179675392,1e-10
2,stage6_greek_component_inference.holm_adjusted_p[component=Gamma_component],PASS,1.0,1.0,0.0,1e-10
2,stage6_greek_component_inference.holm_adjusted_p[component=Theta_component],FAIL,5.86594357664367e-07,3.3261735119568624e-05,3.267514076190426e-05,1e-10
2,stage6_greek_component_inference.holm_reject_5pct[component=DGT_residual],PASS,False,False,0.0,1e-10
2,stage6_greek_component_inference.holm_reject_5pct[component=Delta_component],PASS,False,False,0.0,1e-10
2,stage6_greek_component_inference.holm_reject_5pct[component=Gamma_component],PASS,False,False,0.0,1e-10
2,stage6_greek_component_inference.holm_reject_5pct[component=Theta_component],PASS,True,True,0.0,1e-10
2,stage6_greek_component_inference.holm_reject_5pct[component=DGT_residual],PASS,False,False,0.0,1e-10
2,stage6_greek_component_inference.holm_reject_5pct[component=Delta_component],PASS,False,False,0.0,1e-10
2,stage6_greek_component_inference.holm_reject_5pct[component=Gamma_component],PASS,True,True,0.0,1e-10
2,stage6_greek_component_inference.holm_reject_5pct[component=Theta_component],PASS,True,True,0.0,1e-10
2,stage6_greek_component_inference.holm_reject_5pct[component=DGT_residual],PASS,False,False,0.0,1e-10
2,stage6_greek_component_inference.holm_reject_5pct[component=Delta_component],PASS,False,False,0.0,1e-10
2,stage6_greek_component_inference.holm_reject_5pct[component=Gamma_component],PASS,False,False,0.0,1e-10
2,stage6_greek_component_inference.holm_reject_5pct[component=Theta_component],PASS,True,True,0.0,1e-10
2,stage6_greek_component_inference.BH_adjusted_p[component=DGT_residual],FAIL,0.3840666229976036,0.4808536203976334,0.0967869974000298,1e-10
2,stage6_greek_component_inference.BH_adjusted_p[component=Delta_component],FAIL,0.4043165111998241,0.3171677925530249,0.0871487186467991,1e-10
2,stage6_greek_component_inference.BH_adjusted_p[component=Gamma_component],FAIL,0.210485518265709,0.0156870866922773,0.1947984315734316,1e-10
2,stage6_greek_component_inference.BH_adjusted_p[component=Theta_component],FAIL,1.553128408996362e-07,4.219433456534541e-13,1.5531241895629058e-07,1e-10
2,stage6_greek_component_inference.BH_adjusted_p[component=DGT_residual],FAIL,0.9878854172550544,0.9598672375173178,0.0280181797377365,1e-10
2,stage6_greek_component_inference.BH_adjusted_p[component=Delta_component],FAIL,0.479421407596946,0.4808536203976334,0.0014322128006873,1e-10
2,stage6_greek_component_inference.BH_adjusted_p[component=Gamma_component],FAIL,0.0077032851300681,0.003396260515003,0.0043070246150651,1e-10
2,stage6_greek_component_inference.BH_adjusted_p[component=Theta_component],FAIL,1.7547180112305794e-07,1.2870224505817986e-07,4.6769556064878084e-08,1e-10
2,stage6_greek_component_inference.BH_adjusted_p[component=DGT_residual],FAIL,0.5564817119907599,0.9598672375173178,0.4033855255265579,1e-10
2,stage6_greek_component_inference.BH_adjusted_p[component=Delta_component],FAIL,0.210485518265709,0.3186196154611166,0.1081340971954076,1e-10
2,stage6_greek_component_inference.BH_adjusted_p[component=Gamma_component],FAIL,0.3840666229976036,0.3753038273527417,0.0087627956448618,1e-10
2,stage6_greek_component_inference.BH_adjusted_p[component=Theta_component],FAIL,2.346377430657468e-07,1.330469404782745e-05,1.3070056304761702e-05,1e-10
2,stage6_greek_component_inference.BH_reject_5pct[component=DGT_residual],PASS,False,False,0.0,1e-10
2,stage6_greek_component_inference.BH_reject_5pct[component=Delta_component],PASS,False,False,0.0,1e-10
2,stage6_greek_component_inference.BH_reject_5pct[component=Gamma_component],FAIL,False,True,1.0,1e-10
2,stage6_greek_component_inference.BH_reject_5pct[component=Theta_component],PASS,True,True,0.0,1e-10
2,stage6_greek_component_inference.BH_reject_5pct[component=DGT_residual],PASS,False,False,0.0,1e-10
2,stage6_greek_component_inference.BH_reject_5pct[component=Delta_component],PASS,False,False,0.0,1e-10
2,stage6_greek_component_inference.BH_reject_5pct[component=Gamma_component],PASS,True,True,0.0,1e-10
2,stage6_greek_component_inference.BH_reject_5pct[component=Theta_component],PASS,True,True,0.0,1e-10
2,stage6_greek_component_inference.BH_reject_5pct[component=DGT_residual],PASS,False,False,0.0,1e-10
2,stage6_greek_component_inference.BH_reject_5pct[component=Delta_component],PASS,False,False,0.0,1e-10
2,stage6_greek_component_inference.BH_reject_5pct[component=Gamma_component],PASS,False,False,0.0,1e-10
2,stage6_greek_component_inference.BH_reject_5pct[component=Theta_component],PASS,True,True,0.0,1e-10
2,stage6_greek_component_inference.family_size[component=DGT_residual],PASS,12,12,0.0,1e-10
2,stage6_greek_component_inference.family_size[component=Delta_component],PASS,12,12,0.0,1e-10
2,stage6_greek_component_inference.family_size[component=Gamma_component],PASS,12,12,0.0,1e-10
2,stage6_greek_component_inference.family_size[component=Theta_component],PASS,12,12,0.0,1e-10
2,stage6_greek_component_inference.family_size[component=DGT_residual],PASS,12,12,0.0,1e-10
2,stage6_greek_component_inference.family_size[component=Delta_component],PASS,12,12,0.0,1e-10
2,stage6_greek_component_inference.family_size[component=Gamma_component],PASS,12,12,0.0,1e-10
2,stage6_greek_component_inference.family_size[component=Theta_component],PASS,12,12,0.0,1e-10
2,stage6_greek_component_inference.family_size[component=DGT_residual],PASS,12,12,0.0,1e-10
2,stage6_greek_component_inference.family_size[component=Delta_component],PASS,12,12,0.0,1e-10
2,stage6_greek_component_inference.family_size[component=Gamma_component],PASS,12,12,0.0,1e-10
2,stage6_greek_component_inference.family_size[component=Theta_component],PASS,12,12,0.0,1e-10
2,stage6_normalization_sensitivity.row_keys,PASS,24,24,0.0,0.0
2,stage6_normalization_sensitivity.n_days,PASS,408,408,0.0,1e-10
2,stage6_normalization_sensitivity.n_days,PASS,408,408,0.0,1e-10
2,stage6_normalization_sensitivity.n_days,PASS,408,408,0.0,1e-10
2,stage6_normalization_sensitivity.n_days,PASS,408,408,0.0,1e-10
2,stage6_normalization_sensitivity.n_days,PASS,408,408,0.0,1e-10
2,stage6_normalization_sensitivity.n_days,PASS,408,408,0.0,1e-10
2,stage6_normalization_sensitivity.n_days,PASS,408,408,0.0,1e-10
2,stage6_normalization_sensitivity.n_days,PASS,408,408,0.0,1e-10
2,stage6_normalization_sensitivity.n_days,PASS,408,408,0.0,1e-10
2,stage6_normalization_sensitivity.n_days,PASS,408,408,0.0,1e-10
2,stage6_normalization_sensitivity.n_days,PASS,408,408,0.0,1e-10
2,stage6_normalization_sensitivity.n_days,PASS,408,408,0.0,1e-10
2,stage6_normalization_sensitivity.n_days,PASS,408,408,0.0,1e-10
2,stage6_normalization_sensitivity.n_days,PASS,408,408,0.0,1e-10
2,stage6_normalization_sensitivity.n_days,PASS,408,408,0.0,1e-10
2,stage6_normalization_sensitivity.n_days,PASS,408,408,0.0,1e-10
2,stage6_normalization_sensitivity.n_days,PASS,408,408,0.0,1e-10
2,stage6_normalization_sensitivity.n_days,PASS,408,408,0.0,1e-10
2,stage6_normalization_sensitivity.n_days,PASS,408,408,0.0,1e-10
2,stage6_normalization_sensitivity.n_days,PASS,408,408,0.0,1e-10
2,stage6_normalization_sensitivity.n_days,PASS,408,408,0.0,1e-10
2,stage6_normalization_sensitivity.n_days,PASS,408,408,0.0,1e-10
2,stage6_normalization_sensitivity.n_days,PASS,408,408,0.0,1e-10
2,stage6_normalization_sensitivity.n_days,PASS,408,408,0.0,1e-10
2,stage6_normalization_sensitivity.primary_mean_daily_ratio,FAIL,-0.0100230611801052,-0.0099451542791427,7.79069009624999e-05,1e-10
2,stage6_normalization_sensitivity.primary_mean_daily_ratio,FAIL,0.0003639537165875,0.0002172981386532,0.0001466555779342,1e-10
2,stage6_normalization_sensitivity.primary_mean_daily_ratio,FAIL,-0.0115262461039117,-0.0116366127323801,0.0001103666284683,1e-10
2,stage6_normalization_sensitivity.primary_mean_daily_ratio,FAIL,-0.0011422347599463,-0.0014735829660767,0.0003313482061304,1e-10
2,stage6_normalization_sensitivity.primary_mean_daily_ratio,FAIL,-0.0103057745489887,-0.0105718645187502,0.0002660899697614,1e-10
2,stage6_normalization_sensitivity.primary_mean_daily_ratio,FAIL,0.000381299766061,-0.0003191134451292,0.0007004132111902,1e-10
2,stage6_normalization_sensitivity.primary_mean_daily_ratio,FAIL,-0.010363924295266,-0.0098479430568055,0.0005159812384605,1e-10
2,stage6_normalization_sensitivity.primary_mean_daily_ratio,FAIL,0.0003221574310725,0.0004028428157985,8.068538472599996e-05,1e-10
2,stage6_normalization_sensitivity.primary_mean_daily_ratio,FAIL,-0.0111580355210462,-0.0111003822862627,5.765323478349946e-05,1e-10
2,stage6_normalization_sensitivity.primary_mean_daily_ratio,FAIL,0.0001771373549001,0.00020524239362,2.8105038719899983e-05,1e-10
2,stage6_normalization_sensitivity.primary_mean_daily_ratio,FAIL,-0.0117402694055723,-0.0118537549814171,0.0001134855758447,1e-10
2,stage6_normalization_sensitivity.primary_mean_daily_ratio,FAIL,-0.0004020902436368,-0.0005437940903798,0.000141703846743,1e-10
2,stage6_normalization_sensitivity.primary_mean_daily_ratio,FAIL,-0.0123586718435345,-0.0122978222383977,6.084960513680002e-05,1e-10
2,stage6_normalization_sensitivity.primary_mean_daily_ratio,FAIL,-0.0006947514611259,-0.0005862564384206,0.0001084950227053,1e-10
2,stage6_normalization_sensitivity.primary_mean_daily_ratio,FAIL,-0.0119090023941354,-0.0119971713328189,8.81689386835003e-05,1e-10
2,stage6_normalization_sensitivity.primary_mean_daily_ratio,FAIL,-0.0002415011581424,-0.0002832320936788,4.173093553639997e-05,1e-10
2,stage6_normalization_sensitivity.primary_mean_daily_ratio,FAIL,-0.010171102236449,-0.0101271722487609,4.392998768810129e-05,1e-10
2,stage6_normalization_sensitivity.primary_mean_daily_ratio,FAIL,2.4831839450795973e-06,0.0001170499577893,0.0001145667738442,1e-10
2,stage6_normalization_sensitivity.primary_mean_daily_ratio,FAIL,-0.0138876817607729,-0.0134267824499321,0.0004608993108408,1e-10
2,stage6_normalization_sensitivity.primary_mean_daily_ratio,FAIL,-0.0037088442671862,-0.0031765759017749,0.0005322683654113,1e-10
2,stage6_normalization_sensitivity.primary_mean_daily_ratio,FAIL,-0.0138869269294682,-0.013395478056277,0.0004914488731912,1e-10
2,stage6_normalization_sensitivity.primary_mean_daily_ratio,FAIL,-0.0036071781291922,-0.0030379885741069,0.0005691895550852,1e-10
2,stage6_normalization_sensitivity.primary_mean_daily_ratio,FAIL,-0.0103831959708813,-0.0103932036526481,1.0007681766800378e-05,1e-10
2,stage6_normalization_sensitivity.primary_mean_daily_ratio,FAIL,-0.0001053956372763,-3.790985789056034e-05,6.748577938573966e-05,1e-10
2,stage6_normalization_sensitivity.mean_Return_common_denom,FAIL,-0.0100173701365496,-0.0099385828443108,7.878729223879943e-05,1e-10
2,stage6_normalization_sensitivity.mean_Return_common_denom,FAIL,0.0003639537165875,0.0002172981386532,0.0001466555779342,1e-10
2,stage6_normalization_sensitivity.mean_Return_common_denom,FAIL,-0.0115235586130836,-0.0116294639490408,0.0001059053359572,1e-10
2,stage6_normalization_sensitivity.mean_Return_common_denom,FAIL,-0.0011422347599463,-0.0014735829660767,0.0003313482061304,1e-10
2,stage6_normalization_sensitivity.mean_Return_common_denom,FAIL,-0.0081500285158144,-0.0092020019178009,0.0010519734019865,1e-10
2,stage6_normalization_sensitivity.mean_Return_common_denom,FAIL,-0.000179682454354,-0.0008027070028317,0.0006230245484777,1e-10
2,stage6_normalization_sensitivity.mean_Return_common_denom,FAIL,-0.0077608855667499,-0.0081382861552702,0.0003774005885202,1e-10
2,stage6_normalization_sensitivity.mean_Return_common_denom,FAIL,0.0002094604947104,0.0002610087596988,5.154826498839999e-05,1e-10
2,stage6_normalization_sensitivity.mean_Return_common_denom,FAIL,-0.0111444965002103,-0.0110861164526178,5.838004759250136e-05,1e-10
2,stage6_normalization_sensitivity.mean_Return_common_denom,FAIL,0.0001771373549001,0.00020524239362,2.8105038719899983e-05,1e-10
2,stage6_normalization_sensitivity.mean_Return_common_denom,FAIL,-0.0117237240987472,-0.0118351529366177,0.0001114288378705,1e-10
2,stage6_normalization_sensitivity.mean_Return_common_denom,FAIL,-0.0004020902436368,-0.0005437940903798,0.000141703846743,1e-10
2,stage6_normalization_sensitivity.mean_Return_common_denom,FAIL,-0.009444329697885,-0.0095819633210908,0.0001376336232058,1e-10
2,stage6_normalization_sensitivity.mean_Return_common_denom,FAIL,-0.0005366219026698,-0.0007994109057649,0.0002627890030951,1e-10
2,stage6_normalization_sensitivity.mean_Return_common_denom,FAIL,-0.0091255701949467,-0.0090071039405418,0.0001184662544049,1e-10
2,stage6_normalization_sensitivity.mean_Return_common_denom,FAIL,-0.0002178623997315,-0.0002245515252159,6.6891254844000144e-06,1e-10
2,stage6_normalization_sensitivity.mean_Return_common_denom,FAIL,-0.0101667933068532,-0.0101231223573258,4.367094952740028e-05,1e-10
2,stage6_normalization_sensitivity.mean_Return_common_denom,FAIL,2.4831839450795973e-06,0.0001170499577893,0.0001145667738442,1e-10
2,stage6_normalization_sensitivity.mean_Return_common_denom,FAIL,-0.0138781207579846,-0.0134167482168901,0.0004613725410944,1e-10
2,stage6_normalization_sensitivity.mean_Return_common_denom,FAIL,-0.0037088442671862,-0.0031765759017749,0.0005322683654113,1e-10
2,stage6_normalization_sensitivity.mean_Return_common_denom,FAIL,-0.0118054623255925,-0.0112691083102988,0.0005363540152936,1e-10
2,stage6_normalization_sensitivity.mean_Return_common_denom,FAIL,-0.0029638742416901,-0.0023740118190454,0.0005898624226446,1e-10
2,stage6_normalization_sensitivity.mean_Return_common_denom,FAIL,-0.0089032352951508,-0.0088928832750917,1.0352020059100143e-05,1e-10
2,stage6_normalization_sensitivity.mean_Return_common_denom,FAIL,-6.164721124851076e-05,2.2132161616731315e-06,6.38604274101839e-05,1e-10
2,stage6_normalization_sensitivity.pooled_premium_return,FAIL,-0.010117513825557,-0.0099624979970126,0.0001550158285443,1e-10
2,stage6_normalization_sensitivity.pooled_premium_return,FAIL,3.92811260994026e-06,9.396886218780662e-05,9.004074957786636e-05,1e-10
2,stage6_normalization_sensitivity.pooled_premium_return,FAIL,-0.0119352743869189,-0.0119521960697773,1.6921682858399636e-05,1e-10
2,stage6_normalization_sensitivity.pooled_premium_return,FAIL,-0.0018130191419294,-0.0018947493135212,8.173017159179992e-05,1e-10
2,stage6_normalization_sensitivity.pooled_premium_return,FAIL,-0.0114990239196717,-0.0117270572590569,0.0002280333393851,1e-10
2,stage6_normalization_sensitivity.pooled_premium_return,FAIL,-0.0012715351357637,-0.0016186624414325,0.0003471273056688,1e-10
2,stage6_normalization_sensitivity.pooled_premium_return,FAIL,-0.0101393441241685,-0.0099138653272665,0.000225478796902,1e-10
2,stage6_normalization_sensitivity.pooled_premium_return,FAIL,8.810297546986415e-05,0.0001944050235446,0.0001063020480747,1e-10
2,stage6_normalization_sensitivity.pooled_premium_return,FAIL,-0.0109361925957662,-0.0108776659379223,5.852665784389886e-05,1e-10
2,stage6_normalization_sensitivity.pooled_premium_return,FAIL,0.0001625620073255,0.0001446180180348,1.7943989290700006e-05,1e-10
2,stage6_normalization_sensitivity.pooled_premium_return,FAIL,-0.0122279131708857,-0.0121734313967774,5.448177410830035e-05,1e-10
2,stage6_normalization_sensitivity.pooled_premium_return,FAIL,-0.0011279079766449,-0.0011498025633756,2.18945867307e-05,1e-10
2,stage6_normalization_sensitivity.pooled_premium_return,FAIL,-0.012855282789,-0.0129884034580118,0.0001331206690117,1e-10
2,stage6_normalization_sensitivity.pooled_premium_return,FAIL,-0.001667780974867,-0.0018428513169715,0.0001750703421044,1e-10
2,stage6_normalization_sensitivity.pooled_premium_return,FAIL,-0.0114440765757522,-0.0114037479374994,4.03286382528005e-05,1e-10
2,stage6_normalization_sensitivity.pooled_premium_return,FAIL,-0.0002570213763189,-0.0002587534101213,1.7320338024000095e-06,1e-10
2,stage6_normalization_sensitivity.pooled_premium_return,FAIL,-0.0101630772355402,-0.0100986697581188,6.440747742139999e-05,1e-10
2,stage6_normalization_sensitivity.pooled_premium_return,FAIL,-1.2304022188442625e-05,0.000114138796441,0.0001264428186294,1e-10
2,stage6_normalization_sensitivity.pooled_premium_return,FAIL,-0.0124173887625265,-0.0120521776687038,0.0003652110938227,1e-10
2,stage6_normalization_sensitivity.pooled_premium_return,FAIL,-0.0022660060168098,-0.0018388843850674,0.0004271216317424,1e-10
2,stage6_normalization_sensitivity.pooled_premium_return,FAIL,-0.0120956908480606,-0.0116210397671887,0.0004746510808719,1e-10
2,stage6_normalization_sensitivity.pooled_premium_return,FAIL,-0.0018567856836798,-0.0013229047936158,0.000533880890064,1e-10
2,stage6_normalization_sensitivity.pooled_premium_return,FAIL,-0.0102865032156788,-0.010247125115188,3.937810049079935e-05,1e-10
2,stage6_normalization_sensitivity.pooled_premium_return,FAIL,-4.746550398781908e-05,5.112023036942404e-05,9.858573435724313e-05,1e-10
2,stage6_normalization_sensitivity.common_sign_matches_primary,PASS,True,True,0.0,1e-10
2,stage6_normalization_sensitivity.common_sign_matches_primary,PASS,True,True,0.0,1e-10
2,stage6_normalization_sensitivity.common_sign_matches_primary,PASS,True,True,0.0,1e-10
2,stage6_normalization_sensitivity.common_sign_matches_primary,PASS,True,True,0.0,1e-10
2,stage6_normalization_sensitivity.common_sign_matches_primary,PASS,True,True,0.0,1e-10
2,stage6_normalization_sensitivity.common_sign_matches_primary,FAIL,False,True,1.0,1e-10
2,stage6_normalization_sensitivity.common_sign_matches_primary,PASS,True,True,0.0,1e-10
2,stage6_normalization_sensitivity.common_sign_matches_primary,PASS,True,True,0.0,1e-10
2,stage6_normalization_sensitivity.common_sign_matches_primary,PASS,True,True,0.0,1e-10
2,stage6_normalization_sensitivity.common_sign_matches_primary,PASS,True,True,0.0,1e-10
2,stage6_normalization_sensitivity.common_sign_matches_primary,PASS,True,True,0.0,1e-10
2,stage6_normalization_sensitivity.common_sign_matches_primary,PASS,True,True,0.0,1e-10
2,stage6_normalization_sensitivity.common_sign_matches_primary,PASS,True,True,0.0,1e-10
2,stage6_normalization_sensitivity.common_sign_matches_primary,PASS,True,True,0.0,1e-10
2,stage6_normalization_sensitivity.common_sign_matches_primary,PASS,True,True,0.0,1e-10
2,stage6_normalization_sensitivity.common_sign_matches_primary,PASS,True,True,0.0,1e-10
2,stage6_normalization_sensitivity.common_sign_matches_primary,PASS,True,True,0.0,1e-10
2,stage6_normalization_sensitivity.common_sign_matches_primary,PASS,True,True,0.0,1e-10
2,stage6_normalization_sensitivity.common_sign_matches_primary,PASS,True,True,0.0,1e-10
2,stage6_normalization_sensitivity.common_sign_matches_primary,PASS,True,True,0.0,1e-10
2,stage6_normalization_sensitivity.common_sign_matches_primary,PASS,True,True,0.0,1e-10
2,stage6_normalization_sensitivity.common_sign_matches_primary,PASS,True,True,0.0,1e-10
2,stage6_normalization_sensitivity.common_sign_matches_primary,PASS,True,True,0.0,1e-10
2,stage6_normalization_sensitivity.common_sign_matches_primary,FAIL,True,False,1.0,1e-10
2,stage6_normalization_sensitivity.pooled_sign_matches_primary,PASS,True,True,0.0,1e-10
2,stage6_normalization_sensitivity.pooled_sign_matches_primary,PASS,True,True,0.0,1e-10
2,stage6_normalization_sensitivity.pooled_sign_matches_primary,PASS,True,True,0.0,1e-10
2,stage6_normalization_sensitivity.pooled_sign_matches_primary,PASS,True,True,0.0,1e-10
2,stage6_normalization_sensitivity.pooled_sign_matches_primary,PASS,True,True,0.0,1e-10
2,stage6_normalization_sensitivity.pooled_sign_matches_primary,FAIL,False,True,1.0,1e-10
2,stage6_normalization_sensitivity.pooled_sign_matches_primary,PASS,True,True,0.0,1e-10
2,stage6_normalization_sensitivity.pooled_sign_matches_primary,PASS,True,True,0.0,1e-10
2,stage6_normalization_sensitivity.pooled_sign_matches_primary,PASS,True,True,0.0,1e-10
2,stage6_normalization_sensitivity.pooled_sign_matches_primary,PASS,True,True,0.0,1e-10
2,stage6_normalization_sensitivity.pooled_sign_matches_primary,PASS,True,True,0.0,1e-10
2,stage6_normalization_sensitivity.pooled_sign_matches_primary,PASS,True,True,0.0,1e-10
2,stage6_normalization_sensitivity.pooled_sign_matches_primary,PASS,True,True,0.0,1e-10
2,stage6_normalization_sensitivity.pooled_sign_matches_primary,PASS,True,True,0.0,1e-10
2,stage6_normalization_sensitivity.pooled_sign_matches_primary,PASS,True,True,0.0,1e-10
2,stage6_normalization_sensitivity.pooled_sign_matches_primary,PASS,True,True,0.0,1e-10
2,stage6_normalization_sensitivity.pooled_sign_matches_primary,PASS,True,True,0.0,1e-10
2,stage6_normalization_sensitivity.pooled_sign_matches_primary,FAIL,False,True,1.0,1e-10
2,stage6_normalization_sensitivity.pooled_sign_matches_primary,PASS,True,True,0.0,1e-10
2,stage6_normalization_sensitivity.pooled_sign_matches_primary,PASS,True,True,0.0,1e-10
2,stage6_normalization_sensitivity.pooled_sign_matches_primary,PASS,True,True,0.0,1e-10
2,stage6_normalization_sensitivity.pooled_sign_matches_primary,PASS,True,True,0.0,1e-10
2,stage6_normalization_sensitivity.pooled_sign_matches_primary,PASS,True,True,0.0,1e-10
2,stage6_normalization_sensitivity.pooled_sign_matches_primary,FAIL,True,False,1.0,1e-10
2,stage6_normalization_sensitivity.total_pnl,FAIL,-464.3174511924917,-503.40975113271566,39.09229994022394,1e-10
2,stage6_normalization_sensitivity.total_pnl,FAIL,0.1803513868734318,4.7506308117288825,4.570279424855451,1e-10
2,stage6_normalization_sensitivity.total_pnl,FAIL,-547.7389285714287,-603.9501388888889,56.2112103174602,1e-10
2,stage6_normalization_sensitivity.total_pnl,FAIL,-83.24112599206349,-95.78975694444438,12.54863095238089,1e-10
2,stage6_normalization_sensitivity.total_pnl,FAIL,-407.8785109815903,-492.6737977142943,84.79528673270403,1e-10
2,stage6_normalization_sensitivity.total_pnl,FAIL,-45.10363330483355,-68.00745498161939,22.90382167678584,1e-10
2,stage6_normalization_sensitivity.total_pnl,FAIL,-359.64970701737843,-416.4984934340838,56.848786416705366,1e-10
2,stage6_normalization_sensitivity.total_pnl,FAIL,3.125170659378319,8.167849298591188,5.042678639212869,1e-10
2,stage6_normalization_sensitivity.total_pnl,FAIL,-542.5228063336618,-538.0961066754924,4.426699658169468,1e-10
2,stage6_normalization_sensitivity.total_pnl,FAIL,8.072193666338299,7.161393324507673,0.910800341830626,1e-10
2,stage6_normalization_sensitivity.total_pnl,FAIL,-606.6025000000002,-602.1950000000002,4.407500000000027,1e-10
2,stage6_normalization_sensitivity.total_pnl,FAIL,-56.00750000000004,-56.93750000000002,0.9299999999999784,1e-10
2,stage6_normalization_sensitivity.total_pnl,FAIL,-507.2602059159333,-505.5662082514757,1.6939976644575836,1e-10
2,stage6_normalization_sensitivity.total_pnl,FAIL,-65.83027062251584,-71.75718823582241,5.926917613306571,1e-10
2,stage6_normalization_sensitivity.total_pnl,FAIL,-451.5750244950726,-443.8843945104619,7.690629984610723,1e-10
2,stage6_normalization_sensitivity.total_pnl,FAIL,-10.145089201655102,-10.075374494808685,0.0697147068464172,1e-10
2,stage6_normalization_sensitivity.total_pnl,FAIL,-634.8675660882036,-610.7355341878975,24.13203190030606,1e-10
2,stage6_normalization_sensitivity.total_pnl,FAIL,-0.768816088203506,6.9044658121024405,7.673281900305946,1e-10
2,stage6_normalization_sensitivity.total_pnl,FAIL,-775.69,-728.8775,46.8125,1e-10
2,stage6_normalization_sensitivity.total_pnl,FAIL,-141.59124999999997,-111.23749999999995,30.35375000000002,1e-10
2,stage6_normalization_sensitivity.total_pnl,FAIL,-655.870446627028,-608.9796800871488,46.89076653987911,1e-10
2,stage6_normalization_sensitivity.total_pnl,FAIL,-100.6740050209041,-69.31887684183539,31.355128179068718,1e-10
2,stage6_normalization_sensitivity.total_pnl,FAIL,-557.7699978483926,-536.9821547362105,20.78784311218203,1e-10
2,stage6_normalization_sensitivity.total_pnl,FAIL,-2.573556242268745,2.6786485091030494,5.252204751371794,1e-10
2,stage6_normalization_sensitivity.total_state_gross_premium,FAIL,45892.44543650794,50530.47451388889,4638.029077380954,1e-10
2,stage6_normalization_sensitivity.total_state_gross_premium,FAIL,45912.98793650794,50555.372291666674,4642.384355158734,1e-10
2,stage6_normalization_sensitivity.total_state_gross_premium,FAIL,45892.44543650794,50530.47451388889,4638.029077380954,1e-10
2,stage6_normalization_sensitivity.total_state_gross_premium,FAIL,45912.98793650794,50555.372291666674,4642.384355158734,1e-10
2,stage6_normalization_sensitivity.total_state_gross_premium,FAIL,35470.70723836115,42011.71588326612,6541.00864490497,1e-10
2,stage6_normalization_sensitivity.total_state_gross_premium,FAIL,35471.794711942406,42014.59998134841,6542.8052694060025,1e-10
2,stage6_normalization_sensitivity.total_state_gross_premium,FAIL,35470.70723836115,42011.71588326612,6541.00864490497,1e-10
2,stage6_normalization_sensitivity.total_state_gross_premium,FAIL,35471.794711942406,42014.59998134841,6542.8052694060025,1e-10
2,stage6_normalization_sensitivity.total_state_gross_premium,FAIL,49608.01500000001,49467.975,140.04000000000815,1e-10
2,stage6_normalization_sensitivity.total_state_gross_premium,FAIL,49656.09,49519.37125,136.71875,1e-10
2,stage6_normalization_sensitivity.total_state_gross_premium,FAIL,49608.01500000001,49467.975,140.04000000000815,1e-10
2,stage6_normalization_sensitivity.total_state_gross_premium,FAIL,49656.09,49519.37125,136.71875,1e-10
2,stage6_normalization_sensitivity.total_state_gross_premium,FAIL,39459.28022291219,38924.4305418939,534.8496810182914,1e-10
2,stage6_normalization_sensitivity.total_state_gross_premium,FAIL,39471.77214188186,38938.13221662626,533.6399252556002,1e-10
2,stage6_normalization_sensitivity.total_state_gross_premium,FAIL,39459.28022291219,38924.4305418939,534.8496810182914,1e-10
2,stage6_normalization_sensitivity.total_state_gross_premium,FAIL,39471.77214188186,38938.13221662626,533.6399252556002,1e-10
2,stage6_normalization_sensitivity.total_state_gross_premium,FAIL,62468.045000000006,60476.83,1991.215000000004,1e-10
2,stage6_normalization_sensitivity.total_state_gross_premium,FAIL,62484.94,60491.84,1993.1000000000056,1e-10
2,stage6_normalization_sensitivity.total_state_gross_premium,FAIL,62468.045000000006,60476.83,1991.215000000004,1e-10
2,stage6_normalization_sensitivity.total_state_gross_premium,FAIL,62484.94,60491.84,1993.1000000000056,1e-10
2,stage6_normalization_sensitivity.total_state_gross_premium,FAIL,54223.4796561607,52403.20077094667,1820.2788852140293,1e-10
2,stage6_normalization_sensitivity.total_state_gross_premium,FAIL,54219.50734851965,52398.99135323926,1820.515995280388,1e-10
2,stage6_normalization_sensitivity.total_state_gross_premium,FAIL,54223.4796561607,52403.20077094667,1820.2788852140293,1e-10
2,stage6_normalization_sensitivity.total_state_gross_premium,FAIL,54219.50734851965,52398.99135323926,1820.515995280388,1e-10
2,stage6_hedge_cost_break_even.row_keys,PASS,6,6,0.0,0.0
2,stage6_hedge_cost_break_even.n_days,PASS,408,408,0.0,1e-10
2,stage6_hedge_cost_break_even.n_days,PASS,408,408,0.0,1e-10
2,stage6_hedge_cost_break_even.n_days,PASS,408,408,0.0,1e-10
2,stage6_hedge_cost_break_even.n_days,PASS,408,408,0.0,1e-10
2,stage6_hedge_cost_break_even.n_days,PASS,408,408,0.0,1e-10
2,stage6_hedge_cost_break_even.n_days,PASS,408,408,0.0,1e-10
2,stage6_hedge_cost_break_even.uncosted_mean_MID,FAIL,0.0003639537165875,0.0002172981386532,0.0001466555779342,1e-10
2,stage6_hedge_cost_break_even.uncosted_mean_MID,FAIL,0.0003221574310725,0.0004028428157985,8.068538472599996e-05,1e-10
2,stage6_hedge_cost_break_even.uncosted_mean_MID,FAIL,0.0001771373549001,0.00020524239362,2.8105038719899983e-05,1e-10
2,stage6_hedge_cost_break_even.uncosted_mean_MID,FAIL,-0.0002415011581424,-0.0002832320936788,4.173093553639997e-05,1e-10
2,stage6_hedge_cost_break_even.uncosted_mean_MID,FAIL,2.4831839450795973e-06,0.0001170499577893,0.0001145667738442,1e-10
2,stage6_hedge_cost_break_even.uncosted_mean_MID,FAIL,-0.0001053956372763,-3.790985789056034e-05,6.748577938573966e-05,1e-10
2,stage6_hedge_cost_break_even.uncosted_total_MID_pnl,FAIL,0.1803513868734318,4.7506308117288825,4.570279424855451,1e-10
2,stage6_hedge_cost_break_even.uncosted_total_MID_pnl,FAIL,3.125170659378319,8.167849298591188,5.042678639212869,1e-10
2,stage6_hedge_cost_break_even.uncosted_total_MID_pnl,FAIL,8.072193666338299,7.161393324507673,0.910800341830626,1e-10
2,stage6_hedge_cost_break_even.uncosted_total_MID_pnl,FAIL,-10.145089201655102,-10.075374494808685,0.0697147068464172,1e-10
2,stage6_hedge_cost_break_even.uncosted_total_MID_pnl,FAIL,-0.768816088203506,6.9044658121024405,7.673281900305946,1e-10
2,stage6_hedge_cost_break_even.uncosted_total_MID_pnl,FAIL,-2.573556242268745,2.6786485091030494,5.252204751371794,1e-10
2,stage6_hedge_cost_break_even.mean_hedge_notional,FAIL,342.4516849295304,340.190283204648,2.2614017248824325,1e-10
2,stage6_hedge_cost_break_even.mean_hedge_notional,FAIL,248.11517325301767,273.79214484451666,25.676971591498983,1e-10
2,stage6_hedge_cost_break_even.mean_hedge_notional,FAIL,423.3667689255025,414.528422054672,8.838346870830549,1e-10
2,stage6_hedge_cost_break_even.mean_hedge_notional,FAIL,333.6259825416125,320.1871823160528,13.438800225559646,1e-10
2,stage6_hedge_cost_break_even.mean_hedge_notional,FAIL,431.1886681413381,422.6206450691542,8.568023072183905,1e-10
2,stage6_hedge_cost_break_even.mean_hedge_notional,FAIL,350.8498897909139,346.3130512877162,4.536838503197714,1e-10
2,stage6_hedge_cost_break_even.mean_normalized_cost_load,FAIL,6.751327650504618,6.128453316107013,0.6228743343976051,1e-10
2,stage6_hedge_cost_break_even.mean_normalized_cost_load,FAIL,6.461784831938285,6.149934122039061,0.3118507098992245,1e-10
2,stage6_hedge_cost_break_even.mean_normalized_cost_load,FAIL,8.332712821700767,8.392907328099444,0.0601945063986768,1e-10
2,stage6_hedge_cost_break_even.mean_normalized_cost_load,FAIL,8.280620717645913,8.307314551628478,0.0266938339825646,1e-10
2,stage6_hedge_cost_break_even.mean_normalized_cost_load,FAIL,6.365182345319457,6.442488604627269,0.0773062593078117,1e-10
2,stage6_hedge_cost_break_even.mean_normalized_cost_load,FAIL,6.140383932188724,6.250735023782681,0.1103510915939569,1e-10
2,stage6_hedge_cost_break_even.break_even_decimal_per_side,FAIL,5.3908465923793165e-05,3.5457256088112545e-05,1.845120983568062e-05,1e-10
2,stage6_hedge_cost_break_even.break_even_decimal_per_side,FAIL,4.985579672665678e-05,6.550359854342064e-05,1.5647801816763858e-05,1e-10
2,stage6_hedge_cost_break_even.break_even_decimal_per_side,FAIL,2.125806549324876e-05,2.44542666321227e-05,3.1962011388739395e-06,1e-10
2,stage6_hedge_cost_break_even.break_even_decimal_per_side,PASS,0.0,0.0,0.0,1e-10
2,stage6_hedge_cost_break_even.break_even_decimal_per_side,FAIL,3.901198442344028e-07,1.8168438467291395e-05,1.7778318623056993e-05,1e-10
2,stage6_hedge_cost_break_even.break_even_decimal_per_side,PASS,0.0,0.0,0.0,1e-10
2,stage6_hedge_cost_break_even.break_even_bps_per_side,FAIL,0.5390846592379317,0.3545725608811254,0.1845120983568063,1e-10
2,stage6_hedge_cost_break_even.break_even_bps_per_side,FAIL,0.4985579672665678,0.6550359854342064,0.1564780181676385,1e-10
2,stage6_hedge_cost_break_even.break_even_bps_per_side,FAIL,0.2125806549324875,0.2445426663212269,0.0319620113887393,1e-10
2,stage6_hedge_cost_break_even.break_even_bps_per_side,PASS,0.0,0.0,0.0,1e-10
2,stage6_hedge_cost_break_even.break_even_bps_per_side,FAIL,0.003901198442344,0.1816843846729139,0.1777831862305699,1e-10
2,stage6_hedge_cost_break_even.break_even_bps_per_side,PASS,0.0,0.0,0.0,1e-10
2,stage6_hedge_cost_break_even.break_even_bps_round_trip,FAIL,1.0781693184758634,0.7091451217622509,0.3690241967136125,1e-10
2,stage6_hedge_cost_break_even.break_even_bps_round_trip,FAIL,0.9971159345331356,1.3100719708684128,0.3129560363352771,1e-10
2,stage6_hedge_cost_break_even.break_even_bps_round_trip,FAIL,0.4251613098649751,0.4890853326424539,0.0639240227774788,1e-10
2,stage6_hedge_cost_break_even.break_even_bps_round_trip,PASS,0.0,0.0,0.0,1e-10
2,stage6_hedge_cost_break_even.break_even_bps_round_trip,FAIL,0.007802396884688,0.3633687693458279,0.3555663724611399,1e-10
2,stage6_hedge_cost_break_even.break_even_bps_round_trip,PASS,0.0,0.0,0.0,1e-10
2,stage6_hedge_cost_break_even.aggregate_break_even_decimal_per_side,FAIL,6.454015739709977e-07,1.7113514913239363e-05,1.6468113339268366e-05,1e-10
2,stage6_hedge_cost_break_even.aggregate_break_even_decimal_per_side,FAIL,1.5435839549540796e-05,3.6559190710726704e-05,2.112335116118591e-05,1e-10
2,stage6_hedge_cost_break_even.aggregate_break_even_decimal_per_side,FAIL,2.3366014824570943e-05,2.1171569529406567e-05,2.1944452951643754e-06,1e-10
2,stage6_hedge_cost_break_even.aggregate_break_even_decimal_per_side,PASS,0.0,0.0,0.0,1e-10
2,stage6_hedge_cost_break_even.aggregate_break_even_decimal_per_side,FAIL,0.0,2.0021159071643787e-05,2.0021159071643787e-05,1e-10
2,stage6_hedge_cost_break_even.aggregate_break_even_decimal_per_side,FAIL,0.0,9.478873159529494e-06,9.478873159529494e-06,1e-10
2,stage6_hedge_cost_break_even.aggregate_break_even_bps_per_side,FAIL,0.0064540157397099,0.1711351491323936,0.1646811333926837,1e-10
2,stage6_hedge_cost_break_even.aggregate_break_even_bps_per_side,FAIL,0.1543583954954079,0.365591907107267,0.2112335116118591,1e-10
2,stage6_hedge_cost_break_even.aggregate_break_even_bps_per_side,FAIL,0.2336601482457094,0.2117156952940656,0.0219444529516438,1e-10
2,stage6_hedge_cost_break_even.aggregate_break_even_bps_per_side,PASS,0.0,0.0,0.0,1e-10
2,stage6_hedge_cost_break_even.aggregate_break_even_bps_per_side,FAIL,0.0,0.2002115907164378,0.2002115907164378,1e-10
2,stage6_hedge_cost_break_even.aggregate_break_even_bps_per_side,FAIL,0.0,0.0947887315952949,0.0947887315952949,1e-10
2,stage6_hedge_cost_break_even.positive_mean_friction_budget,PASS,True,True,0.0,1e-10
2,stage6_hedge_cost_break_even.positive_mean_friction_budget,PASS,True,True,0.0,1e-10
2,stage6_hedge_cost_break_even.positive_mean_friction_budget,PASS,True,True,0.0,1e-10
2,stage6_hedge_cost_break_even.positive_mean_friction_budget,PASS,False,False,0.0,1e-10
2,stage6_hedge_cost_break_even.positive_mean_friction_budget,PASS,True,True,0.0,1e-10
2,stage6_hedge_cost_break_even.positive_mean_friction_budget,PASS,False,False,0.0,1e-10
2,stage6_hedge_cost_stress.row_keys,PASS,24,24,0.0,0.0
2,stage6_hedge_cost_stress.bps_round_trip[bps_per_side=0.5],PASS,1.0,1.0,0.0,1e-10
2,stage6_hedge_cost_stress.bps_round_trip[bps_per_side=1.0],PASS,2.0,2.0,0.0,1e-10
2,stage6_hedge_cost_stress.bps_round_trip[bps_per_side=2.0],PASS,4.0,4.0,0.0,1e-10
2,stage6_hedge_cost_stress.bps_round_trip[bps_per_side=5.0],PASS,10.0,10.0,0.0,1e-10
2,stage6_hedge_cost_stress.bps_round_trip[bps_per_side=0.5],PASS,1.0,1.0,0.0,1e-10
2,stage6_hedge_cost_stress.bps_round_trip[bps_per_side=1.0],PASS,2.0,2.0,0.0,1e-10
2,stage6_hedge_cost_stress.bps_round_trip[bps_per_side=2.0],PASS,4.0,4.0,0.0,1e-10
2,stage6_hedge_cost_stress.bps_round_trip[bps_per_side=5.0],PASS,10.0,10.0,0.0,1e-10
2,stage6_hedge_cost_stress.bps_round_trip[bps_per_side=0.5],PASS,1.0,1.0,0.0,1e-10
2,stage6_hedge_cost_stress.bps_round_trip[bps_per_side=1.0],PASS,2.0,2.0,0.0,1e-10
2,stage6_hedge_cost_stress.bps_round_trip[bps_per_side=2.0],PASS,4.0,4.0,0.0,1e-10
2,stage6_hedge_cost_stress.bps_round_trip[bps_per_side=5.0],PASS,10.0,10.0,0.0,1e-10
2,stage6_hedge_cost_stress.bps_round_trip[bps_per_side=0.5],PASS,1.0,1.0,0.0,1e-10
2,stage6_hedge_cost_stress.bps_round_trip[bps_per_side=1.0],PASS,2.0,2.0,0.0,1e-10
2,stage6_hedge_cost_stress.bps_round_trip[bps_per_side=2.0],PASS,4.0,4.0,0.0,1e-10
2,stage6_hedge_cost_stress.bps_round_trip[bps_per_side=5.0],PASS,10.0,10.0,0.0,1e-10
2,stage6_hedge_cost_stress.bps_round_trip[bps_per_side=0.5],PASS,1.0,1.0,0.0,1e-10
2,stage6_hedge_cost_stress.bps_round_trip[bps_per_side=1.0],PASS,2.0,2.0,0.0,1e-10
2,stage6_hedge_cost_stress.bps_round_trip[bps_per_side=2.0],PASS,4.0,4.0,0.0,1e-10
2,stage6_hedge_cost_stress.bps_round_trip[bps_per_side=5.0],PASS,10.0,10.0,0.0,1e-10
2,stage6_hedge_cost_stress.bps_round_trip[bps_per_side=0.5],PASS,1.0,1.0,0.0,1e-10
2,stage6_hedge_cost_stress.bps_round_trip[bps_per_side=1.0],PASS,2.0,2.0,0.0,1e-10
2,stage6_hedge_cost_stress.bps_round_trip[bps_per_side=2.0],PASS,4.0,4.0,0.0,1e-10
2,stage6_hedge_cost_stress.bps_round_trip[bps_per_side=5.0],PASS,10.0,10.0,0.0,1e-10
2,stage6_hedge_cost_stress.n_days[bps_per_side=0.5],PASS,408,408,0.0,1e-10
2,stage6_hedge_cost_stress.n_days[bps_per_side=1.0],PASS,408,408,0.0,1e-10
2,stage6_hedge_cost_stress.n_days[bps_per_side=2.0],PASS,408,408,0.0,1e-10
2,stage6_hedge_cost_stress.n_days[bps_per_side=5.0],PASS,408,408,0.0,1e-10
2,stage6_hedge_cost_stress.n_days[bps_per_side=0.5],PASS,408,408,0.0,1e-10
2,stage6_hedge_cost_stress.n_days[bps_per_side=1.0],PASS,408,408,0.0,1e-10
2,stage6_hedge_cost_stress.n_days[bps_per_side=2.0],PASS,408,408,0.0,1e-10
2,stage6_hedge_cost_stress.n_days[bps_per_side=5.0],PASS,408,408,0.0,1e-10
2,stage6_hedge_cost_stress.n_days[bps_per_side=0.5],PASS,408,408,0.0,1e-10
2,stage6_hedge_cost_stress.n_days[bps_per_side=1.0],PASS,408,408,0.0,1e-10
2,stage6_hedge_cost_stress.n_days[bps_per_side=2.0],PASS,408,408,0.0,1e-10
2,stage6_hedge_cost_stress.n_days[bps_per_side=5.0],PASS,408,408,0.0,1e-10
2,stage6_hedge_cost_stress.n_days[bps_per_side=0.5],PASS,408,408,0.0,1e-10
2,stage6_hedge_cost_stress.n_days[bps_per_side=1.0],PASS,408,408,0.0,1e-10
2,stage6_hedge_cost_stress.n_days[bps_per_side=2.0],PASS,408,408,0.0,1e-10
2,stage6_hedge_cost_stress.n_days[bps_per_side=5.0],PASS,408,408,0.0,1e-10
2,stage6_hedge_cost_stress.n_days[bps_per_side=0.5],PASS,408,408,0.0,1e-10
2,stage6_hedge_cost_stress.n_days[bps_per_side=1.0],PASS,408,408,0.0,1e-10
2,stage6_hedge_cost_stress.n_days[bps_per_side=2.0],PASS,408,408,0.0,1e-10
2,stage6_hedge_cost_stress.n_days[bps_per_side=5.0],PASS,408,408,0.0,1e-10
2,stage6_hedge_cost_stress.n_days[bps_per_side=0.5],PASS,408,408,0.0,1e-10
2,stage6_hedge_cost_stress.n_days[bps_per_side=1.0],PASS,408,408,0.0,1e-10
2,stage6_hedge_cost_stress.n_days[bps_per_side=2.0],PASS,408,408,0.0,1e-10
2,stage6_hedge_cost_stress.n_days[bps_per_side=5.0],PASS,408,408,0.0,1e-10
2,stage6_hedge_cost_stress.mean_MID_after_hypothetical_cost[bps_per_side=0.5],FAIL,2.638733406235998e-05,-8.912452715210168e-05,0.0001155118612144,1e-10
2,stage6_hedge_cost_stress.mean_MID_after_hypothetical_cost[bps_per_side=1.0],FAIL,-0.0003111790484628,-0.0003955471929574,8.436814449460002e-05,1e-10
2,stage6_hedge_cost_stress.mean_MID_after_hypothetical_cost[bps_per_side=2.0],FAIL,-0.0009863118135133,-0.0010083925245681,2.2080711054799952e-05,1e-10
2,stage6_hedge_cost_stress.mean_MID_after_hypothetical_cost[bps_per_side=5.0],FAIL,-0.0030117101086647,-0.0028469285194002,0.0001647815892645,1e-10
2,stage6_hedge_cost_stress.mean_MID_after_hypothetical_cost[bps_per_side=0.5],FAIL,-9.318105244049168e-07,9.53461096965775e-05,9.62779202209824e-05,1e-10
2,stage6_hedge_cost_stress.mean_MID_after_hypothetical_cost[bps_per_side=1.0],FAIL,-0.0003240210521213,-0.0002121505964053,0.000111870455716,1e-10
2,stage6_hedge_cost_stress.mean_MID_after_hypothetical_cost[bps_per_side=2.0],FAIL,-0.0009701995353151,-0.0008271440086092,0.0001430555267059,1e-10
2,stage6_hedge_cost_stress.mean_MID_after_hypothetical_cost[bps_per_side=5.0],FAIL,-0.0029087349848966,-0.002672124245221,0.0002366107396756,1e-10
2,stage6_hedge_cost_stress.mean_MID_after_hypothetical_cost[bps_per_side=0.5],FAIL,-0.0002394982861848,-0.0002144029727849,2.5095313399899988e-05,1e-10
2,stage6_hedge_cost_stress.mean_MID_after_hypothetical_cost[bps_per_side=1.0],FAIL,-0.0006561339272699,-0.0006340483391899,2.2085588079999983e-05,1e-10
2,stage6_hedge_cost_stress.mean_MID_after_hypothetical_cost[bps_per_side=2.0],FAIL,-0.00148940520944,-0.0014733390719998,1.6066137440199973e-05,1e-10
2,stage6_hedge_cost_stress.mean_MID_after_hypothetical_cost[bps_per_side=5.0],FAIL,-0.0039892190559502,-0.0039912112704296,1.9922144794005253e-06,1e-10
2,stage6_hedge_cost_stress.mean_MID_after_hypothetical_cost[bps_per_side=0.5],FAIL,-0.0006555321940247,-0.0006985978212602,4.306562723549999e-05,1e-10
2,stage6_hedge_cost_stress.mean_MID_after_hypothetical_cost[bps_per_side=1.0],FAIL,-0.0010695632299069,-0.0011139635488417,4.4400318934800006e-05,1e-10
2,stage6_hedge_cost_stress.mean_MID_after_hypothetical_cost[bps_per_side=2.0],FAIL,-0.0018976253016715,-0.0019446950040045,4.706970233299998e-05,1e-10
2,stage6_hedge_cost_stress.mean_MID_after_hypothetical_cost[bps_per_side=5.0],FAIL,-0.0043818115169653,-0.0044368893694931,5.507785252779982e-05,1e-10
2,stage6_hedge_cost_stress.mean_MID_after_hypothetical_cost[bps_per_side=0.5],FAIL,-0.0003157759333208,-0.0002050744724419,0.0001107014608789,1e-10
2,stage6_hedge_cost_stress.mean_MID_after_hypothetical_cost[bps_per_side=1.0],FAIL,-0.0006340350505868,-0.0005271989026733,0.0001068361479134,1e-10
2,stage6_hedge_cost_stress.mean_MID_after_hypothetical_cost[bps_per_side=2.0],FAIL,-0.0012705532851188,-0.001171447763136,9.910552198280002e-05,1e-10
2,stage6_hedge_cost_stress.mean_MID_after_hypothetical_cost[bps_per_side=5.0],FAIL,-0.0031801079887146,-0.0031041943445242,7.591364419039974e-05,1e-10
2,stage6_hedge_cost_stress.mean_MID_after_hypothetical_cost[bps_per_side=0.5],FAIL,-0.0004124148338858,-0.0003504466090796,6.19682248062e-05,1e-10
2,stage6_hedge_cost_stress.mean_MID_after_hypothetical_cost[bps_per_side=1.0],FAIL,-0.0007194340304952,-0.0006629833602688,5.6450670226399977e-05,1e-10
2,stage6_hedge_cost_stress.mean_MID_after_hypothetical_cost[bps_per_side=2.0],FAIL,-0.0013334724237141,-0.001288056862647,4.541556106710016e-05,1e-10
2,stage6_hedge_cost_stress.mean_MID_after_hypothetical_cost[bps_per_side=5.0],FAIL,-0.0031755876033707,-0.0031632773697819,1.2310233588799964e-05,1e-10
2,stage6_hedge_cost_stress.total_MID_pnl_after_hypothetical_cost[bps_per_side=0.5],FAIL,-13.7916773582514,-9.129132743020756,4.662544615230644,1e-10
2,stage6_hedge_cost_stress.total_MID_pnl_after_hypothetical_cost[bps_per_side=1.0],FAIL,-27.76370610337624,-23.0088962977704,4.754809805605841,1e-10
2,stage6_hedge_cost_stress.total_MID_pnl_after_hypothetical_cost[bps_per_side=2.0],FAIL,-55.70776359362591,-50.76842340726968,4.939340186356233,1e-10
2,stage6_hedge_cost_stress.total_MID_pnl_after_hypothetical_cost[bps_per_side=5.0],FAIL,-139.53993606437493,-134.0470047357675,5.492931328607426,1e-10
2,stage6_hedge_cost_stress.total_MID_pnl_after_hypothetical_cost[bps_per_side=0.5],FAIL,-6.997928409344803,-3.002870211065094,3.995058198279709,1e-10
2,stage6_hedge_cost_stress.total_MID_pnl_after_hypothetical_cost[bps_per_side=1.0],FAIL,-17.121027478067926,-14.173589720721374,2.9474377573465524,1e-10
2,stage6_hedge_cost_stress.total_MID_pnl_after_hypothetical_cost[bps_per_side=2.0],FAIL,-37.36722561551417,-36.51502874003393,0.8521968754802458,1e-10
2,stage6_hedge_cost_stress.total_MID_pnl_after_hypothetical_cost[bps_per_side=5.0],FAIL,-98.1058200278529,-103.5393457979716,5.433525770118706,1e-10
2,stage6_hedge_cost_stress.total_MID_pnl_after_hypothetical_cost[bps_per_side=0.5],FAIL,-9.201170505822208,-9.751366295322942,0.5501957895007337,1e-10
2,stage6_hedge_cost_stress.total_MID_pnl_after_hypothetical_cost[bps_per_side=1.0],FAIL,-26.474534677982703,-26.664125915153555,0.1895912371708519,1e-10
2,stage6_hedge_cost_stress.total_MID_pnl_after_hypothetical_cost[bps_per_side=2.0],FAIL,-61.02126302230372,-60.4896451548148,0.5316178674889187,1e-10
2,stage6_hedge_cost_stress.total_MID_pnl_after_hypothetical_cost[bps_per_side=5.0],FAIL,-164.66144805526676,-161.9662028737985,2.695245181468266,1e-10
2,stage6_hedge_cost_stress.total_MID_pnl_after_hypothetical_cost[bps_per_side=0.5],FAIL,-23.75702928935289,-23.13901153330364,0.6180177560492481,1e-10
2,stage6_hedge_cost_stress.total_MID_pnl_after_hypothetical_cost[bps_per_side=1.0],FAIL,-37.36896937705068,-36.20264857179859,1.1663208052520917,1e-10
2,stage6_hedge_cost_stress.total_MID_pnl_after_hypothetical_cost[bps_per_side=2.0],FAIL,-64.59284955244627,-62.3299226487885,2.262926903657771,1e-10
2,stage6_hedge_cost_stress.total_MID_pnl_after_hypothetical_cost[bps_per_side=5.0],FAIL,-146.264490078633,-140.7117448797582,5.5527451988747885,1e-10
2,stage6_hedge_cost_stress.total_MID_pnl_after_hypothetical_cost[bps_per_side=0.5],FAIL,-18.361313748370097,-10.338456506719044,8.022857241651053,1e-10
2,stage6_hedge_cost_stress.total_MID_pnl_after_hypothetical_cost[bps_per_side=1.0],FAIL,-35.953811408536694,-27.581378825540533,8.372432582996161,1e-10
2,stage6_hedge_cost_stress.total_MID_pnl_after_hypothetical_cost[bps_per_side=2.0],FAIL,-71.1388067288699,-62.06722346318351,9.071583265686384,1e-10
2,stage6_hedge_cost_stress.total_MID_pnl_after_hypothetical_cost[bps_per_side=5.0],FAIL,-176.69379268986944,-165.52475737611246,11.16903531375698,1e-10
2,stage6_hedge_cost_stress.total_MID_pnl_after_hypothetical_cost[bps_per_side=0.5],FAIL,-16.888231745738025,-11.450923983435771,5.437307762302254,1e-10
2,stage6_hedge_cost_stress.total_MID_pnl_after_hypothetical_cost[bps_per_side=1.0],FAIL,-31.20290724920732,-25.580496475974595,5.622410773232726,1e-10
2,stage6_hedge_cost_stress.total_MID_pnl_after_hypothetical_cost[bps_per_side=2.0],FAIL,-59.83225825614589,-53.83964146105224,5.992616795093653,1e-10
2,stage6_hedge_cost_stress.total_MID_pnl_after_hypothetical_cost[bps_per_side=5.0],FAIL,-145.7203112769616,-138.61707641628516,7.103234860676452,1e-10
2,stage6_hedge_cost_stress.mean_BID_ASK_proxy_after_hypothetical_cost[bps_per_side=0.5],FAIL,-0.0103607471121782,-0.0102517149806729,0.0001090321315052,1e-10
2,stage6_hedge_cost_stress.mean_BID_ASK_proxy_after_hypothetical_cost[bps_per_side=1.0],FAIL,-0.0106984330442512,-0.0105582756822031,0.000140157362048,1e-10
2,stage6_hedge_cost_stress.mean_BID_ASK_proxy_after_hypothetical_cost[bps_per_side=2.0],FAIL,-0.0113738049083972,-0.0111713970852635,0.0002024078231337,1e-10
2,stage6_hedge_cost_stress.mean_BID_ASK_proxy_after_hypothetical_cost[bps_per_side=5.0],FAIL,-0.0133999205008353,-0.0130107612944448,0.0003891592063905,1e-10
2,stage6_hedge_cost_stress.mean_BID_ASK_proxy_after_hypothetical_cost[bps_per_side=0.5],FAIL,-0.0106869621860029,-0.0101554390727393,0.0005315231132636,1e-10
2,stage6_hedge_cost_stress.mean_BID_ASK_proxy_after_hypothetical_cost[bps_per_side=1.0],FAIL,-0.0110100000767398,-0.0104629350886731,0.0005470649880666,1e-10
2,stage6_hedge_cost_stress.mean_BID_ASK_proxy_after_hypothetical_cost[bps_per_side=2.0],FAIL,-0.0116560758582136,-0.0110779271205407,0.0005781487376728,1e-10
2,stage6_hedge_cost_stress.mean_BID_ASK_proxy_after_hypothetical_cost[bps_per_side=5.0],FAIL,-0.0135943032026351,-0.0129229032161434,0.0006713999864917,1e-10
2,stage6_hedge_cost_stress.mean_BID_ASK_proxy_after_hypothetical_cost[bps_per_side=0.5],FAIL,-0.0115749697967943,-0.0115203829494689,5.4586847325399646e-05,1e-10
2,stage6_hedge_cost_stress.mean_BID_ASK_proxy_after_hypothetical_cost[bps_per_side=1.0],FAIL,-0.0119919040725423,-0.0119403836126751,5.152045986719922e-05,1e-10
2,stage6_hedge_cost_stress.mean_BID_ASK_proxy_after_hypothetical_cost[bps_per_side=2.0],FAIL,-0.0128257726240384,-0.0127803849390876,4.53876849508001e-05,1e-10
2,stage6_hedge_cost_stress.mean_BID_ASK_proxy_after_hypothetical_cost[bps_per_side=5.0],FAIL,-0.0153273782785266,-0.0153003889183249,2.6989360201699897e-05,1e-10
2,stage6_hedge_cost_stress.mean_BID_ASK_proxy_after_hypothetical_cost[bps_per_side=0.5],FAIL,-0.0123230685992261,-0.0124125770663725,8.950846714639998e-05,1e-10
2,stage6_hedge_cost_stress.mean_BID_ASK_proxy_after_hypothetical_cost[bps_per_side=1.0],FAIL,-0.0127371348043167,-0.012827982799926,9.084799560929968e-05,1e-10
2,stage6_hedge_cost_stress.mean_BID_ASK_proxy_after_hypothetical_cost[bps_per_side=2.0],FAIL,-0.0135652672144981,-0.0136587942670331,9.352705253500015e-05,1e-10
2,stage6_hedge_cost_stress.mean_BID_ASK_proxy_after_hypothetical_cost[bps_per_side=5.0],FAIL,-0.016049664445042,-0.0161512286683545,0.0001015642233124,1e-10
2,stage6_hedge_cost_stress.mean_BID_ASK_proxy_after_hypothetical_cost[bps_per_side=0.5],FAIL,-0.0104894918888791,-0.0104494248554896,4.006703338950077e-05,1e-10
2,stage6_hedge_cost_stress.mean_BID_ASK_proxy_after_hypothetical_cost[bps_per_side=1.0],FAIL,-0.0108078815413093,-0.0107716774622184,3.6204079090900246e-05,1e-10
2,stage6_hedge_cost_stress.mean_BID_ASK_proxy_after_hypothetical_cost[bps_per_side=2.0],FAIL,-0.0114446608461697,-0.0114161826756759,2.8478170493799818e-05,1e-10
2,stage6_hedge_cost_stress.mean_BID_ASK_proxy_after_hypothetical_cost[bps_per_side=5.0],FAIL,-0.0133549987607507,-0.0133496983160485,5.3004447022001605e-06,1e-10
2,stage6_hedge_cost_stress.mean_BID_ASK_proxy_after_hypothetical_cost[bps_per_side=0.5],FAIL,-0.0106902200839767,-0.01070573655201,1.5516468033301492e-05,1e-10
2,stage6_hedge_cost_stress.mean_BID_ASK_proxy_after_hypothetical_cost[bps_per_side=1.0],FAIL,-0.0109972441970722,-0.0110182694513718,2.1025254299599644e-05,1e-10
2,stage6_hedge_cost_stress.mean_BID_ASK_proxy_after_hypothetical_cost[bps_per_side=2.0],FAIL,-0.0116112924232632,-0.0116433352500956,3.2042826832400645e-05,1e-10
2,stage6_hedge_cost_stress.mean_BID_ASK_proxy_after_hypothetical_cost[bps_per_side=5.0],FAIL,-0.013453437101836,-0.0135185326462667,6.509554443069956e-05,1e-10
2,stage6_subperiod_stability.row_keys,PASS,36,36,0.0,0.0
2,stage6_subperiod_stability.annualized_sharpe[bucket=2023],FAIL,0.3841128989586082,0.8121011184793754,0.4279882195207672,1e-10
2,stage6_subperiod_stability.annualized_sharpe[bucket=2024],FAIL,1.1296211868861048,0.7349714812092971,0.3946497056768077,1e-10
2,stage6_subperiod_stability.annualized_sharpe[bucket=2023],FAIL,-7.459390235858821,-8.53198355411605,1.072593318257228,1e-10
2,stage6_subperiod_stability.annualized_sharpe[bucket=2023],FAIL,-2.10906973423518,-2.042231948367966,0.066837785867214,1e-10
2,stage6_subperiod_stability.annualized_sharpe[bucket=2024],FAIL,-4.124757262235871,-4.380233811306582,0.2554765490707114,1e-10
2,stage6_subperiod_stability.annualized_sharpe[bucket=2024],FAIL,0.3610062241883427,-0.131472683995788,0.4924789081841307,1e-10
2,stage6_subperiod_stability.annualized_sharpe[bucket=2023],FAIL,-6.281146074490683,-7.186169400865927,0.905023326375244,1e-10
2,stage6_subperiod_stability.annualized_sharpe[bucket=2023],FAIL,-0.692790743187056,-1.105492437555652,0.412701694368596,1e-10
2,stage6_subperiod_stability.annualized_sharpe[bucket=2024],FAIL,-3.841136722694916,-3.78754994492735,0.053586777767566,1e-10
2,stage6_subperiod_stability.annualized_sharpe[bucket=2024],FAIL,0.6304894135156841,0.2840787322249625,0.3464106812907216,1e-10
2,stage6_subperiod_stability.annualized_sharpe[bucket=2023],FAIL,-0.070302411725564,1.515431550505673,1.585733962231237,1e-10
2,stage6_subperiod_stability.annualized_sharpe[bucket=2024],FAIL,1.2385064683881846,1.4569081006274345,0.2184016322392499,1e-10
2,stage6_subperiod_stability.annualized_sharpe[bucket=2023],FAIL,0.6808477074550418,0.8591564503113955,0.1783087428563537,1e-10
2,stage6_subperiod_stability.annualized_sharpe[bucket=2024],FAIL,0.2041468043823789,0.1755965277236008,0.0285502766587781,1e-10
2,stage6_subperiod_stability.annualized_sharpe[bucket=2023],FAIL,-7.231803721123747,-7.028638873332935,0.2031648477908119,1e-10
2,stage6_subperiod_stability.annualized_sharpe[bucket=2023],FAIL,-2.30727800759812,-2.303186043240095,0.0040919643580252,1e-10
2,stage6_subperiod_stability.annualized_sharpe[bucket=2024],FAIL,-3.196854692755495,-3.120651654051366,0.0762030387041288,1e-10
2,stage6_subperiod_stability.annualized_sharpe[bucket=2024],FAIL,0.9174061727902856,0.8656555280990588,0.0517506446912268,1e-10
2,stage6_subperiod_stability.annualized_sharpe[bucket=2023],FAIL,-7.017531725159071,-6.716619895687914,0.3009118294711577,1e-10
2,stage6_subperiod_stability.annualized_sharpe[bucket=2023],FAIL,-2.1296152076599943,-1.9248390375431232,0.2047761701168711,1e-10
2,stage6_subperiod_stability.annualized_sharpe[bucket=2024],FAIL,-3.51375160269956,-3.422503563625964,0.0912480390735961,1e-10
2,stage6_subperiod_stability.annualized_sharpe[bucket=2024],FAIL,0.7256705143006662,0.7097715148611554,0.0158989994395107,1e-10
2,stage6_subperiod_stability.annualized_sharpe[bucket=2023],FAIL,0.5014219866111859,0.3860014923660159,0.1154204942451699,1e-10
2,stage6_subperiod_stability.annualized_sharpe[bucket=2024],FAIL,-0.9338266152100791,-1.0399820898911478,0.1061554746810686,1e-10
2,stage6_subperiod_stability.annualized_sharpe[bucket=2023],FAIL,-0.0634802289415186,0.1710347755376626,0.2345150044791812,1e-10
2,stage6_subperiod_stability.annualized_sharpe[bucket=2024],FAIL,0.0518189173779922,0.6528256446597411,0.601006727281749,1e-10
2,stage6_subperiod_stability.annualized_sharpe[bucket=2023],FAIL,-7.611586437116663,-7.473757068956292,0.1378293681603706,1e-10
2,stage6_subperiod_stability.annualized_sharpe[bucket=2023],FAIL,-2.3963054510859294,-2.2911287794897826,0.1051766715961468,1e-10
2,stage6_subperiod_stability.annualized_sharpe[bucket=2024],FAIL,-5.7596638905253466,-5.424372492956665,0.3352913975686817,1e-10
2,stage6_subperiod_stability.annualized_sharpe[bucket=2024],FAIL,-1.3515451652781327,-0.9938380179216448,0.3577071473564879,1e-10
2,stage6_subperiod_stability.annualized_sharpe[bucket=2023],FAIL,-7.728295147910916,-7.437128177262319,0.2911669706485966,1e-10
2,stage6_subperiod_stability.annualized_sharpe[bucket=2023],FAIL,-2.4912110685568467,-2.2314913947654222,0.2597196737914244,1e-10
2,stage6_subperiod_stability.annualized_sharpe[bucket=2024],FAIL,-5.733048230537093,-5.455320905374381,0.2777273251627115,1e-10
2,stage6_subperiod_stability.annualized_sharpe[bucket=2024],FAIL,-1.2302390992538437,-0.932378045068356,0.2978610541854877,1e-10
2,stage6_subperiod_stability.annualized_sharpe[bucket=2023],FAIL,-0.5499824793292549,-0.6162543613199747,0.0662718819907197,1e-10
2,stage6_subperiod_stability.annualized_sharpe[bucket=2024],FAIL,-0.4406255679008459,0.0528266924741121,0.493452260374958,1e-10
2,stage6_subperiod_stability.mean[bucket=2023],FAIL,0.0001519983232565,0.0002267009414519,7.470261819540001e-05,1e-10
2,stage6_subperiod_stability.mean[bucket=2024],FAIL,0.0005108273708875,0.0002107825035189,0.0003000448673686,1e-10
2,stage6_subperiod_stability.mean[bucket=2023],FAIL,-0.0142566030614876,-0.0131438865630044,0.0011127164984831,1e-10
2,stage6_subperiod_stability.mean[bucket=2023],FAIL,-0.004016838283848,-0.0031391701372141,0.0008776681466338,1e-10
2,stage6_subperiod_stability.mean[bucket=2024],FAIL,-0.0096342560129773,-0.0105921532729849,0.0009578972600075,1e-10
2,stage6_subperiod_stability.mean[bucket=2024],FAIL,0.0008497104205166,-0.0003194209014296,0.0011691313219462,1e-10
2,stage6_subperiod_stability.mean[bucket=2023],FAIL,-0.0118035043174497,-0.0119092831488628,0.0001057788314131,1e-10
2,stage6_subperiod_stability.mean[bucket=2023],FAIL,-0.0013032184089706,-0.0018325423344225,0.0005293239254519,1e-10
2,stage6_subperiod_stability.mean[bucket=2024],FAIL,-0.0092679286098477,-0.0096451055509959,0.0003771769411481,1e-10
2,stage6_subperiod_stability.mean[bucket=2024],FAIL,0.0015485799952323,0.000729611137908,0.0008189688573243,1e-10
2,stage6_subperiod_stability.mean[bucket=2023],FAIL,-1.982961097130368e-05,0.0002623518613017,0.000282181472273,1e-10
2,stage6_subperiod_stability.mean[bucket=2024],FAIL,0.000559136003775,0.0005001954689145,5.894053486049991e-05,1e-10
2,stage6_subperiod_stability.mean[bucket=2023],FAIL,0.0002617454327771,0.0003491264058418,8.738097306470002e-05,1e-10
2,stage6_subperiod_stability.mean[bucket=2024],FAIL,0.0001185085208526,0.0001055385345285,1.2969986324099994e-05,1e-10
2,stage6_subperiod_stability.mean[bucket=2023],FAIL,-0.0154091572237052,-0.0156988095032271,0.0002896522795219,1e-10
2,stage6_subperiod_stability.mean[bucket=2023],FAIL,-0.0047809333370743,-0.0049954202506502,0.0002144869135758,1e-10
2,stage6_subperiod_stability.mean[bucket=2024],FAIL,-0.009197928054418,-0.0091893396073827,8.588447035301483e-06,1e-10
2,stage6_subperiod_stability.mean[bucket=2024],FAIL,0.0026322118169609,0.0025409427094755,9.126910748540008e-05,1e-10
2,stage6_subperiod_stability.mean[bucket=2023],FAIL,-0.0157690938249089,-0.0156910718819157,7.802194299319845e-05,1e-10
2,stage6_subperiod_stability.mean[bucket=2023],FAIL,-0.0046697860785277,-0.0044011743387098,0.0002686117398179,1e-10
2,stage6_subperiod_stability.mean[bucket=2024],FAIL,-0.0099954333751132,-0.0099464832738022,4.895010131100025e-05,1e-10
2,stage6_subperiod_stability.mean[bucket=2024],FAIL,0.0020597331077789,0.0020572758825266,2.457225252300299e-06,1e-10
2,stage6_subperiod_stability.mean[bucket=2023],FAIL,0.0001522438279598,0.0001240609100731,2.8182917886699992e-05,1e-10
2,stage6_subperiod_stability.mean[bucket=2024],FAIL,-0.0005143451941551,-0.000565464175117,5.111898096189999e-05,1e-10
2,stage6_subperiod_stability.mean[bucket=2023],FAIL,-1.344706914580076e-05,3.639321790346364e-05,4.98402870492644e-05,1e-10
2,stage6_subperiod_stability.mean[bucket=2024],FAIL,1.3521990028801647e-05,0.0001729407277518,0.0001594187377229,1e-10
2,stage6_subperiod_stability.mean[bucket=2023],FAIL,-0.0147433113224688,-0.0146244663677669,0.0001188449547019,1e-10
2,stage6_subperiod_stability.mean[bucket=2023],FAIL,-0.0045959498357822,-0.0044507474455837,0.0001452023901984,1e-10
2,stage6_subperiod_stability.mean[bucket=2024],FAIL,-0.0132947766288094,-0.0125968521002292,0.0006979245285801,1e-10
2,stage6_subperiod_stability.mean[bucket=2024],FAIL,-0.0030941279603167,-0.0022936437531605,0.0008004842071562,1e-10
2,stage6_subperiod_stability.mean[bucket=2023],FAIL,-0.0149692647031633,-0.0145660100609627,0.0004032546422006,1e-10
2,stage6_subperiod_stability.mean[bucket=2023],FAIL,-0.0047721630781793,-0.0043349881756116,0.0004371749025677,1e-10
2,stage6_subperiod_stability.mean[bucket=2024],FAIL,-0.0131369252356628,-0.0125843625177605,0.0005525627179023,1e-10
2,stage6_subperiod_stability.mean[bucket=2024],FAIL,-0.002799906401056,-0.0021392378128982,0.0006606685881577,1e-10
2,stage6_subperiod_stability.mean[bucket=2023],FAIL,-9.877546540413736e-05,-0.0001115894362977,1.2813970893562636e-05,1e-10
2,stage6_subperiod_stability.mean[bucket=2024],FAIL,-0.0001099830592791,1.3146115528564025e-05,0.0001231291748076,1e-10
2,stage6_subperiod_stability.median[bucket=2023],FAIL,0.0002398092994612,0.0005778058749606,0.0003379965754994,1e-10
2,stage6_subperiod_stability.median[bucket=2024],FAIL,0.0003480567058896,0.0002653701407032,8.268656518640001e-05,1e-10
2,stage6_subperiod_stability.median[bucket=2023],FAIL,-0.0109472228624107,-0.0103726590579481,0.0005745638044625,1e-10
2,stage6_subperiod_stability.median[bucket=2023],FAIL,-0.0004685804478642,-0.0001850252867892,0.000283555161075,1e-10
2,stage6_subperiod_stability.median[bucket=2024],FAIL,-0.0099867363657642,-0.008916691490418,0.0010700448753461,1e-10
2,stage6_subperiod_stability.median[bucket=2024],FAIL,0.0001204895317547,0.000450563204005,0.0003300736722503,1e-10
2,stage6_subperiod_stability.median[bucket=2023],FAIL,-0.0107504121847155,-0.0109540566485557,0.0002036444638401,1e-10
2,stage6_subperiod_stability.median[bucket=2023],FAIL,-0.0011907760684814,-0.0008302067693165,0.0003605692991648,1e-10
2,stage6_subperiod_stability.median[bucket=2024],FAIL,-0.0106911147722236,-0.0085187018545604,0.0021724129176632,1e-10
2,stage6_subperiod_stability.median[bucket=2024],FAIL,-0.0011479552916869,0.0003149233330105,0.0014628786246974,1e-10
2,stage6_subperiod_stability.median[bucket=2023],FAIL,0.0002123593380957,0.0001842556852504,2.8103652845300008e-05,1e-10
2,stage6_subperiod_stability.median[bucket=2024],FAIL,0.0002916286511634,0.0001416496887777,0.0001499789623857,1e-10
2,stage6_subperiod_stability.median[bucket=2023],FAIL,0.0004426965147462,0.0003318240026788,0.0001108725120674,1e-10
2,stage6_subperiod_stability.median[bucket=2024],FAIL,-0.0003811922332655,-0.0003916611168677,1.0468883602200004e-05,1e-10
2,stage6_subperiod_stability.median[bucket=2023],FAIL,-0.0110650642353915,-0.0115936028155892,0.0005285385801977,1e-10
2,stage6_subperiod_stability.median[bucket=2023],FAIL,-0.0011613256642016,-0.00217584405636,0.0010145183921584,1e-10
2,stage6_subperiod_stability.median[bucket=2024],FAIL,-0.0098994404664084,-0.0103931314957071,0.0004936910292986,1e-10
2,stage6_subperiod_stability.median[bucket=2024],FAIL,-5.448670796723596e-06,1.3050060030252752e-05,1.8498730826976347e-05,1e-10
2,stage6_subperiod_stability.median[bucket=2023],FAIL,-0.0118317553836332,-0.0112518619940744,0.0005798933895587,1e-10
2,stage6_subperiod_stability.median[bucket=2023],FAIL,-0.0019765534861559,-0.0015011622712979,0.000475391214858,1e-10
2,stage6_subperiod_stability.median[bucket=2024],FAIL,-0.0115312462556101,-0.011476630357616,5.46158979940984e-05,1e-10
2,stage6_subperiod_stability.median[bucket=2024],FAIL,-1.2669661628006438e-05,0.0003602693855827,0.0003729390472107,1e-10
2,stage6_subperiod_stability.median[bucket=2023],FAIL,-9.37745507649387e-05,-4.26581634853524e-05,5.11163872795863e-05,1e-10
2,stage6_subperiod_stability.median[bucket=2024],FAIL,-0.0003870224305663,-0.0004106056371433,2.3583206577000007e-05,1e-10
2,stage6_subperiod_stability.median[bucket=2023],FAIL,3.1160764461259194e-05,3.941627974609476e-05,8.255515284835567e-06,1e-10
2,stage6_subperiod_stability.median[bucket=2024],FAIL,-5.746529571142098e-05,0.0001004681443514,0.0001579334400628,1e-10
2,stage6_subperiod_stability.median[bucket=2023],FAIL,-0.0092366719560429,-0.0106508142919066,0.0014141423358636,1e-10
2,stage6_subperiod_stability.median[bucket=2023],FAIL,0.0001454392264639,-0.0005956445309662,0.0007410837574301,1e-10
2,stage6_subperiod_stability.median[bucket=2024],FAIL,-0.0094555494619792,-0.0094144188114838,4.113065049540093e-05,1e-10
2,stage6_subperiod_stability.median[bucket=2024],PASS,4.310592562794823e-05,4.310592562794823e-05,0.0,1e-10
2,stage6_subperiod_stability.median[bucket=2023],FAIL,-0.0094805884023739,-0.010206693987599,0.0007261055852251,1e-10
2,stage6_subperiod_stability.median[bucket=2023],FAIL,1.6111195954750428e-05,-6.213288161532907e-05,7.82440775700795e-05,1e-10
2,stage6_subperiod_stability.median[bucket=2024],FAIL,-0.0095434173268197,-0.0101617495024395,0.0006183321756197,1e-10
2,stage6_subperiod_stability.median[bucket=2024],FAIL,-8.726054606269533e-06,0.0002804113913133,0.0002891374459195,1e-10
2,stage6_subperiod_stability.median[bucket=2023],FAIL,-0.0001680603889964,-0.0001238477001345,4.421268886189999e-05,1e-10
2,stage6_subperiod_stability.median[bucket=2024],FAIL,-0.0001258292745975,-0.0001675953242564,4.1766049658900005e-05,1e-10
2,stage6_subperiod_stability.HAC_standard_error[bucket=2023],FAIL,0.000445934266626,0.0003376330958613,0.0001083011707647,1e-10
2,stage6_subperiod_stability.HAC_standard_error[bucket=2024],FAIL,0.0003820620426512,0.000243396177312,0.0001386658653392,1e-10
2,stage6_subperiod_stability.HAC_standard_error[bucket=2023],FAIL,0.0020240273514123,0.0017124162978093,0.000311611053603,1e-10
2,stage6_subperiod_stability.HAC_standard_error[bucket=2023],FAIL,0.001975044584869,0.0016686825914819,0.0003063619933871,1e-10
2,stage6_subperiod_stability.HAC_standard_error[bucket=2024],FAIL,0.0025197556359358,0.0025786912438179,5.89356078821001e-05,1e-10
2,stage6_subperiod_stability.HAC_standard_error[bucket=2024],FAIL,0.0026015964127382,0.0025836990340037,1.7897378734499717e-05,1e-10
2,stage6_subperiod_stability.HAC_standard_error[bucket=2023],FAIL,0.0019097908563462,0.0018767529028585,3.303795348770012e-05,1e-10
2,stage6_subperiod_stability.HAC_standard_error[bucket=2023],FAIL,0.0018856471960116,0.0018398637056946,4.578349031700009e-05,1e-10
2,stage6_subperiod_stability.HAC_standard_error[bucket=2024],FAIL,0.0026352331954522,0.0026884066459928,5.317345054060016e-05,1e-10
2,stage6_subperiod_stability.HAC_standard_error[bucket=2024],FAIL,0.0027499921673372,0.002738510207474,1.1481959863199592e-05,1e-10
2,stage6_subperiod_stability.HAC_standard_error[bucket=2023],FAIL,0.000346785969997,0.0002209377996158,0.0001258481703812,1e-10
2,stage6_subperiod_stability.HAC_standard_error[bucket=2024],FAIL,0.0005020070009202,0.0003006023119318,0.0002014046889883,1e-10
2,stage6_subperiod_stability.HAC_standard_error[bucket=2023],FAIL,0.0004429914959879,0.0004641629308763,2.117143488839998e-05,1e-10
2,stage6_subperiod_stability.HAC_standard_error[bucket=2024],FAIL,0.0006307535326091,0.0006311961330152,4.426004060999666e-07,1e-10
2,stage6_subperiod_stability.HAC_standard_error[bucket=2023],FAIL,0.0029730674269661,0.0029967857473597,2.371832039359993e-05,1e-10
2,stage6_subperiod_stability.HAC_standard_error[bucket=2023],FAIL,0.0028954445767186,0.0029306405505649,3.519597384630006e-05,1e-10
2,stage6_subperiod_stability.HAC_standard_error[bucket=2024],FAIL,0.0029613118928694,0.0029727371949456,1.1425302076200228e-05,1e-10
2,stage6_subperiod_stability.HAC_standard_error[bucket=2024],FAIL,0.0030198600315676,0.0030082781712392,1.1581860328400192e-05,1e-10
2,stage6_subperiod_stability.HAC_standard_error[bucket=2023],FAIL,0.0032202227405482,0.0032080582566762,1.2164483872000031e-05,1e-10
2,stage6_subperiod_stability.HAC_standard_error[bucket=2023],FAIL,0.0031163504715641,0.0031430407714192,2.6690299855099735e-05,1e-10
2,stage6_subperiod_stability.HAC_standard_error[bucket=2024],FAIL,0.0029728388940119,0.0029972397819744,2.4400887962499916e-05,1e-10
2,stage6_subperiod_stability.HAC_standard_error[bucket=2024],FAIL,0.0030336714493919,0.0030336375467294,3.39026624998455e-08,1e-10
2,stage6_subperiod_stability.HAC_standard_error[bucket=2023],FAIL,0.0003348183373372,0.0003366916068492,1.8732695119999573e-06,1e-10
2,stage6_subperiod_stability.HAC_standard_error[bucket=2024],FAIL,0.0004788793912876,0.0004757200952475,3.1592960401000147e-06,1e-10
2,stage6_subperiod_stability.HAC_standard_error[bucket=2023],FAIL,0.0002682643703548,0.000273401460791,5.137090436200034e-06,1e-10
2,stage6_subperiod_stability.HAC_standard_error[bucket=2024],FAIL,0.0003058890381097,0.0003304267616825,2.453772357279997e-05,1e-10
2,stage6_subperiod_stability.HAC_standard_error[bucket=2023],FAIL,0.0020019683567417,0.0020358113179482,3.384296120650032e-05,1e-10
2,stage6_subperiod_stability.HAC_standard_error[bucket=2023],FAIL,0.0019392772549527,0.0019878609838694,4.8583728916700266e-05,1e-10
2,stage6_subperiod_stability.HAC_standard_error[bucket=2024],FAIL,0.0022139247845635,0.0023400662331113,0.0001261414485477,1e-10
2,stage6_subperiod_stability.HAC_standard_error[bucket=2024],FAIL,0.0023196450499635,0.0024499302855639,0.0001302852356004,1e-10
2,stage6_subperiod_stability.HAC_standard_error[bucket=2023],FAIL,0.0019604843784842,0.0020277311542656,6.724677578140003e-05,1e-10
2,stage6_subperiod_stability.HAC_standard_error[bucket=2023],FAIL,0.0019001876207876,0.0019823294200719,8.214179928430019e-05,1e-10
2,stage6_subperiod_stability.HAC_standard_error[bucket=2024],FAIL,0.0022045871894954,0.0022996952616881,9.510807219270017e-05,1e-10
2,stage6_subperiod_stability.HAC_standard_error[bucket=2024],FAIL,0.0023095376158488,0.0024103278619318,0.000100790246083,1e-10
2,stage6_subperiod_stability.HAC_standard_error[bucket=2023],FAIL,0.0002012292647207,0.0002079071539065,6.677889185799986e-06,1e-10
2,stage6_subperiod_stability.HAC_standard_error[bucket=2024],FAIL,0.0002868009629683,0.0002965934015979,9.792438629599985e-06,1e-10
2,stage6_subperiod_stability.HAC_t_stat[bucket=2023],FAIL,0.3408536518321127,0.6714417047108424,0.3305880528787297,1e-10
2,stage6_subperiod_stability.HAC_t_stat[bucket=2024],FAIL,1.3370272726982602,0.8660058093216524,0.4710214633766078,1e-10
2,stage6_subperiod_stability.HAC_t_stat[bucket=2023],FAIL,-7.043681031058788,-7.675637390171458,0.63195635911267,1e-10
2,stage6_subperiod_stability.HAC_t_stat[bucket=2023],FAIL,-2.033796256864933,-1.881226635453883,0.1525696214110501,1e-10
2,stage6_subperiod_stability.HAC_t_stat[bucket=2024],FAIL,-3.823488228611122,-4.107569410792473,0.2840811821813509,1e-10
2,stage6_subperiod_stability.HAC_t_stat[bucket=2024],FAIL,0.3266111593466957,-0.1236292993981822,0.4502404587448779,1e-10
2,stage6_subperiod_stability.HAC_t_stat[bucket=2023],FAIL,-6.180521955179934,-6.345685215524832,0.1651632603448982,1e-10
2,stage6_subperiod_stability.HAC_t_stat[bucket=2023],FAIL,-0.6911252601902914,-0.996020699115108,0.3048954389248166,1e-10
2,stage6_subperiod_stability.HAC_t_stat[bucket=2024],FAIL,-3.516929213642916,-3.587666161059404,0.070736947416488,1e-10
2,stage6_subperiod_stability.HAC_t_stat[bucket=2024],FAIL,0.563121602172334,0.2664262984730819,0.296695303699252,1e-10
2,stage6_subperiod_stability.HAC_t_stat[bucket=2023],FAIL,-0.0571811223258812,1.1874467010982814,1.2446278234241626,1e-10
2,stage6_subperiod_stability.HAC_t_stat[bucket=2024],FAIL,1.1138012074534105,1.6639774514704693,0.5501762440170588,1e-10
2,stage6_subperiod_stability.HAC_t_stat[bucket=2023],FAIL,0.5908588204236099,0.752163481005941,0.161304660582331,1e-10
2,stage6_subperiod_stability.HAC_t_stat[bucket=2024],FAIL,0.1878840382588189,0.167204025830162,0.0206800124286568,1e-10
2,stage6_subperiod_stability.HAC_t_stat[bucket=2023],FAIL,-5.182915491233782,-5.238549174580911,0.0556336833471293,1e-10
2,stage6_subperiod_stability.HAC_t_stat[bucket=2023],FAIL,-1.6511914527794047,-1.704548942273798,0.0533574894943933,1e-10
2,stage6_subperiod_stability.HAC_t_stat[bucket=2024],FAIL,-3.1060315114277364,-3.0912048407799566,0.0148266706477797,1e-10
2,stage6_subperiod_stability.HAC_t_stat[bucket=2024],FAIL,0.8716337146243452,0.8446501835396363,0.0269835310847089,1e-10
2,stage6_subperiod_stability.HAC_t_stat[bucket=2023],FAIL,-4.896895368866301,-4.891143061152648,0.0057523077136529,1e-10
2,stage6_subperiod_stability.HAC_t_stat[bucket=2023],FAIL,-1.4984791091818237,-1.4002918379968894,0.0981872711849343,1e-10
2,stage6_subperiod_stability.HAC_t_stat[bucket=2024],FAIL,-3.3622519522489074,-3.318547729688078,0.0437042225608292,1e-10
2,stage6_subperiod_stability.HAC_t_stat[bucket=2024],FAIL,0.6789572114646102,0.6781548061812996,0.0008024052833105,1e-10
2,stage6_subperiod_stability.HAC_t_stat[bucket=2023],FAIL,0.4547057642379022,0.3684704564932377,0.0862353077446645,1e-10
2,stage6_subperiod_stability.HAC_t_stat[bucket=2024],FAIL,-1.0740599898694452,-1.1886489151203463,0.1145889252509011,1e-10
2,stage6_subperiod_stability.HAC_t_stat[bucket=2023],FAIL,-0.0501261838387852,0.1331127412346715,0.1832389250734567,1e-10
2,stage6_subperiod_stability.HAC_t_stat[bucket=2024],FAIL,0.0442055397354627,0.5233859596335767,0.479180419898114,1e-10
2,stage6_subperiod_stability.HAC_t_stat[bucket=2023],FAIL,-7.364407770392451,-7.1836059849129805,0.1808017854794705,1e-10
2,stage6_subperiod_stability.HAC_t_stat[bucket=2023],FAIL,-2.369929221850374,-2.238963127552386,0.130966094297988,1e-10
2,stage6_subperiod_stability.HAC_t_stat[bucket=2024],FAIL,-6.0050715008507645,-5.383117760509151,0.6219537403416133,1e-10
2,stage6_subperiod_stability.HAC_t_stat[bucket=2024],FAIL,-1.3338799228638083,-0.9362077634109186,0.3976721594528897,1e-10
2,stage6_subperiod_stability.HAC_t_stat[bucket=2023],FAIL,-7.63549297686145,-7.183403002079742,0.4520899747817077,1e-10
2,stage6_subperiod_stability.HAC_t_stat[bucket=2023],FAIL,-2.511416781149833,-2.1868152345003478,0.3246015466494851,1e-10
2,stage6_subperiod_stability.HAC_t_stat[bucket=2024],FAIL,-5.958904822752426,-5.472187001212707,0.4867178215397185,1e-10
2,stage6_subperiod_stability.HAC_t_stat[bucket=2024],FAIL,-1.2123233593781262,-0.8875298031794494,0.3247935561986768,1e-10
2,stage6_subperiod_stability.HAC_t_stat[bucket=2023],FAIL,-0.4908603405236916,-0.5367272563788019,0.0458669158551103,1e-10
2,stage6_subperiod_stability.HAC_t_stat[bucket=2024],FAIL,-0.3834821826984892,0.0443236951925939,0.4278058778910831,1e-10
2,stage6_subperiod_stability.raw_p[bucket=2023],FAIL,0.733213758013705,0.5019391845721694,0.2312745734415356,1e-10
2,stage6_subperiod_stability.raw_p[bucket=2024],FAIL,0.1812137346932377,0.3864869760250033,0.2052732413317656,1e-10
2,stage6_subperiod_stability.raw_p[bucket=2023],PASS,1.872264736490318e-12,1.6459813042927408e-14,1.8558049234473907e-12,1e-10
2,stage6_subperiod_stability.raw_p[bucket=2023],FAIL,0.0419721421024206,0.0599410959464827,0.0179689538440621,1e-10
2,stage6_subperiod_stability.raw_p[bucket=2024],FAIL,0.0001315768762234,3.998446365351386e-05,9.159241256988612e-05,1e-10
2,stage6_subperiod_stability.raw_p[bucket=2024],FAIL,0.7439620021191246,0.9016087928801518,0.1576467907610272,1e-10
2,stage6_subperiod_stability.raw_p[bucket=2023],FAIL,6.389000988817276e-10,2.2143760492314783e-10,4.174624939585797e-10,1e-10
2,stage6_subperiod_stability.raw_p[bucket=2023],FAIL,0.4894868272886401,0.3192400880558144,0.1702467392328257,1e-10
2,stage6_subperiod_stability.raw_p[bucket=2024],FAIL,0.0004365701909468,0.0003336511046358,0.000102919086311,1e-10
2,stage6_subperiod_stability.raw_p[bucket=2024],FAIL,0.5733520825587606,0.7899109136721877,0.2165588311134271,1e-10
2,stage6_subperiod_stability.raw_p[bucket=2023],FAIL,0.954400915754448,0.2350514682542414,0.7193494475002066,1e-10
2,stage6_subperiod_stability.raw_p[bucket=2024],FAIL,0.2653644788663818,0.096116935569499,0.1692475432968828,1e-10
2,stage6_subperiod_stability.raw_p[bucket=2023],FAIL,0.5546150195430669,0.4519527521073614,0.1026622674357055,1e-10
2,stage6_subperiod_stability.raw_p[bucket=2024],FAIL,0.8509675555311943,0.8672095168591203,0.0162419613279259,1e-10
2,stage6_subperiod_stability.raw_p[bucket=2023],FAIL,2.184440317275745e-07,1.618438546753068e-07,5.66001770522677e-08,1e-10
2,stage6_subperiod_stability.raw_p[bucket=2023],FAIL,0.0986994878431907,0.0882785807393566,0.0104209071038341,1e-10
2,stage6_subperiod_stability.raw_p[bucket=2024],FAIL,0.001896165080131,0.0019934606092741,9.729552914310028e-05,1e-10
2,stage6_subperiod_stability.raw_p[bucket=2024],FAIL,0.3834082319454963,0.3983061811756301,0.0148979492301338,1e-10
2,stage6_subperiod_stability.raw_p[bucket=2023],FAIL,9.736264534830123e-07,1.0025206258269194e-06,2.8894172343907112e-08,1e-10
2,stage6_subperiod_stability.raw_p[bucket=2023],FAIL,0.1340088163540337,0.1614259439921312,0.0274171276380975,1e-10
2,stage6_subperiod_stability.raw_p[bucket=2024],FAIL,0.0007730954881456,0.0009048685669849,0.0001317730788392,1e-10
2,stage6_subperiod_stability.raw_p[bucket=2024],FAIL,0.4971649738524824,0.49767354408619,0.0005085702337076,1e-10
2,stage6_subperiod_stability.raw_p[bucket=2023],FAIL,0.649320933385117,0.7125224702246904,0.0632015368395734,1e-10
2,stage6_subperiod_stability.raw_p[bucket=2024],FAIL,0.2827957953237394,0.2345778507564841,0.0482179445672552,1e-10
2,stage6_subperiod_stability.raw_p[bucket=2023],FAIL,0.9600218342754874,0.8941042187724939,0.0659176155029934,1e-10
2,stage6_subperiod_stability.raw_p[bucket=2024],FAIL,0.9647405663016192,0.6007056928093488,0.3640348734922703,1e-10
2,stage6_subperiod_stability.raw_p[bucket=2023],PASS,1.7793502151557145e-13,6.789635643399434e-13,5.01028542824372e-13,1e-10
2,stage6_subperiod_stability.raw_p[bucket=2023],FAIL,0.0177914907643517,0.0251583154024584,0.0073668246381067,1e-10
2,stage6_subperiod_stability.raw_p[bucket=2024],FAIL,1.9124760543411e-09,7.320660978796578e-08,7.129413373362468e-08,1e-10
2,stage6_subperiod_stability.raw_p[bucket=2024],FAIL,0.1822432123982611,0.3491662268082248,0.1669230144099636,1e-10
2,stage6_subperiod_stability.raw_p[bucket=2023],PASS,2.2495797102264253e-14,6.799728346225556e-13,6.574770375202913e-13,1e-10
2,stage6_subperiod_stability.raw_p[bucket=2023],FAIL,0.0120247633883851,0.0287560148725348,0.0167312514841497,1e-10
2,stage6_subperiod_stability.raw_p[bucket=2024],FAIL,2.539339304983817e-09,4.4451540533613166e-08,4.191220122862935e-08,1e-10
2,stage6_subperiod_stability.raw_p[bucket=2024],FAIL,0.2253886254850341,0.3747937278520864,0.1494051023670523,1e-10
2,stage6_subperiod_stability.raw_p[bucket=2023],FAIL,0.6235252289761657,0.5914560257806072,0.0320692031955585,1e-10
2,stage6_subperiod_stability.raw_p[bucket=2024],FAIL,0.7013622785574666,0.9646463842000156,0.263284105642549,1e-10
2,stage6_subperiod_stability.HAC_lag[bucket=2023],PASS,5,5,0.0,1e-10
2,stage6_subperiod_stability.HAC_lag[bucket=2024],PASS,5,5,0.0,1e-10
2,stage6_subperiod_stability.HAC_lag[bucket=2023],PASS,5,5,0.0,1e-10
2,stage6_subperiod_stability.HAC_lag[bucket=2023],PASS,5,5,0.0,1e-10
2,stage6_subperiod_stability.HAC_lag[bucket=2024],PASS,5,5,0.0,1e-10
2,stage6_subperiod_stability.HAC_lag[bucket=2024],PASS,5,5,0.0,1e-10
2,stage6_subperiod_stability.HAC_lag[bucket=2023],PASS,5,5,0.0,1e-10
2,stage6_subperiod_stability.HAC_lag[bucket=2023],PASS,5,5,0.0,1e-10
2,stage6_subperiod_stability.HAC_lag[bucket=2024],PASS,5,5,0.0,1e-10
2,stage6_subperiod_stability.HAC_lag[bucket=2024],PASS,5,5,0.0,1e-10
2,stage6_subperiod_stability.HAC_lag[bucket=2023],PASS,5,5,0.0,1e-10
2,stage6_subperiod_stability.HAC_lag[bucket=2024],PASS,5,5,0.0,1e-10
2,stage6_subperiod_stability.HAC_lag[bucket=2023],PASS,5,5,0.0,1e-10
2,stage6_subperiod_stability.HAC_lag[bucket=2024],PASS,5,5,0.0,1e-10
2,stage6_subperiod_stability.HAC_lag[bucket=2023],PASS,5,5,0.0,1e-10
2,stage6_subperiod_stability.HAC_lag[bucket=2023],PASS,5,5,0.0,1e-10
2,stage6_subperiod_stability.HAC_lag[bucket=2024],PASS,5,5,0.0,1e-10
2,stage6_subperiod_stability.HAC_lag[bucket=2024],PASS,5,5,0.0,1e-10
2,stage6_subperiod_stability.HAC_lag[bucket=2023],PASS,5,5,0.0,1e-10
2,stage6_subperiod_stability.HAC_lag[bucket=2023],PASS,5,5,0.0,1e-10
2,stage6_subperiod_stability.HAC_lag[bucket=2024],PASS,5,5,0.0,1e-10
2,stage6_subperiod_stability.HAC_lag[bucket=2024],PASS,5,5,0.0,1e-10
2,stage6_subperiod_stability.HAC_lag[bucket=2023],PASS,5,5,0.0,1e-10
2,stage6_subperiod_stability.HAC_lag[bucket=2024],PASS,5,5,0.0,1e-10
2,stage6_subperiod_stability.HAC_lag[bucket=2023],PASS,5,5,0.0,1e-10
2,stage6_subperiod_stability.HAC_lag[bucket=2024],PASS,5,5,0.0,1e-10
2,stage6_subperiod_stability.HAC_lag[bucket=2023],PASS,5,5,0.0,1e-10
2,stage6_subperiod_stability.HAC_lag[bucket=2023],PASS,5,5,0.0,1e-10
2,stage6_subperiod_stability.HAC_lag[bucket=2024],PASS,5,5,0.0,1e-10
2,stage6_subperiod_stability.HAC_lag[bucket=2024],PASS,5,5,0.0,1e-10
2,stage6_subperiod_stability.HAC_lag[bucket=2023],PASS,5,5,0.0,1e-10
2,stage6_subperiod_stability.HAC_lag[bucket=2023],PASS,5,5,0.0,1e-10
2,stage6_subperiod_stability.HAC_lag[bucket=2024],PASS,5,5,0.0,1e-10
2,stage6_subperiod_stability.HAC_lag[bucket=2024],PASS,5,5,0.0,1e-10
2,stage6_subperiod_stability.HAC_lag[bucket=2023],PASS,5,5,0.0,1e-10
2,stage6_subperiod_stability.HAC_lag[bucket=2024],PASS,5,5,0.0,1e-10
2,stage6_subperiod_stability.n_days[bucket=2023],PASS,167,167,0.0,1e-10
2,stage6_subperiod_stability.n_days[bucket=2024],PASS,241,241,0.0,1e-10
2,stage6_subperiod_stability.n_days[bucket=2023],PASS,167,167,0.0,1e-10
2,stage6_subperiod_stability.n_days[bucket=2023],PASS,167,167,0.0,1e-10
2,stage6_subperiod_stability.n_days[bucket=2024],PASS,241,241,0.0,1e-10
2,stage6_subperiod_stability.n_days[bucket=2024],PASS,241,241,0.0,1e-10
2,stage6_subperiod_stability.n_days[bucket=2023],PASS,167,167,0.0,1e-10
2,stage6_subperiod_stability.n_days[bucket=2023],PASS,167,167,0.0,1e-10
2,stage6_subperiod_stability.n_days[bucket=2024],PASS,241,241,0.0,1e-10
2,stage6_subperiod_stability.n_days[bucket=2024],PASS,241,241,0.0,1e-10
2,stage6_subperiod_stability.n_days[bucket=2023],PASS,167,167,0.0,1e-10
2,stage6_subperiod_stability.n_days[bucket=2024],PASS,241,241,0.0,1e-10
2,stage6_subperiod_stability.n_days[bucket=2023],PASS,167,167,0.0,1e-10
2,stage6_subperiod_stability.n_days[bucket=2024],PASS,241,241,0.0,1e-10
2,stage6_subperiod_stability.n_days[bucket=2023],PASS,167,167,0.0,1e-10
2,stage6_subperiod_stability.n_days[bucket=2023],PASS,167,167,0.0,1e-10
2,stage6_subperiod_stability.n_days[bucket=2024],PASS,241,241,0.0,1e-10
2,stage6_subperiod_stability.n_days[bucket=2024],PASS,241,241,0.0,1e-10
2,stage6_subperiod_stability.n_days[bucket=2023],PASS,167,167,0.0,1e-10
2,stage6_subperiod_stability.n_days[bucket=2023],PASS,167,167,0.0,1e-10
2,stage6_subperiod_stability.n_days[bucket=2024],PASS,241,241,0.0,1e-10
2,stage6_subperiod_stability.n_days[bucket=2024],PASS,241,241,0.0,1e-10
2,stage6_subperiod_stability.n_days[bucket=2023],PASS,167,167,0.0,1e-10
2,stage6_subperiod_stability.n_days[bucket=2024],PASS,241,241,0.0,1e-10
2,stage6_subperiod_stability.n_days[bucket=2023],PASS,167,167,0.0,1e-10
2,stage6_subperiod_stability.n_days[bucket=2024],PASS,241,241,0.0,1e-10
2,stage6_subperiod_stability.n_days[bucket=2023],PASS,167,167,0.0,1e-10
2,stage6_subperiod_stability.n_days[bucket=2023],PASS,167,167,0.0,1e-10
2,stage6_subperiod_stability.n_days[bucket=2024],PASS,241,241,0.0,1e-10
2,stage6_subperiod_stability.n_days[bucket=2024],PASS,241,241,0.0,1e-10
2,stage6_subperiod_stability.n_days[bucket=2023],PASS,167,167,0.0,1e-10
2,stage6_subperiod_stability.n_days[bucket=2023],PASS,167,167,0.0,1e-10
2,stage6_subperiod_stability.n_days[bucket=2024],PASS,241,241,0.0,1e-10
2,stage6_subperiod_stability.n_days[bucket=2024],PASS,241,241,0.0,1e-10
2,stage6_subperiod_stability.n_days[bucket=2023],PASS,167,167,0.0,1e-10
2,stage6_subperiod_stability.n_days[bucket=2024],PASS,241,241,0.0,1e-10
2,stage6_iv_regime_stability.row_keys,PASS,36,36,0.0,0.0
2,stage6_iv_regime_stability.annualized_sharpe[bucket=HIGH_IV],FAIL,3.202442647279228,2.4763035204315864,0.7261391268476416,1e-10
2,stage6_iv_regime_stability.annualized_sharpe[bucket=LOW_IV],FAIL,0.290977299539966,0.2997920054104342,0.0088147058704682,1e-10
2,stage6_iv_regime_stability.annualized_sharpe[bucket=HIGH_IV],FAIL,-4.791091055469331,-4.303646128898424,0.4874449265709071,1e-10
2,stage6_iv_regime_stability.annualized_sharpe[bucket=HIGH_IV],FAIL,-0.1459038540324236,1.2013675907859842,1.3472714448184078,1e-10
2,stage6_iv_regime_stability.annualized_sharpe[bucket=LOW_IV],FAIL,-5.409608962951242,-5.767557097320352,0.35794813436911,1e-10
2,stage6_iv_regime_stability.annualized_sharpe[bucket=LOW_IV],FAIL,-0.6066494763217795,-1.0504604511021092,0.4438109747803297,1e-10
2,stage6_iv_regime_stability.annualized_sharpe[bucket=HIGH_IV],FAIL,-3.648915263069719,-3.0729120444800206,0.5760032185896984,1e-10
2,stage6_iv_regime_stability.annualized_sharpe[bucket=HIGH_IV],FAIL,1.0646096709386097,1.835526397657923,0.7709167267193133,1e-10
2,stage6_iv_regime_stability.annualized_sharpe[bucket=LOW_IV],FAIL,-4.890304836709936,-5.084980161654687,0.1946753249447503,1e-10
2,stage6_iv_regime_stability.annualized_sharpe[bucket=LOW_IV],FAIL,-0.0289605502189368,-0.5348225834614391,0.5058620332425022,1e-10
2,stage6_iv_regime_stability.annualized_sharpe[bucket=HIGH_IV],FAIL,-1.0084541195898695,3.710627972224344,4.719082091814213,1e-10
2,stage6_iv_regime_stability.annualized_sharpe[bucket=LOW_IV],FAIL,1.2870605356997966,1.054747678877137,0.2323128568226595,1e-10
2,stage6_iv_regime_stability.annualized_sharpe[bucket=HIGH_IV],FAIL,4.482912850214351,4.5849813441766845,0.1020684939623333,1e-10
2,stage6_iv_regime_stability.annualized_sharpe[bucket=LOW_IV],FAIL,-0.8943266305824086,-0.8606504431977093,0.0336761873846992,1e-10
2,stage6_iv_regime_stability.annualized_sharpe[bucket=HIGH_IV],FAIL,-6.03066964275191,-5.458837746983475,0.571831895768435,1e-10
2,stage6_iv_regime_stability.annualized_sharpe[bucket=HIGH_IV],FAIL,-1.987685296522229,-1.7562313696095426,0.2314539269126863,1e-10
2,stage6_iv_regime_stability.annualized_sharpe[bucket=LOW_IV],FAIL,-4.153779210389236,-4.171848646403661,0.0180694360144251,1e-10
2,stage6_iv_regime_stability.annualized_sharpe[bucket=LOW_IV],FAIL,0.2878564440882799,0.2016349735014362,0.0862214705868436,1e-10
2,stage6_iv_regime_stability.annualized_sharpe[bucket=HIGH_IV],FAIL,-7.361015617252674,-6.485019404943887,0.8759962123087872,1e-10
2,stage6_iv_regime_stability.annualized_sharpe[bucket=HIGH_IV],FAIL,-3.278126350986924,-2.6724051321107165,0.6057212188762073,1e-10
2,stage6_iv_regime_stability.annualized_sharpe[bucket=LOW_IV],FAIL,-4.090463898424691,-4.098841247023854,0.0083773485991631,1e-10
2,stage6_iv_regime_stability.annualized_sharpe[bucket=LOW_IV],FAIL,0.4857330918294694,0.4499595042611016,0.0357735875683677,1e-10
2,stage6_iv_regime_stability.annualized_sharpe[bucket=HIGH_IV],FAIL,1.6317263670823297,1.1842116311982105,0.4475147358841191,1e-10
2,stage6_iv_regime_stability.annualized_sharpe[bucket=LOW_IV],FAIL,-0.9533412773806792,-0.9879613909155897,0.0346201135349104,1e-10
2,stage6_iv_regime_stability.annualized_sharpe[bucket=HIGH_IV],FAIL,2.117508151596478,2.4675079597341365,0.3499998081376585,1e-10
2,stage6_iv_regime_stability.annualized_sharpe[bucket=LOW_IV],FAIL,-0.577429992475503,-0.0606449603167743,0.5167850321587286,1e-10
2,stage6_iv_regime_stability.annualized_sharpe[bucket=HIGH_IV],FAIL,-4.917528659688816,-4.365085599756517,0.5524430599322994,1e-10
2,stage6_iv_regime_stability.annualized_sharpe[bucket=HIGH_IV],FAIL,-0.663335940085143,-0.1701800009592729,0.4931559391258701,1e-10
2,stage6_iv_regime_stability.annualized_sharpe[bucket=LOW_IV],FAIL,-6.816968208849542,-6.645805914734008,0.1711622941155344,1e-10
2,stage6_iv_regime_stability.annualized_sharpe[bucket=LOW_IV],FAIL,-2.003668748546606,-1.8085800108624088,0.195088737684197,1e-10
2,stage6_iv_regime_stability.annualized_sharpe[bucket=HIGH_IV],FAIL,-5.043016449474133,-4.289427160667309,0.7535892888068245,1e-10
2,stage6_iv_regime_stability.annualized_sharpe[bucket=HIGH_IV],FAIL,-1.015145566817712,-0.299578070087695,0.7155674967300171,1e-10
2,stage6_iv_regime_stability.annualized_sharpe[bucket=LOW_IV],FAIL,-6.886474291181292,-6.755309996137345,0.1311642950439475,1e-10
2,stage6_iv_regime_stability.annualized_sharpe[bucket=LOW_IV],FAIL,-1.887116475679968,-1.73413112270226,0.1529853529777081,1e-10
2,stage6_iv_regime_stability.annualized_sharpe[bucket=HIGH_IV],FAIL,0.974489914497979,1.5355225047006678,0.5610325902026888,1e-10
2,stage6_iv_regime_stability.annualized_sharpe[bucket=LOW_IV],FAIL,-0.9483552861705504,-0.6631847534500575,0.285170532720493,1e-10
2,stage6_iv_regime_stability.mean[bucket=HIGH_IV],FAIL,0.0015124115696501,0.0008691307755151,0.000643280794135,1e-10
2,stage6_iv_regime_stability.mean[bucket=LOW_IV],FAIL,0.0001219937534794,7.996841397314716e-05,4.202533950625284e-05,1e-10
2,stage6_iv_regime_stability.mean[bucket=HIGH_IV],FAIL,-0.011008922500023,-0.0079465288978891,0.0030623936021339,1e-10
2,stage6_iv_regime_stability.mean[bucket=HIGH_IV],FAIL,-0.000334692225619,0.0022678638502046,0.0026025560758236,1e-10
2,stage6_iv_regime_stability.mean[bucket=LOW_IV],FAIL,-0.0116352371302502,-0.0124140487924658,0.0007788116622156,1e-10
2,stage6_iv_regime_stability.mean[bucket=LOW_IV],FAIL,-0.0013123698339441,-0.0022618403071923,0.0009494704732482,1e-10
2,stage6_iv_regime_stability.mean[bucket=HIGH_IV],FAIL,-0.0085220086264681,-0.0064285877080097,0.0020934209184584,1e-10
2,stage6_iv_regime_stability.mean[bucket=HIGH_IV],FAIL,0.002495944454572,0.0039072999897497,0.0014113555351776,1e-10
2,stage6_iv_regime_stability.mean[bucket=LOW_IV],FAIL,-0.0106815827997275,-0.0114447804046926,0.0007631976049651,1e-10
2,stage6_iv_regime_stability.mean[bucket=LOW_IV],FAIL,-6.421884783892847e-05,-0.0012095447622698,0.0011453259144308,1e-10
2,stage6_iv_regime_stability.mean[bucket=HIGH_IV],FAIL,-0.0004541481160185,0.0008248077635909,0.0012789558796094,1e-10
2,stage6_iv_regime_stability.mean[bucket=LOW_IV],FAIL,0.0004857114187385,0.0003139421888155,0.0001717692299229,1e-10
2,stage6_iv_regime_stability.mean[bucket=HIGH_IV],FAIL,0.0029802211985679,0.003149477393938,0.0001692561953701,1e-10
2,stage6_iv_regime_stability.mean[bucket=LOW_IV],FAIL,-0.000413423336199,-0.0004150563749929,1.6330387938999665e-06,1e-10
2,stage6_iv_regime_stability.mean[bucket=HIGH_IV],FAIL,-0.0177231782317914,-0.0175037255944877,0.0002194526373037,1e-10
2,stage6_iv_regime_stability.mean[bucket=HIGH_IV],FAIL,-0.005739810303131,-0.0055529274079703,0.0001868828951607,1e-10
2,stage6_iv_regime_stability.mean[bucket=LOW_IV],FAIL,-0.010479775261176,-0.0106634050896425,0.0001836298284665,1e-10
2,stage6_iv_regime_stability.mean[bucket=LOW_IV],FAIL,0.0007224739232002,0.0005115426026436,0.0002109313205566,1e-10
2,stage6_iv_regime_stability.mean[bucket=HIGH_IV],FAIL,-0.022231249514114,-0.0213491730705398,0.0008820764435742,1e-10
2,stage6_iv_regime_stability.mean[bucket=HIGH_IV],FAIL,-0.009757827775918,-0.0087441847882106,0.0010136429877074,1e-10
2,stage6_iv_regime_stability.mean[bucket=LOW_IV],FAIL,-0.0102786925716913,-0.0103908610838514,0.0001121685121601,1e-10
2,stage6_iv_regime_stability.mean[bucket=LOW_IV],FAIL,0.0012146800473316,0.0011324762406152,8.220380671639994e-05,1e-10
2,stage6_iv_regime_stability.mean[bucket=HIGH_IV],FAIL,0.0007332849339564,0.0005540493133583,0.0001792356205981,1e-10
2,stage6_iv_regime_stability.mean[bucket=LOW_IV],FAIL,-0.0004468715217596,-0.0004596326275057,1.2761105746099996e-05,1e-10
2,stage6_iv_regime_stability.mean[bucket=HIGH_IV],FAIL,0.0006366514708198,0.0007391613194324,0.0001025098486125,1e-10
2,stage6_iv_regime_stability.mean[bucket=LOW_IV],FAIL,-0.0001311249714499,-1.4018014544900703e-05,0.0001171069569049,1e-10
2,stage6_iv_regime_stability.mean[bucket=HIGH_IV],FAIL,-0.0123398775611324,-0.0112000651914293,0.0011398123697031,1e-10
2,stage6_iv_regime_stability.mean[bucket=HIGH_IV],FAIL,-0.0016460958691803,-0.0004344204702073,0.001211675398973,1e-10
2,stage6_iv_regime_stability.mean[bucket=LOW_IV],FAIL,-0.0142137770075814,-0.0138959127922279,0.0003178642153534,1e-10
2,stage6_iv_regime_stability.mean[bucket=LOW_IV],FAIL,-0.0041434292412468,-0.0037543000431437,0.0003891291981031,1e-10
2,stage6_iv_regime_stability.mean[bucket=HIGH_IV],FAIL,-0.0135050035400241,-0.011723249024564,0.0017817545154601,1e-10
2,stage6_iv_regime_stability.mean[bucket=HIGH_IV],FAIL,-0.0026866258414608,-0.0008134875731724,0.0018731382682884,1e-10
2,stage6_iv_regime_stability.mean[bucket=LOW_IV],FAIL,-0.0139673915011314,-0.0137477874368457,0.0002196040642857,1e-10
2,stage6_iv_regime_stability.mean[bucket=LOW_IV],FAIL,-0.0038011223797232,-0.003506651989734,0.0002944703899892,1e-10
2,stage6_iv_regime_stability.mean[bucket=HIGH_IV],FAIL,0.0003002118628612,0.0004373371624384,0.0001371252995772,1e-10
2,stage6_iv_regime_stability.mean[bucket=LOW_IV],FAIL,-0.0001908500364151,-0.0001380360847254,5.28139516897e-05,1e-10
2,stage6_iv_regime_stability.median[bucket=HIGH_IV],FAIL,0.0004802179572769,0.0006127375607524,0.0001325196034755,1e-10
2,stage6_iv_regime_stability.median[bucket=LOW_IV],FAIL,0.0002887743593242,0.000324203635767,3.542927644279998e-05,1e-10
2,stage6_iv_regime_stability.median[bucket=HIGH_IV],FAIL,-0.0086430286942232,-0.0082228484316533,0.0004201802625699,1e-10
2,stage6_iv_regime_stability.median[bucket=HIGH_IV],FAIL,0.0015588160791878,0.0013002472301071,0.0002585688490806,1e-10
2,stage6_iv_regime_stability.median[bucket=LOW_IV],FAIL,-0.0103849349210744,-0.0096970445631697,0.0006878903579046,1e-10
2,stage6_iv_regime_stability.median[bucket=LOW_IV],FAIL,-0.0002430771624144,-9.83477576711523e-05,0.0001447294047432,1e-10
2,stage6_iv_regime_stability.median[bucket=HIGH_IV],FAIL,-0.0104299077587311,-0.0082425702130576,0.0021873375456734,1e-10
2,stage6_iv_regime_stability.median[bucket=HIGH_IV],FAIL,0.0001882009236909,0.000759599150441,0.00057139822675,1e-10
2,stage6_iv_regime_stability.median[bucket=LOW_IV],FAIL,-0.0107228524624559,-0.0093145226802531,0.0014083297822027,1e-10
2,stage6_iv_regime_stability.median[bucket=LOW_IV],FAIL,-0.0012189867281034,-0.0001244314532579,0.0010945552748455,1e-10
2,stage6_iv_regime_stability.median[bucket=HIGH_IV],FAIL,0.0002221968029121,0.0003738447910318,0.0001516479881196,1e-10
2,stage6_iv_regime_stability.median[bucket=LOW_IV],FAIL,0.0002522000687026,0.0001435510476311,0.0001086490210714,1e-10
2,stage6_iv_regime_stability.median[bucket=HIGH_IV],FAIL,0.0011387745395208,0.0013067235433512,0.0001679490038304,1e-10
2,stage6_iv_regime_stability.median[bucket=LOW_IV],PASS,-0.0003334671948369,-0.0003334671948369,0.0,1e-10
2,stage6_iv_regime_stability.median[bucket=HIGH_IV],FAIL,-0.0129668780831571,-0.0152652494795937,0.0022983713964365,1e-10
2,stage6_iv_regime_stability.median[bucket=HIGH_IV],FAIL,-0.0026980079092286,-0.0036039006925142,0.0009058927832855,1e-10
2,stage6_iv_regime_stability.median[bucket=LOW_IV],FAIL,-0.0098815251694345,-0.01037531047701,0.0004937853075754,1e-10
2,stage6_iv_regime_stability.median[bucket=LOW_IV],FAIL,9.463199981075943e-05,1.2322175603323029e-05,8.23098242074364e-05,1e-10
2,stage6_iv_regime_stability.median[bucket=HIGH_IV],FAIL,-0.0167907183900776,-0.0169213541940665,0.0001306358039889,1e-10
2,stage6_iv_regime_stability.median[bucket=HIGH_IV],FAIL,-0.0068802385109671,-0.0065842036268186,0.0002960348841484,1e-10
2,stage6_iv_regime_stability.median[bucket=LOW_IV],FAIL,-0.0110258872291019,-0.0104617546353661,0.0005641325937358,1e-10
2,stage6_iv_regime_stability.median[bucket=LOW_IV],FAIL,7.39598903698324e-05,0.0002776577846967,0.0002036978943268,1e-10
2,stage6_iv_regime_stability.median[bucket=HIGH_IV],FAIL,0.0003379118772246,0.0005444194822246,0.0002065076049999,1e-10
2,stage6_iv_regime_stability.median[bucket=LOW_IV],FAIL,-0.0004435034649571,-0.0003669977755671,7.650568938999999e-05,1e-10
2,stage6_iv_regime_stability.median[bucket=HIGH_IV],FAIL,0.0002135357964152,0.0001026863021406,0.0001108494942746,1e-10
2,stage6_iv_regime_stability.median[bucket=LOW_IV],FAIL,-5.746529571142098e-05,6.463479680792067e-05,0.0001221000925193,1e-10
2,stage6_iv_regime_stability.median[bucket=HIGH_IV],FAIL,-0.008720930232558,-0.0099090673935969,0.0011881371610388,1e-10
2,stage6_iv_regime_stability.median[bucket=HIGH_IV],FAIL,0.0014223766760979,0.0014296311281946,7.254452096699861e-06,1e-10
2,stage6_iv_regime_stability.median[bucket=LOW_IV],FAIL,-0.0096196959197815,-0.0103484991685309,0.0007288032487493,1e-10
2,stage6_iv_regime_stability.median[bucket=LOW_IV],FAIL,-8.584673496251006e-05,-0.0003645828058697,0.0002787360709071,1e-10
2,stage6_iv_regime_stability.median[bucket=HIGH_IV],FAIL,-0.0076702591850213,-0.0082445541531232,0.0005742949681018,1e-10
2,stage6_iv_regime_stability.median[bucket=HIGH_IV],FAIL,0.0033995109992208,0.0024888698728537,0.0009106411263671,1e-10
2,stage6_iv_regime_stability.median[bucket=LOW_IV],FAIL,-0.0100262118590198,-0.0102598644335146,0.0002336525744947,1e-10
2,stage6_iv_regime_stability.median[bucket=LOW_IV],FAIL,-0.0002736405657215,-0.0004402152319614,0.0001665746662399,1e-10
2,stage6_iv_regime_stability.median[bucket=HIGH_IV],FAIL,0.0002293740740027,0.0002759918645929,4.661779059019999e-05,1e-10
2,stage6_iv_regime_stability.median[bucket=LOW_IV],FAIL,-0.0001765576022645,-0.0001880298105939,1.147220832940001e-05,1e-10
2,stage6_iv_regime_stability.HAC_standard_error[bucket=HIGH_IV],FAIL,0.0008633303050782,0.0005900578945471,0.0002732724105311,1e-10
2,stage6_iv_regime_stability.HAC_standard_error[bucket=LOW_IV],FAIL,0.0003354826730068,0.0002173843886227,0.000118098284384,1e-10
2,stage6_iv_regime_stability.HAC_standard_error[bucket=HIGH_IV],FAIL,0.0041595232948808,0.0038847937996186,0.0002747294952622,1e-10
2,stage6_iv_regime_stability.HAC_standard_error[bucket=HIGH_IV],FAIL,0.0043653927544211,0.0041936786803018,0.0001717140741193,1e-10
2,stage6_iv_regime_stability.HAC_standard_error[bucket=LOW_IV],FAIL,0.0018643996338229,0.0020035879193318,0.0001391882855089,1e-10
2,stage6_iv_regime_stability.HAC_standard_error[bucket=LOW_IV],FAIL,0.0018817370404301,0.0019620449649172,8.030792448709989e-05,1e-10
2,stage6_iv_regime_stability.HAC_standard_error[bucket=HIGH_IV],FAIL,0.0042534144761823,0.0044738802845851,0.0002204658084027,1e-10
2,stage6_iv_regime_stability.HAC_standard_error[bucket=HIGH_IV],FAIL,0.0045405815340532,0.0048108556231086,0.0002702740890553,1e-10
2,stage6_iv_regime_stability.HAC_standard_error[bucket=LOW_IV],FAIL,0.0018599918966888,0.0019770982088859,0.0001171063121971,1e-10
2,stage6_iv_regime_stability.HAC_standard_error[bucket=LOW_IV],FAIL,0.0019050044964989,0.0019596000091192,5.459551262029989e-05,1e-10
2,stage6_iv_regime_stability.HAC_standard_error[bucket=HIGH_IV],FAIL,0.0008510626478108,0.0004656155052157,0.0003854471425951,1e-10
2,stage6_iv_regime_stability.HAC_standard_error[bucket=LOW_IV],FAIL,0.0003867887301932,0.0002179063253108,0.0001688824048824,1e-10
2,stage6_iv_regime_stability.HAC_standard_error[bucket=HIGH_IV],FAIL,0.001235370054844,0.0012533284464782,1.7958391634200106e-05,1e-10
2,stage6_iv_regime_stability.HAC_standard_error[bucket=LOW_IV],FAIL,0.0003572587667064,0.0003647049288533,7.446162146900002e-06,1e-10
2,stage6_iv_regime_stability.HAC_standard_error[bucket=HIGH_IV],FAIL,0.0057973222278479,0.0062799972613431,0.0004826750334951,1e-10
2,stage6_iv_regime_stability.HAC_standard_error[bucket=HIGH_IV],FAIL,0.0056757591905528,0.0061895963216772,0.0005138371311244,1e-10
2,stage6_iv_regime_stability.HAC_standard_error[bucket=LOW_IV],FAIL,0.0023635955809124,0.0023634823549279,1.1322598449971245e-07,1e-10
2,stage6_iv_regime_stability.HAC_standard_error[bucket=LOW_IV],FAIL,0.0024144154856859,0.0023996663741377,1.474911154820003e-05,1e-10
2,stage6_iv_regime_stability.HAC_standard_error[bucket=HIGH_IV],FAIL,0.0062586018463301,0.0068706556193881,0.000612053773058,1e-10
2,stage6_iv_regime_stability.HAC_standard_error[bucket=HIGH_IV],FAIL,0.0060979041215178,0.0068118336269163,0.0007139295053985,1e-10
2,stage6_iv_regime_stability.HAC_standard_error[bucket=LOW_IV],FAIL,0.0023606760061877,0.0023486533190574,1.2022687130300127e-05,1e-10
2,stage6_iv_regime_stability.HAC_standard_error[bucket=LOW_IV],FAIL,0.0024054315609646,0.0023782538207138,2.717774025079965e-05,1e-10
2,stage6_iv_regime_stability.HAC_standard_error[bucket=HIGH_IV],FAIL,0.000609203685307,0.0006576546136121,4.845092830510001e-05,1e-10
2,stage6_iv_regime_stability.HAC_standard_error[bucket=LOW_IV],FAIL,0.0003391220712998,0.0003417383397603,2.616268460499968e-06,1e-10
2,stage6_iv_regime_stability.HAC_standard_error[bucket=HIGH_IV],FAIL,0.0005076999566467,0.0005639915412403,5.629158459359996e-05,1e-10
2,stage6_iv_regime_stability.HAC_standard_error[bucket=LOW_IV],FAIL,0.0002151972565129,0.0002236816425966,8.484386083699986e-06,1e-10
2,stage6_iv_regime_stability.HAC_standard_error[bucket=HIGH_IV],FAIL,0.0032851723891765,0.0035129493107688,0.0002277769215923,1e-10
2,stage6_iv_regime_stability.HAC_standard_error[bucket=HIGH_IV],FAIL,0.0032868701404252,0.0036123056072085,0.0003254354667833,1e-10
2,stage6_iv_regime_stability.HAC_standard_error[bucket=LOW_IV],FAIL,0.0016945056672141,0.0016972702539421,2.764586728000104e-06,1e-10
2,stage6_iv_regime_stability.HAC_standard_error[bucket=LOW_IV],FAIL,0.0017325560598833,0.0017305585441435,1.997515739799935e-06,1e-10
2,stage6_iv_regime_stability.HAC_standard_error[bucket=HIGH_IV],FAIL,0.0036246252847623,0.003814440496117,0.0001898152113547,1e-10
2,stage6_iv_regime_stability.HAC_standard_error[bucket=HIGH_IV],FAIL,0.0035694240996932,0.0038346234410706,0.0002651993413773,1e-10
2,stage6_iv_regime_stability.HAC_standard_error[bucket=LOW_IV],FAIL,0.0016544962604398,0.0016500014944599,4.49476597990002e-06,1e-10
2,stage6_iv_regime_stability.HAC_standard_error[bucket=LOW_IV],FAIL,0.0017049283864626,0.0016962623235886,8.666062874000116e-06,1e-10
2,stage6_iv_regime_stability.HAC_standard_error[bucket=HIGH_IV],FAIL,0.0004673669853397,0.0004637860879832,3.580897356500023e-06,1e-10
2,stage6_iv_regime_stability.HAC_standard_error[bucket=LOW_IV],FAIL,0.0001975864418227,0.000211442218301,1.3855776478299988e-05,1e-10
2,stage6_iv_regime_stability.HAC_t_stat[bucket=HIGH_IV],FAIL,1.751834217742534,1.4729584733075047,0.2788757444350291,1e-10
2,stage6_iv_regime_stability.HAC_t_stat[bucket=LOW_IV],FAIL,0.3636365252072011,0.3678664069659506,0.0042298817587494,1e-10
2,stage6_iv_regime_stability.HAC_t_stat[bucket=HIGH_IV],FAIL,-2.6466788907209304,-2.045547153279854,0.6011317374410763,1e-10
2,stage6_iv_regime_stability.HAC_t_stat[bucket=HIGH_IV],FAIL,-0.0766694417770616,0.5407815007041668,0.6174509424812283,1e-10
2,stage6_iv_regime_stability.HAC_t_stat[bucket=LOW_IV],FAIL,-6.240742016448681,-6.1959091850611445,0.0448328313875361,1e-10
2,stage6_iv_regime_stability.HAC_t_stat[bucket=LOW_IV],FAIL,-0.6974246697318108,-1.152797386214733,0.4553727164829221,1e-10
2,stage6_iv_regime_stability.HAC_t_stat[bucket=HIGH_IV],FAIL,-2.0035688208117306,-1.4369154512604223,0.5666533695513083,1e-10
2,stage6_iv_regime_stability.HAC_t_stat[bucket=HIGH_IV],FAIL,0.5496970896465764,0.8121840054773731,0.2624869158307967,1e-10
2,stage6_iv_regime_stability.HAC_t_stat[bucket=LOW_IV],FAIL,-5.7428114707075215,-5.788675723469233,0.0458642527617119,1e-10
2,stage6_iv_regime_stability.HAC_t_stat[bucket=LOW_IV],FAIL,-0.0337106017108899,-0.6172406392330627,0.5835300375221728,1e-10
2,stage6_iv_regime_stability.HAC_t_stat[bucket=HIGH_IV],FAIL,-0.5336247774317786,1.7714353460131032,2.305060123444882,1e-10
2,stage6_iv_regime_stability.HAC_t_stat[bucket=LOW_IV],FAIL,1.2557538025884905,1.4407208619011138,0.1849670593126233,1e-10
2,stage6_iv_regime_stability.HAC_t_stat[bucket=HIGH_IV],FAIL,2.412411719777537,2.512890697396907,0.1004789776193697,1e-10
2,stage6_iv_regime_stability.HAC_t_stat[bucket=LOW_IV],FAIL,-1.1572097726538375,-1.138060777785152,0.0191489948686855,1e-10
2,stage6_iv_regime_stability.HAC_t_stat[bucket=HIGH_IV],FAIL,-3.0571318162472783,-2.7872186668349217,0.2699131494123565,1e-10
2,stage6_iv_regime_stability.HAC_t_stat[bucket=HIGH_IV],FAIL,-1.011285029971803,-0.8971388632442453,0.1141461667275577,1e-10
2,stage6_iv_regime_stability.HAC_t_stat[bucket=LOW_IV],FAIL,-4.433827574313878,-4.511734588332684,0.0779070140188054,1e-10
2,stage6_iv_regime_stability.HAC_t_stat[bucket=LOW_IV],FAIL,0.2992334697501139,0.2131723843600707,0.0860610853900432,1e-10
2,stage6_iv_regime_stability.HAC_t_stat[bucket=HIGH_IV],FAIL,-3.5521111679519275,-3.107297797068308,0.4448133708836193,1e-10
2,stage6_iv_regime_stability.HAC_t_stat[bucket=HIGH_IV],FAIL,-1.6001937028634745,-1.2836756249681185,0.316518077895356,1e-10
2,stage6_iv_regime_stability.HAC_t_stat[bucket=LOW_IV],FAIL,-4.354130996693003,-4.424178315095571,0.070047318402568,1e-10
2,stage6_iv_regime_stability.HAC_t_stat[bucket=LOW_IV],FAIL,0.5049738546061818,0.4761797209161222,0.0287941336900596,1e-10
2,stage6_iv_regime_stability.HAC_t_stat[bucket=HIGH_IV],FAIL,1.2036777709032418,0.8424624444057897,0.3612153264974521,1e-10
2,stage6_iv_regime_stability.HAC_t_stat[bucket=LOW_IV],FAIL,-1.317730574264507,-1.344984082933278,0.027253508668771,1e-10
2,stage6_iv_regime_stability.HAC_t_stat[bucket=HIGH_IV],FAIL,1.2539915800365204,1.3105893712641647,0.0565977912276443,1e-10
2,stage6_iv_regime_stability.HAC_t_stat[bucket=LOW_IV],FAIL,-0.6093245498322465,-0.0626694903621443,0.5466550594701022,1e-10
2,stage6_iv_regime_stability.HAC_t_stat[bucket=HIGH_IV],FAIL,-3.756234406994243,-3.188222829488593,0.5680115775056498,1e-10
2,stage6_iv_regime_stability.HAC_t_stat[bucket=HIGH_IV],FAIL,-0.500809523605762,-0.1202612728392865,0.3805482507664755,1e-10
2,stage6_iv_regime_stability.HAC_t_stat[bucket=LOW_IV],FAIL,-8.388155485457482,-8.187212825979309,0.2009426594781729,1e-10
2,stage6_iv_regime_stability.HAC_t_stat[bucket=LOW_IV],FAIL,-2.391512365565643,-2.16941521906255,0.2220971465030929,1e-10
2,stage6_iv_regime_stability.HAC_t_stat[bucket=HIGH_IV],FAIL,-3.725903363527811,-3.0733862637254075,0.6525170998024037,1e-10
2,stage6_iv_regime_stability.HAC_t_stat[bucket=HIGH_IV],FAIL,-0.7526776775255579,-0.2121427529127262,0.5405349246128317,1e-10
2,stage6_iv_regime_stability.HAC_t_stat[bucket=LOW_IV],FAIL,-8.44208103402935,-8.331984839410715,0.1100961946186345,1e-10
2,stage6_iv_regime_stability.HAC_t_stat[bucket=LOW_IV],FAIL,-2.22949093340499,-2.067281658603021,0.162209274801969,1e-10
2,stage6_iv_regime_stability.HAC_t_stat[bucket=HIGH_IV],FAIL,0.6423471752994437,0.9429717142663552,0.3006245389669114,1e-10
2,stage6_iv_regime_stability.HAC_t_stat[bucket=LOW_IV],FAIL,-0.9659065402187522,-0.652831236044406,0.3130753041743462,1e-10
2,stage6_iv_regime_stability.raw_p[bucket=HIGH_IV],FAIL,0.0798023185518035,0.1407622335096295,0.0609599149578259,1e-10
2,stage6_iv_regime_stability.raw_p[bucket=LOW_IV],FAIL,0.7161294481883361,0.7129728498462266,0.0031565983421095,1e-10
2,stage6_iv_regime_stability.raw_p[bucket=HIGH_IV],FAIL,0.0081286498699175,0.0408009454268709,0.0326722955569534,1e-10
2,stage6_iv_regime_stability.raw_p[bucket=HIGH_IV],FAIL,0.9388865148924286,0.5886581951698378,0.3502283197225908,1e-10
2,stage6_iv_regime_stability.raw_p[bucket=LOW_IV],FAIL,4.3550000803749387e-10,5.794953402581723e-10,1.4399533222067844e-10,1e-10
2,stage6_iv_regime_stability.raw_p[bucket=LOW_IV],FAIL,0.4855370672282874,0.2489935574857339,0.2365435097425534,1e-10
2,stage6_iv_regime_stability.raw_p[bucket=HIGH_IV],FAIL,0.0451162685837727,0.1507420189817671,0.1056257503979943,1e-10
2,stage6_iv_regime_stability.raw_p[bucket=HIGH_IV],FAIL,0.5825271533698205,0.4166860558744752,0.1658410974953453,1e-10
2,stage6_iv_regime_stability.raw_p[bucket=LOW_IV],FAIL,9.311738260797962e-09,7.09435059492585e-09,2.217387665872112e-09,1e-10
2,stage6_iv_regime_stability.raw_p[bucket=LOW_IV],FAIL,0.9731079248359034,0.5370760141159089,0.4360319107199945,1e-10
2,stage6_iv_regime_stability.raw_p[bucket=HIGH_IV],FAIL,0.593601162156565,0.076488335201365,0.5171128269552,1e-10
2,stage6_iv_regime_stability.raw_p[bucket=LOW_IV],FAIL,0.2092052457512077,0.1496635587030319,0.0595416870481757,1e-10
2,stage6_iv_regime_stability.raw_p[bucket=HIGH_IV],FAIL,0.0158473746816337,0.01197464293509,0.0038727317465436,1e-10
2,stage6_iv_regime_stability.raw_p[bucket=LOW_IV],FAIL,0.2471866659779875,0.255095104493708,0.0079084385157204,1e-10
2,stage6_iv_regime_stability.raw_p[bucket=HIGH_IV],FAIL,0.0022346598210301,0.0053162592760964,0.0030815994550663,1e-10
2,stage6_iv_regime_stability.raw_p[bucket=HIGH_IV],FAIL,0.3118800288852027,0.3696448232544509,0.0577647943692481,1e-10
2,stage6_iv_regime_stability.raw_p[bucket=LOW_IV],FAIL,9.257467418717031e-06,6.429961588371645e-06,2.827505830345386e-06,1e-10
2,stage6_iv_regime_stability.raw_p[bucket=LOW_IV],FAIL,0.7647619133924117,0.8311925072995358,0.066430593907124,1e-10
2,stage6_iv_regime_stability.raw_p[bucket=HIGH_IV],FAIL,0.0003821533682846,0.0018880609826947,0.0015059076144101,1e-10
2,stage6_iv_regime_stability.raw_p[bucket=HIGH_IV],FAIL,0.1095556186910454,0.1992554765789452,0.0896998578878998,1e-10
2,stage6_iv_regime_stability.raw_p[bucket=LOW_IV],FAIL,1.3359580584706229e-05,9.6810036364566e-06,3.6785769482496287e-06,1e-10
2,stage6_iv_regime_stability.raw_p[bucket=LOW_IV],FAIL,0.613577199675684,0.633946345542301,0.0203691458666169,1e-10
2,stage6_iv_regime_stability.raw_p[bucket=HIGH_IV],FAIL,0.2287141472478534,0.3995291527501585,0.170815005502305,1e-10
2,stage6_iv_regime_stability.raw_p[bucket=LOW_IV],FAIL,0.1875938558092691,0.1786303748034974,0.0089634810057717,1e-10
2,stage6_iv_regime_stability.raw_p[bucket=HIGH_IV],FAIL,0.2098450658818554,0.189996532070083,0.0198485338117724,1e-10
2,stage6_iv_regime_stability.raw_p[bucket=LOW_IV],FAIL,0.5423093377449711,0.9500296927845018,0.4077203550395306,1e-10
2,stage6_iv_regime_stability.raw_p[bucket=HIGH_IV],FAIL,0.0001724891425986,0.0014315017532298,0.0012590126106312,1e-10
2,stage6_iv_regime_stability.raw_p[bucket=HIGH_IV],FAIL,0.616505182472293,0.9042761812026504,0.2877709987303574,1e-10
2,stage6_iv_regime_stability.raw_p[bucket=LOW_IV],PASS,4.9382880944532873e-17,2.6734516808743733e-16,2.1796228714290446e-16,1e-10
2,stage6_iv_regime_stability.raw_p[bucket=LOW_IV],FAIL,0.0167791187341037,0.0300511745647092,0.0132720558306054,1e-10
2,stage6_iv_regime_stability.raw_p[bucket=HIGH_IV],FAIL,0.0001946169600484,0.0021164434709572,0.0019218265109087,1e-10
2,stage6_iv_regime_stability.raw_p[bucket=HIGH_IV],FAIL,0.4516436270829553,0.8319956666864117,0.3803520396034563,1e-10
2,stage6_iv_regime_stability.raw_p[bucket=LOW_IV],PASS,3.117371118533655e-17,7.949813077787851e-17,4.832441959254196e-17,1e-10
2,stage6_iv_regime_stability.raw_p[bucket=LOW_IV],FAIL,0.0257812578981374,0.0387076215008219,0.0129263636026845,1e-10
2,stage6_iv_regime_stability.raw_p[bucket=HIGH_IV],FAIL,0.5206477901172846,0.3456953711507524,0.1749524189665321,1e-10
2,stage6_iv_regime_stability.raw_p[bucket=LOW_IV],FAIL,0.3340909493988886,0.5138650838414185,0.1797741344425298,1e-10
2,stage6_iv_regime_stability.HAC_lag[bucket=HIGH_IV],PASS,5,5,0.0,1e-10
2,stage6_iv_regime_stability.HAC_lag[bucket=LOW_IV],PASS,5,5,0.0,1e-10
2,stage6_iv_regime_stability.HAC_lag[bucket=HIGH_IV],PASS,5,5,0.0,1e-10
2,stage6_iv_regime_stability.HAC_lag[bucket=HIGH_IV],PASS,5,5,0.0,1e-10
2,stage6_iv_regime_stability.HAC_lag[bucket=LOW_IV],PASS,5,5,0.0,1e-10
2,stage6_iv_regime_stability.HAC_lag[bucket=LOW_IV],PASS,5,5,0.0,1e-10
2,stage6_iv_regime_stability.HAC_lag[bucket=HIGH_IV],PASS,5,5,0.0,1e-10
2,stage6_iv_regime_stability.HAC_lag[bucket=HIGH_IV],PASS,5,5,0.0,1e-10
2,stage6_iv_regime_stability.HAC_lag[bucket=LOW_IV],PASS,5,5,0.0,1e-10
2,stage6_iv_regime_stability.HAC_lag[bucket=LOW_IV],PASS,5,5,0.0,1e-10
2,stage6_iv_regime_stability.HAC_lag[bucket=HIGH_IV],PASS,5,5,0.0,1e-10
2,stage6_iv_regime_stability.HAC_lag[bucket=LOW_IV],PASS,5,5,0.0,1e-10
2,stage6_iv_regime_stability.HAC_lag[bucket=HIGH_IV],PASS,5,5,0.0,1e-10
2,stage6_iv_regime_stability.HAC_lag[bucket=LOW_IV],PASS,5,5,0.0,1e-10
2,stage6_iv_regime_stability.HAC_lag[bucket=HIGH_IV],PASS,5,5,0.0,1e-10
2,stage6_iv_regime_stability.HAC_lag[bucket=HIGH_IV],PASS,5,5,0.0,1e-10
2,stage6_iv_regime_stability.HAC_lag[bucket=LOW_IV],PASS,5,5,0.0,1e-10
2,stage6_iv_regime_stability.HAC_lag[bucket=LOW_IV],PASS,5,5,0.0,1e-10
2,stage6_iv_regime_stability.HAC_lag[bucket=HIGH_IV],PASS,5,5,0.0,1e-10
2,stage6_iv_regime_stability.HAC_lag[bucket=HIGH_IV],PASS,5,5,0.0,1e-10
2,stage6_iv_regime_stability.HAC_lag[bucket=LOW_IV],PASS,5,5,0.0,1e-10
2,stage6_iv_regime_stability.HAC_lag[bucket=LOW_IV],PASS,5,5,0.0,1e-10
2,stage6_iv_regime_stability.HAC_lag[bucket=HIGH_IV],PASS,5,5,0.0,1e-10
2,stage6_iv_regime_stability.HAC_lag[bucket=LOW_IV],PASS,5,5,0.0,1e-10
2,stage6_iv_regime_stability.HAC_lag[bucket=HIGH_IV],PASS,5,5,0.0,1e-10
2,stage6_iv_regime_stability.HAC_lag[bucket=LOW_IV],PASS,5,5,0.0,1e-10
2,stage6_iv_regime_stability.HAC_lag[bucket=HIGH_IV],PASS,5,5,0.0,1e-10
2,stage6_iv_regime_stability.HAC_lag[bucket=HIGH_IV],PASS,5,5,0.0,1e-10
2,stage6_iv_regime_stability.HAC_lag[bucket=LOW_IV],PASS,5,5,0.0,1e-10
2,stage6_iv_regime_stability.HAC_lag[bucket=LOW_IV],PASS,5,5,0.0,1e-10
2,stage6_iv_regime_stability.HAC_lag[bucket=HIGH_IV],PASS,5,5,0.0,1e-10
2,stage6_iv_regime_stability.HAC_lag[bucket=HIGH_IV],PASS,5,5,0.0,1e-10
2,stage6_iv_regime_stability.HAC_lag[bucket=LOW_IV],PASS,5,5,0.0,1e-10
2,stage6_iv_regime_stability.HAC_lag[bucket=LOW_IV],PASS,5,5,0.0,1e-10
2,stage6_iv_regime_stability.HAC_lag[bucket=HIGH_IV],PASS,5,5,0.0,1e-10
2,stage6_iv_regime_stability.HAC_lag[bucket=LOW_IV],PASS,5,5,0.0,1e-10
2,stage6_iv_regime_stability.n_days[bucket=HIGH_IV],PASS,71,71,0.0,1e-10
2,stage6_iv_regime_stability.n_days[bucket=LOW_IV],PASS,337,337,0.0,1e-10
2,stage6_iv_regime_stability.n_days[bucket=HIGH_IV],PASS,71,71,0.0,1e-10
2,stage6_iv_regime_stability.n_days[bucket=HIGH_IV],PASS,71,71,0.0,1e-10
2,stage6_iv_regime_stability.n_days[bucket=LOW_IV],PASS,337,337,0.0,1e-10
2,stage6_iv_regime_stability.n_days[bucket=LOW_IV],PASS,337,337,0.0,1e-10
2,stage6_iv_regime_stability.n_days[bucket=HIGH_IV],PASS,71,71,0.0,1e-10
2,stage6_iv_regime_stability.n_days[bucket=HIGH_IV],PASS,71,71,0.0,1e-10
2,stage6_iv_regime_stability.n_days[bucket=LOW_IV],PASS,337,337,0.0,1e-10
2,stage6_iv_regime_stability.n_days[bucket=LOW_IV],PASS,337,337,0.0,1e-10
2,stage6_iv_regime_stability.n_days[bucket=HIGH_IV],PASS,71,71,0.0,1e-10
2,stage6_iv_regime_stability.n_days[bucket=LOW_IV],PASS,337,337,0.0,1e-10
2,stage6_iv_regime_stability.n_days[bucket=HIGH_IV],PASS,71,71,0.0,1e-10
2,stage6_iv_regime_stability.n_days[bucket=LOW_IV],PASS,337,337,0.0,1e-10
2,stage6_iv_regime_stability.n_days[bucket=HIGH_IV],PASS,71,71,0.0,1e-10
2,stage6_iv_regime_stability.n_days[bucket=HIGH_IV],PASS,71,71,0.0,1e-10
2,stage6_iv_regime_stability.n_days[bucket=LOW_IV],PASS,337,337,0.0,1e-10
2,stage6_iv_regime_stability.n_days[bucket=LOW_IV],PASS,337,337,0.0,1e-10
2,stage6_iv_regime_stability.n_days[bucket=HIGH_IV],PASS,71,71,0.0,1e-10
2,stage6_iv_regime_stability.n_days[bucket=HIGH_IV],PASS,71,71,0.0,1e-10
2,stage6_iv_regime_stability.n_days[bucket=LOW_IV],PASS,337,337,0.0,1e-10
2,stage6_iv_regime_stability.n_days[bucket=LOW_IV],PASS,337,337,0.0,1e-10
2,stage6_iv_regime_stability.n_days[bucket=HIGH_IV],PASS,71,71,0.0,1e-10
2,stage6_iv_regime_stability.n_days[bucket=LOW_IV],PASS,337,337,0.0,1e-10
2,stage6_iv_regime_stability.n_days[bucket=HIGH_IV],PASS,71,71,0.0,1e-10
2,stage6_iv_regime_stability.n_days[bucket=LOW_IV],PASS,337,337,0.0,1e-10
2,stage6_iv_regime_stability.n_days[bucket=HIGH_IV],PASS,71,71,0.0,1e-10
2,stage6_iv_regime_stability.n_days[bucket=HIGH_IV],PASS,71,71,0.0,1e-10
2,stage6_iv_regime_stability.n_days[bucket=LOW_IV],PASS,337,337,0.0,1e-10
2,stage6_iv_regime_stability.n_days[bucket=LOW_IV],PASS,337,337,0.0,1e-10
2,stage6_iv_regime_stability.n_days[bucket=HIGH_IV],PASS,71,71,0.0,1e-10
2,stage6_iv_regime_stability.n_days[bucket=HIGH_IV],PASS,71,71,0.0,1e-10
2,stage6_iv_regime_stability.n_days[bucket=LOW_IV],PASS,337,337,0.0,1e-10
2,stage6_iv_regime_stability.n_days[bucket=LOW_IV],PASS,337,337,0.0,1e-10
2,stage6_iv_regime_stability.n_days[bucket=HIGH_IV],PASS,71,71,0.0,1e-10
2,stage6_iv_regime_stability.n_days[bucket=LOW_IV],PASS,337,337,0.0,1e-10
2,stage6_full_chain_summary.row_keys,PASS,3,3,0.0,0.0
2,stage6_full_chain_summary.RMSE,FAIL,0.0113478818321311,0.0113607169144795,1.2835082348399904e-05,1e-10
2,stage6_full_chain_summary.RMSE,FAIL,0.0114825075677924,0.011497447586425,1.4940018632600416e-05,1e-10
2,stage6_full_chain_summary.RMSE,FAIL,0.0117516095015049,0.0117769910013913,2.538149988640104e-05,1e-10
2,stage6_full_chain_summary.MAE,FAIL,0.0079028803668153,0.0079107075322488,7.827165433500413e-06,1e-10
2,stage6_full_chain_summary.MAE,FAIL,0.0081158804362621,0.0081282155885385,1.2335152276400294e-05,1e-10
2,stage6_full_chain_summary.MAE,FAIL,0.0083861133492362,0.0084083584150362,2.2245065799999728e-05,1e-10
2,stage6_full_chain_summary.QLIKE,FAIL,0.0098672672227345,0.0098587716276169,8.495595117600022e-06,1e-10
2,stage6_full_chain_summary.QLIKE,FAIL,0.0099980502251664,0.0099955298998663,2.520325300100004e-06,1e-10
2,stage6_full_chain_summary.QLIKE,FAIL,0.0103156163802159,0.0103355672829213,1.9950902705399492e-05,1e-10
2,stage6_full_chain_summary.forecast_Rank_IC,FAIL,0.3950694489458431,0.3959055702459068,0.0008361213000636,1e-10
2,stage6_full_chain_summary.forecast_Rank_IC,FAIL,0.3892051614025007,0.3890223045375789,0.0001828568649218,1e-10
2,stage6_full_chain_summary.forecast_Rank_IC,FAIL,0.3716514882150696,0.3720504720957883,0.0003989838807186,1e-10
2,stage6_full_chain_summary.holding_period_Rank_IC,FAIL,0.0267961122177647,0.0286845392075525,0.0018884269897878,1e-10
2,stage6_full_chain_summary.holding_period_Rank_IC,FAIL,0.0767220279437688,0.0770841777466679,0.0003621498028991,1e-10
2,stage6_full_chain_summary.holding_period_Rank_IC,FAIL,0.0656626040266022,0.0654357392025398,0.0002268648240624,1e-10
2,stage6_full_chain_summary.holding_IV_top_minus_bottom,FAIL,0.0007572254634217,0.0008823303990782,0.0001251049356565,1e-10
2,stage6_full_chain_summary.holding_IV_top_minus_bottom,FAIL,0.0029075370402968,0.0029616810472344,5.4144006937599694e-05,1e-10
2,stage6_full_chain_summary.holding_IV_top_minus_bottom,FAIL,0.0026032256989412,0.0025555882954349,4.763740350629967e-05,1e-10
2,stage6_full_chain_summary.original_MID_mean,FAIL,-0.0011422347599463,-0.0014735829660767,0.0003313482061304,1e-10
2,stage6_full_chain_summary.original_MID_mean,FAIL,-0.0004020902436368,-0.0005437940903798,0.000141703846743,1e-10
2,stage6_full_chain_summary.original_MID_mean,FAIL,-0.0037088442671862,-0.0031765759017749,0.0005322683654113,1e-10
2,stage6_full_chain_summary.original_BID_ASK_mean,FAIL,-0.0115262461039117,-0.0116366127323801,0.0001103666284683,1e-10
2,stage6_full_chain_summary.original_BID_ASK_mean,FAIL,-0.0117402694055723,-0.0118537549814171,0.0001134855758447,1e-10
2,stage6_full_chain_summary.original_BID_ASK_mean,FAIL,-0.0138876817607729,-0.0134267824499321,0.0004608993108408,1e-10
2,stage6_full_chain_summary.delta_neutral_MID_mean,FAIL,0.0003639537165875,0.0002172981386532,0.0001466555779342,1e-10
2,stage6_full_chain_summary.delta_neutral_MID_mean,FAIL,0.0001771373549001,0.00020524239362,2.8105038719899983e-05,1e-10
2,stage6_full_chain_summary.delta_neutral_MID_mean,FAIL,2.48318394507957e-06,0.0001170499577893,0.0001145667738442,1e-10
2,stage6_full_chain_summary.vega_balanced_MID_mean,FAIL,0.000381299766061,-0.0003191134451292,0.0007004132111902,1e-10
2,stage6_full_chain_summary.vega_balanced_MID_mean,FAIL,-0.0006947514611259,-0.0005862564384206,0.0001084950227053,1e-10
2,stage6_full_chain_summary.vega_balanced_MID_mean,FAIL,-0.0036071781291922,-0.0030379885741069,0.0005691895550852,1e-10
2,stage6_full_chain_summary.joint_MID_mean,FAIL,0.0003221574310725,0.0004028428157985,8.068538472599996e-05,1e-10
2,stage6_full_chain_summary.joint_MID_mean,FAIL,-0.0002415011581424,-0.0002832320936788,4.173093553639997e-05,1e-10
2,stage6_full_chain_summary.joint_MID_mean,FAIL,-0.0001053956372763,-3.790985789056032e-05,6.748577938573967e-05,1e-10
2,stage6_full_chain_summary.holm_adjusted_p,FAIL,1.0,0.5226430327716456,0.4773569672283544,1e-10
2,stage6_full_chain_summary.holm_adjusted_p,PASS,1.0,1.0,0.0,1e-10
2,stage6_full_chain_summary.holm_adjusted_p,PASS,1.0,1.0,0.0,1e-10
2,stage6_full_chain_summary.holm_reject_5pct,PASS,False,False,0.0,1e-10
2,stage6_full_chain_summary.holm_reject_5pct,PASS,False,False,0.0,1e-10
2,stage6_full_chain_summary.holm_reject_5pct,PASS,False,False,0.0,1e-10
2,stage6_full_chain_summary.BH_adjusted_p,FAIL,0.9316136475128054,0.2565096510735832,0.6751039964392223,1e-10
2,stage6_full_chain_summary.BH_adjusted_p,FAIL,0.9316136475128054,0.7612383533736414,0.1703752941391639,1e-10
2,stage6_full_chain_summary.BH_adjusted_p,FAIL,0.9316136475128054,0.8583008270655798,0.0733128204472256,1e-10
2,stage6_full_chain_summary.BH_reject_5pct,PASS,False,False,0.0,1e-10
2,stage6_full_chain_summary.BH_reject_5pct,PASS,False,False,0.0,1e-10
2,stage6_full_chain_summary.BH_reject_5pct,PASS,False,False,0.0,1e-10
2,stage6_full_chain_summary.delta_neutral_break_even_bps_per_side,FAIL,0.5390846592379317,0.3545725608811254,0.1845120983568063,1e-10
2,stage6_full_chain_summary.delta_neutral_break_even_bps_per_side,FAIL,0.2125806549324875,0.2445426663212269,0.0319620113887393,1e-10
2,stage6_full_chain_summary.delta_neutral_break_even_bps_per_side,FAIL,0.003901198442344,0.1816843846729139,0.1777831862305699,1e-10
2,stage6_full_chain_summary.joint_break_even_bps_per_side,FAIL,0.4985579672665678,0.6550359854342064,0.1564780181676385,1e-10
2,stage6_full_chain_summary.joint_break_even_bps_per_side,PASS,0.0,0.0,0.0,1e-10
2,stage6_full_chain_summary.joint_break_even_bps_per_side,PASS,0.0,0.0,0.0,1e-10
2,stage6_model_ranking.row_keys,PASS,3,3,0.0,0.0
2,stage6_model_ranking.RMSE_rank,PASS,1,1,0.0,1e-10
2,stage6_model_ranking.RMSE_rank,PASS,2,2,0.0,1e-10
2,stage6_model_ranking.RMSE_rank,PASS,3,3,0.0,1e-10
2,stage6_model_ranking.forecast_Rank_IC_rank,PASS,1,1,0.0,1e-10
2,stage6_model_ranking.forecast_Rank_IC_rank,PASS,2,2,0.0,1e-10
2,stage6_model_ranking.forecast_Rank_IC_rank,PASS,3,3,0.0,1e-10
2,stage6_model_ranking.holding_period_Rank_IC_rank,PASS,3,3,0.0,1e-10
2,stage6_model_ranking.holding_period_Rank_IC_rank,PASS,1,1,0.0,1e-10
2,stage6_model_ranking.holding_period_Rank_IC_rank,PASS,2,2,0.0,1e-10
2,stage6_model_ranking.original_MID_mean_rank,PASS,2,2,0.0,1e-10
2,stage6_model_ranking.original_MID_mean_rank,PASS,1,1,0.0,1e-10
2,stage6_model_ranking.original_MID_mean_rank,PASS,3,3,0.0,1e-10
2,stage6_model_ranking.delta_neutral_MID_mean_rank,PASS,1,1,0.0,1e-10
2,stage6_model_ranking.delta_neutral_MID_mean_rank,PASS,2,2,0.0,1e-10
2,stage6_model_ranking.delta_neutral_MID_mean_rank,PASS,3,3,0.0,1e-10
2,stage6_model_ranking.joint_MID_mean_rank,PASS,1,1,0.0,1e-10
2,stage6_model_ranking.joint_MID_mean_rank,PASS,3,3,0.0,1e-10
2,stage6_model_ranking.joint_MID_mean_rank,PASS,2,2,0.0,1e-10
2,stage6_inference_sensitivity.row_keys,PASS,72,72,0.0,0.0
2,stage6_inference_sensitivity.mean[HAC_lag=1],FAIL,-0.0100230611801052,-0.0099451542791427,7.79069009624999e-05,1e-10
2,stage6_inference_sensitivity.mean[HAC_lag=5],FAIL,-0.0100230611801052,-0.0099451542791427,7.79069009624999e-05,1e-10
2,stage6_inference_sensitivity.mean[HAC_lag=10],FAIL,-0.0100230611801052,-0.0099451542791427,7.79069009624999e-05,1e-10
2,stage6_inference_sensitivity.mean[HAC_lag=1],FAIL,0.0003639537165875,0.0002172981386532,0.0001466555779342,1e-10
2,stage6_inference_sensitivity.mean[HAC_lag=5],FAIL,0.0003639537165875,0.0002172981386532,0.0001466555779342,1e-10
2,stage6_inference_sensitivity.mean[HAC_lag=10],FAIL,0.0003639537165875,0.0002172981386532,0.0001466555779342,1e-10
2,stage6_inference_sensitivity.mean[HAC_lag=1],FAIL,-0.0115262461039117,-0.0116366127323801,0.0001103666284683,1e-10
2,stage6_inference_sensitivity.mean[HAC_lag=5],FAIL,-0.0115262461039117,-0.0116366127323801,0.0001103666284683,1e-10
2,stage6_inference_sensitivity.mean[HAC_lag=10],FAIL,-0.0115262461039117,-0.0116366127323801,0.0001103666284683,1e-10
2,stage6_inference_sensitivity.mean[HAC_lag=1],FAIL,-0.0011422347599463,-0.0014735829660767,0.0003313482061304,1e-10
2,stage6_inference_sensitivity.mean[HAC_lag=5],FAIL,-0.0011422347599463,-0.0014735829660767,0.0003313482061304,1e-10
2,stage6_inference_sensitivity.mean[HAC_lag=10],FAIL,-0.0011422347599463,-0.0014735829660767,0.0003313482061304,1e-10
2,stage6_inference_sensitivity.mean[HAC_lag=1],FAIL,-0.0103057745489887,-0.0105718645187502,0.0002660899697614,1e-10
2,stage6_inference_sensitivity.mean[HAC_lag=5],FAIL,-0.0103057745489887,-0.0105718645187502,0.0002660899697614,1e-10
2,stage6_inference_sensitivity.mean[HAC_lag=10],FAIL,-0.0103057745489887,-0.0105718645187502,0.0002660899697614,1e-10
2,stage6_inference_sensitivity.mean[HAC_lag=1],FAIL,0.000381299766061,-0.0003191134451292,0.0007004132111902,1e-10
2,stage6_inference_sensitivity.mean[HAC_lag=5],FAIL,0.000381299766061,-0.0003191134451292,0.0007004132111902,1e-10
2,stage6_inference_sensitivity.mean[HAC_lag=10],FAIL,0.000381299766061,-0.0003191134451292,0.0007004132111902,1e-10
2,stage6_inference_sensitivity.mean[HAC_lag=1],FAIL,-0.010363924295266,-0.0098479430568055,0.0005159812384605,1e-10
2,stage6_inference_sensitivity.mean[HAC_lag=5],FAIL,-0.010363924295266,-0.0098479430568055,0.0005159812384605,1e-10
2,stage6_inference_sensitivity.mean[HAC_lag=10],FAIL,-0.010363924295266,-0.0098479430568055,0.0005159812384605,1e-10
2,stage6_inference_sensitivity.mean[HAC_lag=1],FAIL,0.0003221574310725,0.0004028428157985,8.068538472599996e-05,1e-10
2,stage6_inference_sensitivity.mean[HAC_lag=5],FAIL,0.0003221574310725,0.0004028428157985,8.068538472599996e-05,1e-10
2,stage6_inference_sensitivity.mean[HAC_lag=10],FAIL,0.0003221574310725,0.0004028428157985,8.068538472599996e-05,1e-10
2,stage6_inference_sensitivity.mean[HAC_lag=1],FAIL,-0.0111580355210462,-0.0111003822862627,5.765323478349946e-05,1e-10
2,stage6_inference_sensitivity.mean[HAC_lag=5],FAIL,-0.0111580355210462,-0.0111003822862627,5.765323478349946e-05,1e-10
2,stage6_inference_sensitivity.mean[HAC_lag=10],FAIL,-0.0111580355210462,-0.0111003822862627,5.765323478349946e-05,1e-10
2,stage6_inference_sensitivity.mean[HAC_lag=1],FAIL,0.0001771373549001,0.00020524239362,2.8105038719899983e-05,1e-10
2,stage6_inference_sensitivity.mean[HAC_lag=5],FAIL,0.0001771373549001,0.00020524239362,2.8105038719899983e-05,1e-10
2,stage6_inference_sensitivity.mean[HAC_lag=10],FAIL,0.0001771373549001,0.00020524239362,2.8105038719899983e-05,1e-10
2,stage6_inference_sensitivity.mean[HAC_lag=1],FAIL,-0.0117402694055723,-0.0118537549814171,0.0001134855758447,1e-10
2,stage6_inference_sensitivity.mean[HAC_lag=5],FAIL,-0.0117402694055723,-0.0118537549814171,0.0001134855758447,1e-10
2,stage6_inference_sensitivity.mean[HAC_lag=10],FAIL,-0.0117402694055723,-0.0118537549814171,0.0001134855758447,1e-10
2,stage6_inference_sensitivity.mean[HAC_lag=1],FAIL,-0.0004020902436368,-0.0005437940903798,0.000141703846743,1e-10
2,stage6_inference_sensitivity.mean[HAC_lag=5],FAIL,-0.0004020902436368,-0.0005437940903798,0.000141703846743,1e-10
2,stage6_inference_sensitivity.mean[HAC_lag=10],FAIL,-0.0004020902436368,-0.0005437940903798,0.000141703846743,1e-10
2,stage6_inference_sensitivity.mean[HAC_lag=1],FAIL,-0.0123586718435345,-0.0122978222383977,6.084960513680002e-05,1e-10
2,stage6_inference_sensitivity.mean[HAC_lag=5],FAIL,-0.0123586718435345,-0.0122978222383977,6.084960513680002e-05,1e-10
2,stage6_inference_sensitivity.mean[HAC_lag=10],FAIL,-0.0123586718435345,-0.0122978222383977,6.084960513680002e-05,1e-10
2,stage6_inference_sensitivity.mean[HAC_lag=1],FAIL,-0.0006947514611259,-0.0005862564384206,0.0001084950227053,1e-10
2,stage6_inference_sensitivity.mean[HAC_lag=5],FAIL,-0.0006947514611259,-0.0005862564384206,0.0001084950227053,1e-10
2,stage6_inference_sensitivity.mean[HAC_lag=10],FAIL,-0.0006947514611259,-0.0005862564384206,0.0001084950227053,1e-10
2,stage6_inference_sensitivity.mean[HAC_lag=1],FAIL,-0.0119090023941354,-0.0119971713328189,8.81689386835003e-05,1e-10
2,stage6_inference_sensitivity.mean[HAC_lag=5],FAIL,-0.0119090023941354,-0.0119971713328189,8.81689386835003e-05,1e-10
2,stage6_inference_sensitivity.mean[HAC_lag=10],FAIL,-0.0119090023941354,-0.0119971713328189,8.81689386835003e-05,1e-10
2,stage6_inference_sensitivity.mean[HAC_lag=1],FAIL,-0.0002415011581424,-0.0002832320936788,4.173093553639997e-05,1e-10
2,stage6_inference_sensitivity.mean[HAC_lag=5],FAIL,-0.0002415011581424,-0.0002832320936788,4.173093553639997e-05,1e-10
2,stage6_inference_sensitivity.mean[HAC_lag=10],FAIL,-0.0002415011581424,-0.0002832320936788,4.173093553639997e-05,1e-10
2,stage6_inference_sensitivity.mean[HAC_lag=1],FAIL,-0.010171102236449,-0.0101271722487609,4.392998768810129e-05,1e-10
2,stage6_inference_sensitivity.mean[HAC_lag=5],FAIL,-0.010171102236449,-0.0101271722487609,4.392998768810129e-05,1e-10
2,stage6_inference_sensitivity.mean[HAC_lag=10],FAIL,-0.010171102236449,-0.0101271722487609,4.392998768810129e-05,1e-10
2,stage6_inference_sensitivity.mean[HAC_lag=1],FAIL,2.4831839450795973e-06,0.0001170499577893,0.0001145667738442,1e-10
2,stage6_inference_sensitivity.mean[HAC_lag=5],FAIL,2.4831839450795973e-06,0.0001170499577893,0.0001145667738442,1e-10
2,stage6_inference_sensitivity.mean[HAC_lag=10],FAIL,2.4831839450795973e-06,0.0001170499577893,0.0001145667738442,1e-10
2,stage6_inference_sensitivity.mean[HAC_lag=1],FAIL,-0.0138876817607729,-0.0134267824499321,0.0004608993108408,1e-10
2,stage6_inference_sensitivity.mean[HAC_lag=5],FAIL,-0.0138876817607729,-0.0134267824499321,0.0004608993108408,1e-10
2,stage6_inference_sensitivity.mean[HAC_lag=10],FAIL,-0.0138876817607729,-0.0134267824499321,0.0004608993108408,1e-10
2,stage6_inference_sensitivity.mean[HAC_lag=1],FAIL,-0.0037088442671862,-0.0031765759017749,0.0005322683654113,1e-10
2,stage6_inference_sensitivity.mean[HAC_lag=5],FAIL,-0.0037088442671862,-0.0031765759017749,0.0005322683654113,1e-10
2,stage6_inference_sensitivity.mean[HAC_lag=10],FAIL,-0.0037088442671862,-0.0031765759017749,0.0005322683654113,1e-10
2,stage6_inference_sensitivity.mean[HAC_lag=1],FAIL,-0.0138869269294682,-0.013395478056277,0.0004914488731912,1e-10
2,stage6_inference_sensitivity.mean[HAC_lag=5],FAIL,-0.0138869269294682,-0.013395478056277,0.0004914488731912,1e-10
2,stage6_inference_sensitivity.mean[HAC_lag=10],FAIL,-0.0138869269294682,-0.013395478056277,0.0004914488731912,1e-10
2,stage6_inference_sensitivity.mean[HAC_lag=1],FAIL,-0.0036071781291922,-0.0030379885741069,0.0005691895550852,1e-10
2,stage6_inference_sensitivity.mean[HAC_lag=5],FAIL,-0.0036071781291922,-0.0030379885741069,0.0005691895550852,1e-10
2,stage6_inference_sensitivity.mean[HAC_lag=10],FAIL,-0.0036071781291922,-0.0030379885741069,0.0005691895550852,1e-10
2,stage6_inference_sensitivity.mean[HAC_lag=1],FAIL,-0.0103831959708813,-0.0103932036526481,1.0007681766800378e-05,1e-10
2,stage6_inference_sensitivity.mean[HAC_lag=5],FAIL,-0.0103831959708813,-0.0103932036526481,1.0007681766800378e-05,1e-10
2,stage6_inference_sensitivity.mean[HAC_lag=10],FAIL,-0.0103831959708813,-0.0103932036526481,1.0007681766800378e-05,1e-10
2,stage6_inference_sensitivity.mean[HAC_lag=1],FAIL,-0.0001053956372763,-3.790985789056034e-05,6.748577938573966e-05,1e-10
2,stage6_inference_sensitivity.mean[HAC_lag=5],FAIL,-0.0001053956372763,-3.790985789056034e-05,6.748577938573966e-05,1e-10
2,stage6_inference_sensitivity.mean[HAC_lag=10],FAIL,-0.0001053956372763,-3.790985789056034e-05,6.748577938573966e-05,1e-10
2,stage6_inference_sensitivity.median[HAC_lag=1],FAIL,-0.0095021226030908,-0.0092081636885693,0.0002939589145214,1e-10
2,stage6_inference_sensitivity.median[HAC_lag=5],FAIL,-0.0095021226030908,-0.0092081636885693,0.0002939589145214,1e-10
2,stage6_inference_sensitivity.median[HAC_lag=10],FAIL,-0.0095021226030908,-0.0092081636885693,0.0002939589145214,1e-10
2,stage6_inference_sensitivity.median[HAC_lag=1],FAIL,0.0003226228465875,0.0004087281394939,8.610529290640004e-05,1e-10
2,stage6_inference_sensitivity.median[HAC_lag=5],FAIL,0.0003226228465875,0.0004087281394939,8.610529290640004e-05,1e-10
2,stage6_inference_sensitivity.median[HAC_lag=10],FAIL,0.0003226228465875,0.0004087281394939,8.610529290640004e-05,1e-10
2,stage6_inference_sensitivity.median[HAC_lag=1],FAIL,-0.0102665419352208,-0.0095271733190035,0.0007393686162173,1e-10
2,stage6_inference_sensitivity.median[HAC_lag=5],FAIL,-0.0102665419352208,-0.0095271733190035,0.0007393686162173,1e-10
2,stage6_inference_sensitivity.median[HAC_lag=10],FAIL,-0.0102665419352208,-0.0095271733190035,0.0007393686162173,1e-10
2,stage6_inference_sensitivity.median[HAC_lag=1],FAIL,-7.968250422257609e-05,0.0003271313879907,0.0004068138922132,1e-10
2,stage6_inference_sensitivity.median[HAC_lag=5],FAIL,-7.968250422257609e-05,0.0003271313879907,0.0004068138922132,1e-10
2,stage6_inference_sensitivity.median[HAC_lag=10],FAIL,-7.968250422257609e-05,0.0003271313879907,0.0004068138922132,1e-10
2,stage6_inference_sensitivity.median[HAC_lag=1],FAIL,-0.0106979484367699,-0.0092199502104462,0.0014779982263237,1e-10
2,stage6_inference_sensitivity.median[HAC_lag=5],FAIL,-0.0106979484367699,-0.0092199502104462,0.0014779982263237,1e-10
2,stage6_inference_sensitivity.median[HAC_lag=10],FAIL,-0.0106979484367699,-0.0092199502104462,0.0014779982263237,1e-10
2,stage6_inference_sensitivity.median[HAC_lag=1],FAIL,-0.0011693656800842,-0.0001083724571828,0.0010609932229014,1e-10
2,stage6_inference_sensitivity.median[HAC_lag=5],FAIL,-0.0011693656800842,-0.0001083724571828,0.0010609932229014,1e-10
2,stage6_inference_sensitivity.median[HAC_lag=10],FAIL,-0.0011693656800842,-0.0001083724571828,0.0010609932229014,1e-10
2,stage6_inference_sensitivity.median[HAC_lag=1],FAIL,-0.0098406829443255,-0.0092231956325538,0.0006174873117717,1e-10
2,stage6_inference_sensitivity.median[HAC_lag=5],FAIL,-0.0098406829443255,-0.0092231956325538,0.0006174873117717,1e-10
2,stage6_inference_sensitivity.median[HAC_lag=10],FAIL,-0.0098406829443255,-0.0092231956325538,0.0006174873117717,1e-10
2,stage6_inference_sensitivity.median[HAC_lag=1],FAIL,0.0002505473622991,0.0001727714330314,7.777592926770001e-05,1e-10
2,stage6_inference_sensitivity.median[HAC_lag=5],FAIL,0.0002505473622991,0.0001727714330314,7.777592926770001e-05,1e-10
2,stage6_inference_sensitivity.median[HAC_lag=10],FAIL,0.0002505473622991,0.0001727714330314,7.777592926770001e-05,1e-10
2,stage6_inference_sensitivity.median[HAC_lag=1],PASS,-0.01012273569807,-0.01012273569807,0.0,1e-10
2,stage6_inference_sensitivity.median[HAC_lag=5],PASS,-0.01012273569807,-0.01012273569807,0.0,1e-10
2,stage6_inference_sensitivity.median[HAC_lag=10],PASS,-0.01012273569807,-0.01012273569807,0.0,1e-10
2,stage6_inference_sensitivity.median[HAC_lag=1],FAIL,-0.0001219820589183,-0.0001693812815391,4.7399222620799993e-05,1e-10
2,stage6_inference_sensitivity.median[HAC_lag=5],FAIL,-0.0001219820589183,-0.0001693812815391,4.7399222620799993e-05,1e-10
2,stage6_inference_sensitivity.median[HAC_lag=10],FAIL,-0.0001219820589183,-0.0001693812815391,4.7399222620799993e-05,1e-10
2,stage6_inference_sensitivity.median[HAC_lag=1],FAIL,-0.0106631664856762,-0.0109473517905532,0.0002841853048769,1e-10
2,stage6_inference_sensitivity.median[HAC_lag=5],FAIL,-0.0106631664856762,-0.0109473517905532,0.0002841853048769,1e-10
2,stage6_inference_sensitivity.median[HAC_lag=10],FAIL,-0.0106631664856762,-0.0109473517905532,0.0002841853048769,1e-10
2,stage6_inference_sensitivity.median[HAC_lag=1],FAIL,-0.0003924984670194,-0.0006569652864653,0.0002644668194458,1e-10
2,stage6_inference_sensitivity.median[HAC_lag=5],FAIL,-0.0003924984670194,-0.0006569652864653,0.0002644668194458,1e-10
2,stage6_inference_sensitivity.median[HAC_lag=10],FAIL,-0.0003924984670194,-0.0006569652864653,0.0002644668194458,1e-10
2,stage6_inference_sensitivity.median[HAC_lag=1],FAIL,-0.0116498318196707,-0.0113682412250801,0.0002815905945906,1e-10
2,stage6_inference_sensitivity.median[HAC_lag=5],FAIL,-0.0116498318196707,-0.0113682412250801,0.0002815905945906,1e-10
2,stage6_inference_sensitivity.median[HAC_lag=10],FAIL,-0.0116498318196707,-0.0113682412250801,0.0002815905945906,1e-10
2,stage6_inference_sensitivity.median[HAC_lag=1],FAIL,-0.0005226156711022,-0.0002795493196286,0.0002430663514736,1e-10
2,stage6_inference_sensitivity.median[HAC_lag=5],FAIL,-0.0005226156711022,-0.0002795493196286,0.0002430663514736,1e-10
2,stage6_inference_sensitivity.median[HAC_lag=10],FAIL,-0.0005226156711022,-0.0002795493196286,0.0002430663514736,1e-10
2,stage6_inference_sensitivity.median[HAC_lag=1],FAIL,-0.010568995131271,-0.0105140475795946,5.494755167640038e-05,1e-10
2,stage6_inference_sensitivity.median[HAC_lag=5],FAIL,-0.010568995131271,-0.0105140475795946,5.494755167640038e-05,1e-10
2,stage6_inference_sensitivity.median[HAC_lag=10],FAIL,-0.010568995131271,-0.0105140475795946,5.494755167640038e-05,1e-10
2,stage6_inference_sensitivity.median[HAC_lag=1],FAIL,-0.0001979476762313,-0.0002657472490362,6.779957280490001e-05,1e-10
2,stage6_inference_sensitivity.median[HAC_lag=5],FAIL,-0.0001979476762313,-0.0002657472490362,6.779957280490001e-05,1e-10
2,stage6_inference_sensitivity.median[HAC_lag=10],FAIL,-0.0001979476762313,-0.0002657472490362,6.779957280490001e-05,1e-10
2,stage6_inference_sensitivity.median[HAC_lag=1],FAIL,-0.0095443754188977,-0.0096796303028253,0.0001352548839275,1e-10
2,stage6_inference_sensitivity.median[HAC_lag=5],FAIL,-0.0095443754188977,-0.0096796303028253,0.0001352548839275,1e-10
2,stage6_inference_sensitivity.median[HAC_lag=10],FAIL,-0.0095443754188977,-0.0096796303028253,0.0001352548839275,1e-10
2,stage6_inference_sensitivity.median[HAC_lag=1],FAIL,-3.086436567405528e-05,6.964532335921073e-05,0.0001005096890332,1e-10
2,stage6_inference_sensitivity.median[HAC_lag=5],FAIL,-3.086436567405528e-05,6.964532335921073e-05,0.0001005096890332,1e-10
2,stage6_inference_sensitivity.median[HAC_lag=10],FAIL,-3.086436567405528e-05,6.964532335921073e-05,0.0001005096890332,1e-10
2,stage6_inference_sensitivity.median[HAC_lag=1],FAIL,-0.0093900635930315,-0.0101334286317096,0.0007433650386781,1e-10
2,stage6_inference_sensitivity.median[HAC_lag=5],FAIL,-0.0093900635930315,-0.0101334286317096,0.0007433650386781,1e-10
2,stage6_inference_sensitivity.median[HAC_lag=10],FAIL,-0.0093900635930315,-0.0101334286317096,0.0007433650386781,1e-10
2,stage6_inference_sensitivity.median[HAC_lag=1],FAIL,9.427257604593644e-05,-4.703212678755189e-05,0.0001413047028334,1e-10
2,stage6_inference_sensitivity.median[HAC_lag=5],FAIL,9.427257604593644e-05,-4.703212678755189e-05,0.0001413047028334,1e-10
2,stage6_inference_sensitivity.median[HAC_lag=10],FAIL,9.427257604593644e-05,-4.703212678755189e-05,0.0001413047028334,1e-10
2,stage6_inference_sensitivity.median[HAC_lag=1],FAIL,-0.0095307709229754,-0.0101694182598253,0.0006386473368498,1e-10
2,stage6_inference_sensitivity.median[HAC_lag=5],FAIL,-0.0095307709229754,-0.0101694182598253,0.0006386473368498,1e-10
2,stage6_inference_sensitivity.median[HAC_lag=10],FAIL,-0.0095307709229754,-0.0101694182598253,0.0006386473368498,1e-10
2,stage6_inference_sensitivity.median[HAC_lag=1],FAIL,4.365315254273948e-06,1.3214808943971283e-06,3.04383435987682e-06,1e-10
2,stage6_inference_sensitivity.median[HAC_lag=5],FAIL,4.365315254273948e-06,1.3214808943971283e-06,3.04383435987682e-06,1e-10
2,stage6_inference_sensitivity.median[HAC_lag=10],FAIL,4.365315254273948e-06,1.3214808943971283e-06,3.04383435987682e-06,1e-10
2,stage6_inference_sensitivity.median[HAC_lag=1],FAIL,-0.0100196393829867,-0.0099114940696115,0.0001081453133751,1e-10
2,stage6_inference_sensitivity.median[HAC_lag=5],FAIL,-0.0100196393829867,-0.0099114940696115,0.0001081453133751,1e-10
2,stage6_inference_sensitivity.median[HAC_lag=10],FAIL,-0.0100196393829867,-0.0099114940696115,0.0001081453133751,1e-10
2,stage6_inference_sensitivity.median[HAC_lag=1],FAIL,-0.0001459242277693,-0.0001616778407472,1.5753612977900016e-05,1e-10
2,stage6_inference_sensitivity.median[HAC_lag=5],FAIL,-0.0001459242277693,-0.0001616778407472,1.5753612977900016e-05,1e-10
2,stage6_inference_sensitivity.median[HAC_lag=10],FAIL,-0.0001459242277693,-0.0001616778407472,1.5753612977900016e-05,1e-10
2,stage6_inference_sensitivity.HAC_standard_error[HAC_lag=1],FAIL,0.0003860627245007,0.0003030088030376,8.305392146309998e-05,1e-10
2,stage6_inference_sensitivity.HAC_standard_error[HAC_lag=5],FAIL,0.0003811329693833,0.0003352942190362,4.583875034709997e-05,1e-10
2,stage6_inference_sensitivity.HAC_standard_error[HAC_lag=10],FAIL,0.000379115639743,0.000354305742666,2.4809897077000017e-05,1e-10
2,stage6_inference_sensitivity.HAC_standard_error[HAC_lag=1],FAIL,0.0003250914762745,0.0002147395043375,0.000110351971937,1e-10
2,stage6_inference_sensitivity.HAC_standard_error[HAC_lag=5],FAIL,0.0002906919513839,0.000199027783591,9.166416779289996e-05,1e-10
2,stage6_inference_sensitivity.HAC_standard_error[HAC_lag=10],FAIL,0.0002805135419202,0.0001977496304307,8.27639114895e-05,1e-10
2,stage6_inference_sensitivity.HAC_standard_error[HAC_lag=1],FAIL,0.0016681695295424,0.0016276633163909,4.050621315149997e-05,1e-10
2,stage6_inference_sensitivity.HAC_standard_error[HAC_lag=5],FAIL,0.0017331460478563,0.0016837115031574,4.943454469890003e-05,1e-10
2,stage6_inference_sensitivity.HAC_standard_error[HAC_lag=10],FAIL,0.0016764203222284,0.0016915889494317,1.5168627203300013e-05,1e-10
2,stage6_inference_sensitivity.HAC_standard_error[HAC_lag=1],FAIL,0.0016833615024402,0.0016362028209137,4.71586815265e-05,1e-10
2,stage6_inference_sensitivity.HAC_standard_error[HAC_lag=5],FAIL,0.0017674391027424,0.0016807218285226,8.671727421980012e-05,1e-10
2,stage6_inference_sensitivity.HAC_standard_error[HAC_lag=10],FAIL,0.0017191254105599,0.0016683490049908,5.07764055691e-05,1e-10
2,stage6_inference_sensitivity.HAC_standard_error[HAC_lag=1],FAIL,0.0017099486203311,0.0017375268447358,2.7578224404700008e-05,1e-10
2,stage6_inference_sensitivity.HAC_standard_error[HAC_lag=5],FAIL,0.0017453308678701,0.0017651114919065,1.978062403640009e-05,1e-10
2,stage6_inference_sensitivity.HAC_standard_error[HAC_lag=10],FAIL,0.0016914693957285,0.0017488817074358,5.74123117072999e-05,1e-10
2,stage6_inference_sensitivity.HAC_standard_error[HAC_lag=1],FAIL,0.0017374997626202,0.0017514318360188,1.3932073398600052e-05,1e-10
2,stage6_inference_sensitivity.HAC_standard_error[HAC_lag=5],FAIL,0.0018044486304017,0.0017873743017678,1.7074328633899993e-05,1e-10
2,stage6_inference_sensitivity.HAC_standard_error[HAC_lag=10],FAIL,0.0017697686732865,0.0017636377344929,6.130938793599957e-06,1e-10
2,stage6_inference_sensitivity.HAC_standard_error[HAC_lag=1],FAIL,0.0003826615361291,0.0002924028881921,9.025864793700002e-05,1e-10
2,stage6_inference_sensitivity.HAC_standard_error[HAC_lag=5],FAIL,0.0003942931237345,0.0003019204060461,9.23727176884e-05,1e-10
2,stage6_inference_sensitivity.HAC_standard_error[HAC_lag=10],FAIL,0.0004109149903003,0.0002864426728333,0.000124472317467,1e-10
2,stage6_inference_sensitivity.HAC_standard_error[HAC_lag=1],FAIL,0.000319691458772,0.0002048063122854,0.0001148851464865,1e-10
2,stage6_inference_sensitivity.HAC_standard_error[HAC_lag=5],FAIL,0.0003308582139871,0.0001995889929863,0.0001312692210008,1e-10
2,stage6_inference_sensitivity.HAC_standard_error[HAC_lag=10],FAIL,0.000340517910313,0.000190872498001,0.0001496454123119,1e-10
2,stage6_inference_sensitivity.HAC_standard_error[HAC_lag=1],FAIL,0.0004360107035758,0.0004452788302443,9.268126668499955e-06,1e-10
2,stage6_inference_sensitivity.HAC_standard_error[HAC_lag=5],FAIL,0.0004183264744471,0.0004133919059196,4.934568527499984e-06,1e-10
2,stage6_inference_sensitivity.HAC_standard_error[HAC_lag=10],FAIL,0.0004038871026825,0.0003981711568901,5.715945792400014e-06,1e-10
2,stage6_inference_sensitivity.HAC_standard_error[HAC_lag=1],FAIL,0.0004136989204327,0.0004279753472937,1.427642686100002e-05,1e-10
2,stage6_inference_sensitivity.HAC_standard_error[HAC_lag=5],FAIL,0.000414154471325,0.0004183890349476,4.234563622600022e-06,1e-10
2,stage6_inference_sensitivity.HAC_standard_error[HAC_lag=10],FAIL,0.0004174257719803,0.0004186477199368,1.221947956500007e-06,1e-10
2,stage6_inference_sensitivity.HAC_standard_error[HAC_lag=1],FAIL,0.002103878457575,0.0021626922148711,5.881375729609997e-05,1e-10
2,stage6_inference_sensitivity.HAC_standard_error[HAC_lag=5],FAIL,0.0021609936515097,0.0021752483083731,1.4254656863400049e-05,1e-10
2,stage6_inference_sensitivity.HAC_standard_error[HAC_lag=10],FAIL,0.0021749926985414,0.0021578918291418,1.7100869399599983e-05,1e-10
2,stage6_inference_sensitivity.HAC_standard_error[HAC_lag=1],FAIL,0.0021000397182244,0.0021543279205822,5.428820235780021e-05,1e-10
2,stage6_inference_sensitivity.HAC_standard_error[HAC_lag=5],FAIL,0.0021847542463452,0.0021887552108463,4.000964501100178e-06,1e-10
2,stage6_inference_sensitivity.HAC_standard_error[HAC_lag=10],FAIL,0.0022039404835449,0.0021744214555034,2.9519028041500094e-05,1e-10
2,stage6_inference_sensitivity.HAC_standard_error[HAC_lag=1],FAIL,0.0021278696703017,0.0021777504382742,4.9880767972499806e-05,1e-10
2,stage6_inference_sensitivity.HAC_standard_error[HAC_lag=5],FAIL,0.002220275315364,0.0022286100300534,8.334714689400141e-06,1e-10
2,stage6_inference_sensitivity.HAC_standard_error[HAC_lag=10],FAIL,0.0022293350737841,0.0022053147376584,2.402033612570022e-05,1e-10
2,stage6_inference_sensitivity.HAC_standard_error[HAC_lag=1],FAIL,0.0021228545226554,0.0021728095595639,4.995503690850009e-05,1e-10
2,stage6_inference_sensitivity.HAC_standard_error[HAC_lag=5],FAIL,0.0022334440755059,0.0022369205202259,3.4764447200000617e-06,1e-10
2,stage6_inference_sensitivity.HAC_standard_error[HAC_lag=10],FAIL,0.002242992314328,0.0022105649110653,3.2427403262699946e-05,1e-10
2,stage6_inference_sensitivity.HAC_standard_error[HAC_lag=1],FAIL,0.0004064480444186,0.0004156934206393,9.245376220700003e-06,1e-10
2,stage6_inference_sensitivity.HAC_standard_error[HAC_lag=5],FAIL,0.0003792156018594,0.0003846162748,5.400672940599968e-06,1e-10
2,stage6_inference_sensitivity.HAC_standard_error[HAC_lag=10],FAIL,0.0003678125247342,0.0003647776980936,3.0348266406000045e-06,1e-10
2,stage6_inference_sensitivity.HAC_standard_error[HAC_lag=1],FAIL,0.000349585491764,0.0003539898689753,4.4043772113000175e-06,1e-10
2,stage6_inference_sensitivity.HAC_standard_error[HAC_lag=5],FAIL,0.0003165192339749,0.0003153448098637,1.174424111200043e-06,1e-10
2,stage6_inference_sensitivity.HAC_standard_error[HAC_lag=10],FAIL,0.0003030653245421,0.000292133087542,1.0932237000100002e-05,1e-10
2,stage6_inference_sensitivity.HAC_standard_error[HAC_lag=1],FAIL,0.0002600323467816,0.0002638390509606,3.8067041789999656e-06,1e-10
2,stage6_inference_sensitivity.HAC_standard_error[HAC_lag=5],FAIL,0.0002789214049426,0.0002873114319224,8.390026979799951e-06,1e-10
2,stage6_inference_sensitivity.HAC_standard_error[HAC_lag=10],FAIL,0.0002918097614005,0.0003024328938218,1.0623132421299969e-05,1e-10
2,stage6_inference_sensitivity.HAC_standard_error[HAC_lag=1],FAIL,0.0001993717329438,0.0002057842822979,6.41254935409999e-06,1e-10
2,stage6_inference_sensitivity.HAC_standard_error[HAC_lag=5],FAIL,0.0002117057657248,0.0002252698515715,1.356408584670001e-05,1e-10
2,stage6_inference_sensitivity.HAC_standard_error[HAC_lag=10],FAIL,0.0002220366014194,0.0002397032274671,1.7666626047699985e-05,1e-10
2,stage6_inference_sensitivity.HAC_standard_error[HAC_lag=1],FAIL,0.0016284184527924,0.0016563763294172,2.795787662480021e-05,1e-10
2,stage6_inference_sensitivity.HAC_standard_error[HAC_lag=5],FAIL,0.0015423967055053,0.0016154179690384,7.302126353310001e-05,1e-10
2,stage6_inference_sensitivity.HAC_standard_error[HAC_lag=10],FAIL,0.001378122040075,0.0014487511516648,7.06291115897999e-05,1e-10
2,stage6_inference_sensitivity.HAC_standard_error[HAC_lag=1],FAIL,0.0016265874403757,0.0016600846223062,3.349718193050013e-05,1e-10
2,stage6_inference_sensitivity.HAC_standard_error[HAC_lag=5],FAIL,0.0015823065395016,0.0016616748113904,7.936827188880012e-05,1e-10
2,stage6_inference_sensitivity.HAC_standard_error[HAC_lag=10],FAIL,0.0014237633889272,0.0015035395863767,7.977619744949983e-05,1e-10
2,stage6_inference_sensitivity.HAC_standard_error[HAC_lag=1],FAIL,0.0016205221874285,0.0016455109409162,2.498875348770006e-05,1e-10
2,stage6_inference_sensitivity.HAC_standard_error[HAC_lag=5],FAIL,0.0015309469165928,0.0015936454950063,6.269857841349996e-05,1e-10
2,stage6_inference_sensitivity.HAC_standard_error[HAC_lag=10],FAIL,0.0013509963063288,0.0014125062689912,6.150996266240005e-05,1e-10
2,stage6_inference_sensitivity.HAC_standard_error[HAC_lag=1],FAIL,0.001621093683005,0.0016512267688123,3.0133085807299963e-05,1e-10
2,stage6_inference_sensitivity.HAC_standard_error[HAC_lag=5],FAIL,0.001571826187913,0.0016410090548214,6.918286690839998e-05,1e-10
2,stage6_inference_sensitivity.HAC_standard_error[HAC_lag=10],FAIL,0.0013980542900689,0.0014692744105423,7.122012047340001e-05,1e-10
2,stage6_inference_sensitivity.HAC_standard_error[HAC_lag=1],FAIL,0.0002350273574807,0.0002357164685172,6.89111036499988e-07,1e-10
2,stage6_inference_sensitivity.HAC_standard_error[HAC_lag=5],FAIL,0.0002469271220785,0.0002459306045601,9.965175184000028e-07,1e-10
2,stage6_inference_sensitivity.HAC_standard_error[HAC_lag=10],FAIL,0.0002522734243336,0.0002535757607398,1.3023364061999975e-06,1e-10
2,stage6_inference_sensitivity.HAC_standard_error[HAC_lag=1],FAIL,0.000185299989026,0.0001883492049931,3.049215967100002e-06,1e-10
2,stage6_inference_sensitivity.HAC_standard_error[HAC_lag=5],FAIL,0.0001880774640957,0.0001946647933445,6.5873292488e-06,1e-10
2,stage6_inference_sensitivity.HAC_standard_error[HAC_lag=10],FAIL,0.0001931371943194,0.000203604863733,1.0467669413599998e-05,1e-10
2,stage6_inference_sensitivity.HAC_t_stat[HAC_lag=1],FAIL,-25.96226090738745,-32.8213377942922,6.859076886904749,1e-10
2,stage6_inference_sensitivity.HAC_t_stat[HAC_lag=5],FAIL,-26.29806913928924,-29.6609774774169,3.36290833812766,1e-10
2,stage6_inference_sensitivity.HAC_t_stat[HAC_lag=10],FAIL,-26.438005002639617,-28.069413169280143,1.6314081666405258,1e-10
2,stage6_inference_sensitivity.HAC_t_stat[HAC_lag=1],FAIL,1.1195424769619131,1.0119150611042138,0.1076274158576993,1e-10
2,stage6_inference_sensitivity.HAC_t_stat[HAC_lag=5],FAIL,1.2520254339856718,1.0917980129835316,0.1602274210021401,1e-10
2,stage6_inference_sensitivity.HAC_t_stat[HAC_lag=10],FAIL,1.2974550679306345,1.098854840739138,0.1986002271914964,1e-10
2,stage6_inference_sensitivity.HAC_t_stat[HAC_lag=1],FAIL,-6.909517228188044,-7.149275046747396,0.2397578185593518,1e-10
2,stage6_inference_sensitivity.HAC_t_stat[HAC_lag=5],FAIL,-6.65047594700287,-6.91128658951248,0.2608106425096101,1e-10
2,stage6_inference_sensitivity.HAC_t_stat[HAC_lag=10],FAIL,-6.875510843599058,-6.879101886004407,0.0035910424053486,1e-10
2,stage6_inference_sensitivity.HAC_t_stat[HAC_lag=1],FAIL,-0.6785439481006048,-0.900611432300176,0.2220674841995712,1e-10
2,stage6_inference_sensitivity.HAC_t_stat[HAC_lag=5],FAIL,-0.6462654120156283,-0.8767560110598343,0.230490599044206,1e-10
2,stage6_inference_sensitivity.HAC_t_stat[HAC_lag=10],FAIL,-0.6644278264576171,-0.8832582161577347,0.2188303897001176,1e-10
2,stage6_inference_sensitivity.HAC_t_stat[HAC_lag=1],FAIL,-6.026949831388948,-6.084432335983382,0.057482504594434,1e-10
2,stage6_inference_sensitivity.HAC_t_stat[HAC_lag=5],FAIL,-5.904768395900063,-5.989346603443751,0.0845782075436885,1e-10
2,stage6_inference_sensitivity.HAC_t_stat[HAC_lag=10],FAIL,-6.092793978427231,-6.044928295493768,0.0478656829334633,1e-10
2,stage6_inference_sensitivity.HAC_t_stat[HAC_lag=1],FAIL,0.2194531327509396,-0.1822014642914096,0.4016545970423492,1e-10
2,stage6_inference_sensitivity.HAC_t_stat[HAC_lag=5],FAIL,0.2113109565087019,-0.1785375591523248,0.3898485156610267,1e-10
2,stage6_inference_sensitivity.HAC_t_stat[HAC_lag=10],FAIL,0.2154517546934119,-0.180940472574413,0.3963922272678249,1e-10
2,stage6_inference_sensitivity.HAC_t_stat[HAC_lag=1],FAIL,-27.083788979953635,-33.67936314751977,6.595574167566138,1e-10
2,stage6_inference_sensitivity.HAC_t_stat[HAC_lag=5],FAIL,-26.28482129514252,-32.6176795592313,6.332858264088777,1e-10
2,stage6_inference_sensitivity.HAC_t_stat[HAC_lag=10],FAIL,-25.22157755230793,-34.380153485498205,9.158575933190274,1e-10
2,stage6_inference_sensitivity.HAC_t_stat[HAC_lag=1],FAIL,1.0077136008261438,1.9669453119060047,0.9592317110798608,1e-10
2,stage6_inference_sensitivity.HAC_t_stat[HAC_lag=5],FAIL,0.9737023820270022,2.018361883443506,1.0446595014165037,1e-10
2,stage6_inference_sensitivity.HAC_t_stat[HAC_lag=10],FAIL,0.9460807238489412,2.110533576169115,1.1644528523201738,1e-10
2,stage6_inference_sensitivity.HAC_t_stat[HAC_lag=1],FAIL,-25.5911963388406,-24.92905912497657,0.6621372138640318,1e-10
2,stage6_inference_sensitivity.HAC_t_stat[HAC_lag=5],FAIL,-26.673032195232743,-26.851958461957796,0.1789262667250533,1e-10
2,stage6_inference_sensitivity.HAC_t_stat[HAC_lag=10],FAIL,-27.626620030537467,-27.87841885122963,0.2517988206921622,1e-10
2,stage6_inference_sensitivity.HAC_t_stat[HAC_lag=1],FAIL,0.4281793984737704,0.4795659257427966,0.0513865272690262,1e-10
2,stage6_inference_sensitivity.HAC_t_stat[HAC_lag=5],FAIL,0.42770842080587,0.490553949736516,0.0628455289306459,1e-10
2,stage6_inference_sensitivity.HAC_t_stat[HAC_lag=10],FAIL,0.4243565366359018,0.4902508334477898,0.065894296811888,1e-10
2,stage6_inference_sensitivity.HAC_t_stat[HAC_lag=1],FAIL,-5.580298312053825,-5.481018010749843,0.099280301303982,1e-10
2,stage6_inference_sensitivity.HAC_t_stat[HAC_lag=5],FAIL,-5.432810687514207,-5.44938016307774,0.016569475563533,1e-10
2,stage6_inference_sensitivity.HAC_t_stat[HAC_lag=10],FAIL,-5.397843134574823,-5.493210929915466,0.0953677953406426,1e-10
2,stage6_inference_sensitivity.HAC_t_stat[HAC_lag=1],FAIL,-0.1914679232718471,-0.2524193671652857,0.0609514438934385,1e-10
2,stage6_inference_sensitivity.HAC_t_stat[HAC_lag=5],FAIL,-0.1840436947585611,-0.2484490214735324,0.0644053267149712,1e-10
2,stage6_inference_sensitivity.HAC_t_stat[HAC_lag=10],FAIL,-0.182441516292712,-0.2500867938933979,0.0676452776006859,1e-10
2,stage6_inference_sensitivity.HAC_t_stat[HAC_lag=1],FAIL,-5.808002255035763,-5.647030083090326,0.1609721719454375,1e-10
2,stage6_inference_sensitivity.HAC_t_stat[HAC_lag=5],FAIL,-5.566278991624972,-5.5181579875159885,0.0481210041089834,1e-10
2,stage6_inference_sensitivity.HAC_t_stat[HAC_lag=10],FAIL,-5.543658281281245,-5.576447673611888,0.0327893923306428,1e-10
2,stage6_inference_sensitivity.HAC_t_stat[HAC_lag=1],FAIL,-0.3272722900752194,-0.2698149204287854,0.057457369646434,1e-10
2,stage6_inference_sensitivity.HAC_t_stat[HAC_lag=5],FAIL,-0.3110673191889102,-0.2620819260764062,0.0489853931125039,1e-10
2,stage6_inference_sensitivity.HAC_t_stat[HAC_lag=10],FAIL,-0.3097431304993623,-0.2652066155063117,0.0445365149930506,1e-10
2,stage6_inference_sensitivity.HAC_t_stat[HAC_lag=1],FAIL,-29.3001837692906,-28.86062356812292,0.43956020116768,1e-10
2,stage6_inference_sensitivity.HAC_t_stat[HAC_lag=5],FAIL,-31.4043049276979,-31.192573270739,0.2117316569589,1e-10
2,stage6_inference_sensitivity.HAC_t_stat[HAC_lag=10],FAIL,-32.37791427233009,-32.88899347607405,0.5110792037439609,1e-10
2,stage6_inference_sensitivity.HAC_t_stat[HAC_lag=1],FAIL,-0.6908214552148133,-0.8001135583307422,0.1092921031159288,1e-10
2,stage6_inference_sensitivity.HAC_t_stat[HAC_lag=5],FAIL,-0.7629904669916747,-0.8981663398906232,0.1351758728989485,1e-10
2,stage6_inference_sensitivity.HAC_t_stat[HAC_lag=10],FAIL,-0.7968617277719173,-0.9695310314280516,0.1726693036561343,1e-10
2,stage6_inference_sensitivity.HAC_t_stat[HAC_lag=1],FAIL,-39.1147576920096,-38.38390189733406,0.7308557946755343,1e-10
2,stage6_inference_sensitivity.HAC_t_stat[HAC_lag=5],FAIL,-36.46583609651556,-35.24806576960761,1.217770326907953,1e-10
2,stage6_inference_sensitivity.HAC_t_stat[HAC_lag=10],FAIL,-34.85525017269528,-33.48568378519942,1.3695663874958584,1e-10
2,stage6_inference_sensitivity.HAC_t_stat[HAC_lag=1],FAIL,0.0124550451983041,0.5687993100461027,0.5563442648477986,1e-10
2,stage6_inference_sensitivity.HAC_t_stat[HAC_lag=5],FAIL,0.0117294110369508,0.5195988587591157,0.5078694477221649,1e-10
2,stage6_inference_sensitivity.HAC_t_stat[HAC_lag=10],FAIL,0.0111836694004714,0.4883119807197112,0.4771283113192398,1e-10
2,stage6_inference_sensitivity.HAC_t_stat[HAC_lag=1],FAIL,-8.528324975044514,-8.106118284518262,0.4222066905262522,1e-10
2,stage6_inference_sensitivity.HAC_t_stat[HAC_lag=5],FAIL,-9.003962282338456,-8.311646092388472,0.6923161899499846,1e-10
2,stage6_inference_sensitivity.HAC_t_stat[HAC_lag=10],FAIL,-10.077251039404535,-9.267832114923934,0.8094189244806014,1e-10
2,stage6_inference_sensitivity.HAC_t_stat[HAC_lag=1],FAIL,-2.28013826685481,-1.9135023956561432,0.3666358711986666,1e-10
2,stage6_inference_sensitivity.HAC_t_stat[HAC_lag=5],FAIL,-2.3439480117136107,-1.9116712126826465,0.4322767990309641,1e-10
2,stage6_inference_sensitivity.HAC_t_stat[HAC_lag=10],FAIL,-2.60495830699835,-2.1127318033773714,0.4922265036209787,1e-10
2,stage6_inference_sensitivity.HAC_t_stat[HAC_lag=1],FAIL,-8.569414869600811,-8.140619258853476,0.4287956107473345,1e-10
2,stage6_inference_sensitivity.HAC_t_stat[HAC_lag=5],FAIL,-9.070808908498169,-8.405557006405626,0.6652519020925425,1e-10
2,stage6_inference_sensitivity.HAC_t_stat[HAC_lag=10],FAIL,-10.279026570549238,-9.483482197812313,0.7955443727369254,1e-10
2,stage6_inference_sensitivity.HAC_t_stat[HAC_lag=1],FAIL,-2.2251509379183925,-1.8398372843071495,0.3853136536112429,1e-10
2,stage6_inference_sensitivity.HAC_t_stat[HAC_lag=5],FAIL,-2.294896316736906,-1.8512929987686824,0.4436033179682237,1e-10
2,stage6_inference_sensitivity.HAC_t_stat[HAC_lag=10],FAIL,-2.580141668900701,-2.067679496974044,0.5124621719266567,1e-10
2,stage6_inference_sensitivity.HAC_t_stat[HAC_lag=1],FAIL,-44.17866959053902,-44.09197082420104,0.0866987663379816,1e-10
2,stage6_inference_sensitivity.HAC_t_stat[HAC_lag=5],FAIL,-42.0496374941629,-42.26071688489265,0.2110793907297505,1e-10
2,stage6_inference_sensitivity.HAC_t_stat[HAC_lag=10],FAIL,-41.15850093329004,-40.98658177077215,0.171919162517895,1e-10
2,stage6_inference_sensitivity.HAC_t_stat[HAC_lag=1],FAIL,-0.5687838290240672,-0.2012743185825805,0.3675095104414867,1e-10
2,stage6_inference_sensitivity.HAC_t_stat[HAC_lag=5],FAIL,-0.5603841894779226,-0.194744294739819,0.3656398947381035,1e-10
2,stage6_inference_sensitivity.HAC_t_stat[HAC_lag=10],FAIL,-0.5457034707777123,-0.1861932823975432,0.3595101883801691,1e-10
2,stage6_inference_sensitivity.raw_p[HAC_lag=1],PASS,1.3220513560476004e-148,2.9217369652188966e-236,1.3220513560476004e-148,1e-10
2,stage6_inference_sensitivity.raw_p[HAC_lag=5],PASS,2.017756556510101e-152,2.4482497976185327e-193,2.017756556510101e-152,1e-10
2,stage6_inference_sensitivity.raw_p[HAC_lag=10],PASS,5.0129800127348836e-154,2.315223460171269e-173,5.0129800127348836e-154,1e-10
2,stage6_inference_sensitivity.raw_p[HAC_lag=1],FAIL,0.2629087801272401,0.3115786673805143,0.0486698872532742,1e-10
2,stage6_inference_sensitivity.raw_p[HAC_lag=5],FAIL,0.2105605963392834,0.2749218926284112,0.0643612962891278,1e-10
2,stage6_inference_sensitivity.raw_p[HAC_lag=10],FAIL,0.1944746555402532,0.2718313870496794,0.0773567315094262,1e-10
2,stage6_inference_sensitivity.raw_p[HAC_lag=1],PASS,4.863058120078023e-12,8.723738016140508e-13,3.990684318463972e-12,1e-10
2,stage6_inference_sensitivity.raw_p[HAC_lag=5],PASS,2.9214674386641504e-11,4.802776500627081e-12,2.4411897886014418e-11,1e-10
2,stage6_inference_sensitivity.raw_p[HAC_lag=10],PASS,6.176810806461045e-12,6.023107256688756e-12,1.5370354977228834e-13,1e-10
2,stage6_inference_sensitivity.raw_p[HAC_lag=1],FAIL,0.4974268685601118,0.3677949539928317,0.1296319145672801,1e-10
2,stage6_inference_sensitivity.raw_p[HAC_lag=5],FAIL,0.5181074837050296,0.3806191766868207,0.1374883070182088,1e-10
2,stage6_inference_sensitivity.raw_p[HAC_lag=10],FAIL,0.5064165279763986,0.3770967739404117,0.1293197540359869,1e-10
2,stage6_inference_sensitivity.raw_p[HAC_lag=1],FAIL,1.670828383442681e-09,1.1690475947431746e-09,5.017807886995062e-10,1e-10
2,stage6_inference_sensitivity.raw_p[HAC_lag=5],FAIL,3.5314250952112043e-09,2.1068573720757957e-09,1.4245677231354084e-09,1e-10
2,stage6_inference_sensitivity.raw_p[HAC_lag=10],FAIL,1.1095682355472623e-09,1.4947646518572762e-09,3.8519641631001393e-10,1e-10
2,stage6_inference_sensitivity.raw_p[HAC_lag=1],FAIL,0.8262970846285459,0.8554246238906837,0.0291275392621378,1e-10
2,stage6_inference_sensitivity.raw_p[HAC_lag=5],FAIL,0.8326446338976743,0.8583008270655796,0.0256561931679053,1e-10
2,stage6_inference_sensitivity.raw_p[HAC_lag=10],FAIL,0.8294151229011993,0.8564143006086987,0.0269991777074993,1e-10
2,stage6_inference_sensitivity.raw_p[HAC_lag=1],PASS,1.5285229169806401e-161,1.1592760919262856e-248,1.52852291698064e-161,1e-10
2,stage6_inference_sensitivity.raw_p[HAC_lag=5],PASS,2.8599200903541413e-152,2.303047425389232e-233,2.8599200903541413e-152,1e-10
2,stage6_inference_sensitivity.raw_p[HAC_lag=10],PASS,2.323021694385087e-140,4.9925518905735136e-259,2.323021694385087e-140,1e-10
2,stage6_inference_sensitivity.raw_p[HAC_lag=1],FAIL,0.3135919737297014,0.0491895159089249,0.2644024578207765,1e-10
2,stage6_inference_sensitivity.raw_p[HAC_lag=5],FAIL,0.3302043342375542,0.0435535860643038,0.2866507481732503,1e-10
2,stage6_inference_sensitivity.raw_p[HAC_lag=10],FAIL,0.3441074147167405,0.0348124222437353,0.3092949924730052,1e-10
2,stage6_inference_sensitivity.raw_p[HAC_lag=1],PASS,1.9117660895548542e-144,3.602885694713296e-137,3.602885503536687e-137,1e-10
2,stage6_inference_sensitivity.raw_p[HAC_lag=5],PASS,9.676413292222851e-157,8.001915254180367e-159,9.596394139681048e-157,1e-10
2,stage6_inference_sensitivity.raw_p[HAC_lag=10],PASS,5.330000628841404e-168,4.874440401078916e-171,5.3251261884403265e-168,1e-10
2,stage6_inference_sensitivity.raw_p[HAC_lag=1],FAIL,0.6685205140574901,0.6315360802164394,0.0369844338410507,1e-10
2,stage6_inference_sensitivity.raw_p[HAC_lag=5],FAIL,0.6688634183314588,0.623741963510962,0.0451214548204967,1e-10
2,stage6_inference_sensitivity.raw_p[HAC_lag=10],FAIL,0.6713058131824341,0.6239564137905409,0.0473493993918932,1e-10
2,stage6_inference_sensitivity.raw_p[HAC_lag=1],FAIL,2.401064243624227e-08,4.228854247560972e-08,1.827790003936745e-08,1e-10
2,stage6_inference_sensitivity.raw_p[HAC_lag=5],FAIL,5.54732516029005e-08,5.054566724755608e-08,4.927584355344426e-09,1e-10
2,stage6_inference_sensitivity.raw_p[HAC_lag=10],FAIL,6.744679633091004e-08,3.946909117875296e-08,2.797770515215708e-08,1e-10
2,stage6_inference_sensitivity.raw_p[HAC_lag=1],FAIL,0.848159009132193,0.8007169318779465,0.0474420772542465,1e-10
2,stage6_inference_sensitivity.raw_p[HAC_lag=5],FAIL,0.8539791768867383,0.803787008611118,0.0501921682756203,1e-10
2,stage6_inference_sensitivity.raw_p[HAC_lag=10],FAIL,0.8552362471958396,0.8025202284998213,0.0527160186960182,1e-10
2,stage6_inference_sensitivity.raw_p[HAC_lag=1],FAIL,6.322266534402663e-09,1.6324327429350985e-08,1.0002060894948322e-08,1e-10
2,stage6_inference_sensitivity.raw_p[HAC_lag=5],FAIL,2.6023647338509797e-08,3.4257139500468155e-08,8.233492161958357e-09,1e-10
2,stage6_inference_sensitivity.raw_p[HAC_lag=10],FAIL,2.9621665889843787e-08,2.454797082461966e-08,5.073695065224126e-09,1e-10
2,stage6_inference_sensitivity.raw_p[HAC_lag=1],FAIL,0.7434619487757046,0.787302643561628,0.0438406947859234,1e-10
2,stage6_inference_sensitivity.raw_p[HAC_lag=5],FAIL,0.755749445000296,0.7932582807957893,0.0375088357954933,1e-10
2,stage6_inference_sensitivity.raw_p[HAC_lag=10],FAIL,0.7567563012390707,0.7908502988884104,0.0340939976493397,1e-10
2,stage6_inference_sensitivity.raw_p[HAC_lag=1],PASS,1.0315540344619787e-188,3.7277660659620764e-183,3.727755750421732e-183,1e-10
2,stage6_inference_sensitivity.raw_p[HAC_lag=5],PASS,1.7672918571222612e-216,1.3435490441603446e-213,1.3417817523032223e-213,1e-10
2,stage6_inference_sensitivity.raw_p[HAC_lag=10],PASS,5.616370047309622e-230,3.157780285635688e-237,5.6163697315315935e-230,1e-10
2,stage6_inference_sensitivity.raw_p[HAC_lag=1],FAIL,0.4896777507309945,0.4236450063770934,0.0660327443539011,1e-10
2,stage6_inference_sensitivity.raw_p[HAC_lag=5],FAIL,0.4454690811842972,0.3690968756008344,0.0763722055834628,1e-10
2,stage6_inference_sensitivity.raw_p[HAC_lag=10],FAIL,0.4255313404777396,0.3322803051677272,0.0932510353100123,1e-10
2,stage6_inference_sensitivity.raw_p[HAC_lag=1],PASS,0.0,0.0,0.0,1e-10
2,stage6_inference_sensitivity.raw_p[HAC_lag=5],PASS,3.860293305085311e-291,3.673224081841338e-272,3.673224081841338e-272,1e-10
2,stage6_inference_sensitivity.raw_p[HAC_lag=10],PASS,3.545169146314387e-266,7.78831392480039e-246,7.78831392480039e-246,1e-10
2,stage6_inference_sensitivity.raw_p[HAC_lag=1],FAIL,0.9900625686620602,0.5694923429458464,0.4205702257162138,1e-10
2,stage6_inference_sensitivity.raw_p[HAC_lag=5],FAIL,0.9906414986158052,0.6033431936867366,0.3872983049290686,1e-10
2,stage6_inference_sensitivity.raw_p[HAC_lag=10],FAIL,0.9910769088610976,0.6253288766059353,0.3657480322551623,1e-10
2,stage6_inference_sensitivity.raw_p[HAC_lag=1],PASS,1.484819343944635e-17,5.226256871209242e-16,5.07777493681478e-16,1e-10
2,stage6_inference_sensitivity.raw_p[HAC_lag=5],PASS,2.1771496785926955e-19,9.4383556692774e-17,9.416584172491472e-17,1e-10
2,stage6_inference_sensitivity.raw_p[HAC_lag=10],PASS,6.964739806223784e-24,1.899676100002244e-20,1.8989796260216216e-20,1e-10
2,stage6_inference_sensitivity.raw_p[HAC_lag=1],FAIL,0.0225994892772369,0.0556837671144338,0.0330842778371969,1e-10
2,stage6_inference_sensitivity.raw_p[HAC_lag=5],FAIL,0.0190808308495616,0.0559183789412358,0.0368375480916742,1e-10
2,stage6_inference_sensitivity.raw_p[HAC_lag=10],FAIL,0.0091885440424652,0.0346237295871859,0.0254351855447207,1e-10
2,stage6_inference_sensitivity.raw_p[HAC_lag=1],PASS,1.0401217898152167e-17,3.932612551949816e-16,3.8286003729682943e-16,1e-10
2,stage6_inference_sensitivity.raw_p[HAC_lag=5],PASS,1.1813667495809445e-19,4.25835646141263e-17,4.246542793916821e-17,1e-10
2,stage6_inference_sensitivity.raw_p[HAC_lag=10],PASS,8.760793310182632e-25,2.4593599135170685e-21,2.4584838341860506e-21,1e-10
2,stage6_inference_sensitivity.raw_p[HAC_lag=1],FAIL,0.0260711071793408,0.0657921297754456,0.0397210225961048,1e-10
2,stage6_inference_sensitivity.raw_p[HAC_lag=5],FAIL,0.0217390669506319,0.0641274127683958,0.0423883458177639,1e-10
2,stage6_inference_sensitivity.raw_p[HAC_lag=10],FAIL,0.0098759790780633,0.0386701711334706,0.0287941920554073,1e-10
2,stage6_inference_sensitivity.raw_p[HAC_lag=1],PASS,0.0,0.0,0.0,1e-10
2,stage6_inference_sensitivity.raw_p[HAC_lag=5],PASS,0.0,0.0,0.0,1e-10
2,stage6_inference_sensitivity.raw_p[HAC_lag=10],PASS,0.0,0.0,0.0,1e-10
2,stage6_inference_sensitivity.raw_p[HAC_lag=1],FAIL,0.5695028501550408,0.8404840824395537,0.270981232284513,1e-10
2,stage6_inference_sensitivity.raw_p[HAC_lag=5],FAIL,0.5752174134852925,0.8455931335386796,0.270375720053387,1e-10
2,stage6_inference_sensitivity.raw_p[HAC_lag=10],FAIL,0.5852697857673084,0.8522931917194966,0.2670234059521882,1e-10
2,stage6_inference_sensitivity.n_days[HAC_lag=1],PASS,408,408,0.0,1e-10
2,stage6_inference_sensitivity.n_days[HAC_lag=5],PASS,408,408,0.0,1e-10
2,stage6_inference_sensitivity.n_days[HAC_lag=10],PASS,408,408,0.0,1e-10
2,stage6_inference_sensitivity.n_days[HAC_lag=1],PASS,408,408,0.0,1e-10
2,stage6_inference_sensitivity.n_days[HAC_lag=5],PASS,408,408,0.0,1e-10
2,stage6_inference_sensitivity.n_days[HAC_lag=10],PASS,408,408,0.0,1e-10
2,stage6_inference_sensitivity.n_days[HAC_lag=1],PASS,408,408,0.0,1e-10
2,stage6_inference_sensitivity.n_days[HAC_lag=5],PASS,408,408,0.0,1e-10
2,stage6_inference_sensitivity.n_days[HAC_lag=10],PASS,408,408,0.0,1e-10
2,stage6_inference_sensitivity.n_days[HAC_lag=1],PASS,408,408,0.0,1e-10
2,stage6_inference_sensitivity.n_days[HAC_lag=5],PASS,408,408,0.0,1e-10
2,stage6_inference_sensitivity.n_days[HAC_lag=10],PASS,408,408,0.0,1e-10
2,stage6_inference_sensitivity.n_days[HAC_lag=1],PASS,408,408,0.0,1e-10
2,stage6_inference_sensitivity.n_days[HAC_lag=5],PASS,408,408,0.0,1e-10
2,stage6_inference_sensitivity.n_days[HAC_lag=10],PASS,408,408,0.0,1e-10
2,stage6_inference_sensitivity.n_days[HAC_lag=1],PASS,408,408,0.0,1e-10
2,stage6_inference_sensitivity.n_days[HAC_lag=5],PASS,408,408,0.0,1e-10
2,stage6_inference_sensitivity.n_days[HAC_lag=10],PASS,408,408,0.0,1e-10
2,stage6_inference_sensitivity.n_days[HAC_lag=1],PASS,408,408,0.0,1e-10
2,stage6_inference_sensitivity.n_days[HAC_lag=5],PASS,408,408,0.0,1e-10
2,stage6_inference_sensitivity.n_days[HAC_lag=10],PASS,408,408,0.0,1e-10
2,stage6_inference_sensitivity.n_days[HAC_lag=1],PASS,408,408,0.0,1e-10
2,stage6_inference_sensitivity.n_days[HAC_lag=5],PASS,408,408,0.0,1e-10
2,stage6_inference_sensitivity.n_days[HAC_lag=10],PASS,408,408,0.0,1e-10
2,stage6_inference_sensitivity.n_days[HAC_lag=1],PASS,408,408,0.0,1e-10
2,stage6_inference_sensitivity.n_days[HAC_lag=5],PASS,408,408,0.0,1e-10
2,stage6_inference_sensitivity.n_days[HAC_lag=10],PASS,408,408,0.0,1e-10
2,stage6_inference_sensitivity.n_days[HAC_lag=1],PASS,408,408,0.0,1e-10
2,stage6_inference_sensitivity.n_days[HAC_lag=5],PASS,408,408,0.0,1e-10
2,stage6_inference_sensitivity.n_days[HAC_lag=10],PASS,408,408,0.0,1e-10
2,stage6_inference_sensitivity.n_days[HAC_lag=1],PASS,408,408,0.0,1e-10
2,stage6_inference_sensitivity.n_days[HAC_lag=5],PASS,408,408,0.0,1e-10
2,stage6_inference_sensitivity.n_days[HAC_lag=10],PASS,408,408,0.0,1e-10
2,stage6_inference_sensitivity.n_days[HAC_lag=1],PASS,408,408,0.0,1e-10
2,stage6_inference_sensitivity.n_days[HAC_lag=5],PASS,408,408,0.0,1e-10
2,stage6_inference_sensitivity.n_days[HAC_lag=10],PASS,408,408,0.0,1e-10
2,stage6_inference_sensitivity.n_days[HAC_lag=1],PASS,408,408,0.0,1e-10
2,stage6_inference_sensitivity.n_days[HAC_lag=5],PASS,408,408,0.0,1e-10
2,stage6_inference_sensitivity.n_days[HAC_lag=10],PASS,408,408,0.0,1e-10
2,stage6_inference_sensitivity.n_days[HAC_lag=1],PASS,408,408,0.0,1e-10
2,stage6_inference_sensitivity.n_days[HAC_lag=5],PASS,408,408,0.0,1e-10
2,stage6_inference_sensitivity.n_days[HAC_lag=10],PASS,408,408,0.0,1e-10
2,stage6_inference_sensitivity.n_days[HAC_lag=1],PASS,408,408,0.0,1e-10
2,stage6_inference_sensitivity.n_days[HAC_lag=5],PASS,408,408,0.0,1e-10
2,stage6_inference_sensitivity.n_days[HAC_lag=10],PASS,408,408,0.0,1e-10
2,stage6_inference_sensitivity.n_days[HAC_lag=1],PASS,408,408,0.0,1e-10
2,stage6_inference_sensitivity.n_days[HAC_lag=5],PASS,408,408,0.0,1e-10
2,stage6_inference_sensitivity.n_days[HAC_lag=10],PASS,408,408,0.0,1e-10
2,stage6_inference_sensitivity.n_days[HAC_lag=1],PASS,408,408,0.0,1e-10
2,stage6_inference_sensitivity.n_days[HAC_lag=5],PASS,408,408,0.0,1e-10
2,stage6_inference_sensitivity.n_days[HAC_lag=10],PASS,408,408,0.0,1e-10
2,stage6_inference_sensitivity.n_days[HAC_lag=1],PASS,408,408,0.0,1e-10
2,stage6_inference_sensitivity.n_days[HAC_lag=5],PASS,408,408,0.0,1e-10
2,stage6_inference_sensitivity.n_days[HAC_lag=10],PASS,408,408,0.0,1e-10
2,stage6_inference_sensitivity.n_days[HAC_lag=1],PASS,408,408,0.0,1e-10
2,stage6_inference_sensitivity.n_days[HAC_lag=5],PASS,408,408,0.0,1e-10
2,stage6_inference_sensitivity.n_days[HAC_lag=10],PASS,408,408,0.0,1e-10
2,stage6_inference_sensitivity.n_days[HAC_lag=1],PASS,408,408,0.0,1e-10
2,stage6_inference_sensitivity.n_days[HAC_lag=5],PASS,408,408,0.0,1e-10
2,stage6_inference_sensitivity.n_days[HAC_lag=10],PASS,408,408,0.0,1e-10
2,stage6_inference_sensitivity.n_days[HAC_lag=1],PASS,408,408,0.0,1e-10
2,stage6_inference_sensitivity.n_days[HAC_lag=5],PASS,408,408,0.0,1e-10
2,stage6_inference_sensitivity.n_days[HAC_lag=10],PASS,408,408,0.0,1e-10
2,stage6_inference_sensitivity.n_days[HAC_lag=1],PASS,408,408,0.0,1e-10
2,stage6_inference_sensitivity.n_days[HAC_lag=5],PASS,408,408,0.0,1e-10
2,stage6_inference_sensitivity.n_days[HAC_lag=10],PASS,408,408,0.0,1e-10
2,stage6_inference_sensitivity.n_days[HAC_lag=1],PASS,408,408,0.0,1e-10
2,stage6_inference_sensitivity.n_days[HAC_lag=5],PASS,408,408,0.0,1e-10
2,stage6_inference_sensitivity.n_days[HAC_lag=10],PASS,408,408,0.0,1e-10
2,stage6_inference_sensitivity.n_days[HAC_lag=1],PASS,408,408,0.0,1e-10
2,stage6_inference_sensitivity.n_days[HAC_lag=5],PASS,408,408,0.0,1e-10
2,stage6_inference_sensitivity.n_days[HAC_lag=10],PASS,408,408,0.0,1e-10
2,stage6_inference_sensitivity.holm_adjusted_p[HAC_lag=1],PASS,1.0576410848380805e-147,2.6295632686970073e-235,1.0576410848380805e-147,1e-10
2,stage6_inference_sensitivity.holm_adjusted_p[HAC_lag=5],PASS,1.6142052452080808e-151,1.9585998380948258e-192,1.6142052452080808e-151,1e-10
2,stage6_inference_sensitivity.holm_adjusted_p[HAC_lag=10],PASS,4.010384010187906e-153,1.852178768137016e-172,4.0103840101879063e-153,1e-10
2,stage6_inference_sensitivity.holm_adjusted_p[HAC_lag=1],PASS,1.0,1.0,0.0,1e-10
2,stage6_inference_sensitivity.holm_adjusted_p[HAC_lag=5],PASS,1.0,1.0,0.0,1e-10
2,stage6_inference_sensitivity.holm_adjusted_p[HAC_lag=10],PASS,1.0,1.0,0.0,1e-10
2,stage6_inference_sensitivity.holm_adjusted_p[HAC_lag=1],PASS,1.9452232480312088e-11,3.4894952064562037e-12,1.5962737273855883e-11,1e-10
2,stage6_inference_sensitivity.holm_adjusted_p[HAC_lag=5],PASS,1.16858697546566e-10,1.9211106002508324e-11,9.764759154405766e-11,1e-10
2,stage6_inference_sensitivity.holm_adjusted_p[HAC_lag=10],PASS,2.470724322584418e-11,2.4092429026755025e-11,6.148141990891534e-13,1e-10
2,stage6_inference_sensitivity.holm_adjusted_p[HAC_lag=1],PASS,1.0,1.0,0.0,1e-10
2,stage6_inference_sensitivity.holm_adjusted_p[HAC_lag=5],PASS,1.0,1.0,0.0,1e-10
2,stage6_inference_sensitivity.holm_adjusted_p[HAC_lag=10],PASS,1.0,1.0,0.0,1e-10
2,stage6_inference_sensitivity.holm_adjusted_p[HAC_lag=1],FAIL,5.012485150328043e-09,3.507142784229524e-09,1.5053423660985186e-09,1e-10
2,stage6_inference_sensitivity.holm_adjusted_p[HAC_lag=5],FAIL,1.0594275285633614e-08,6.320572116227387e-09,4.273703169406227e-09,1e-10
2,stage6_inference_sensitivity.holm_adjusted_p[HAC_lag=10],FAIL,3.328704706641787e-09,4.484293955571829e-09,1.1555892489300422e-09,1e-10
2,stage6_inference_sensitivity.holm_adjusted_p[HAC_lag=1],PASS,1.0,1.0,0.0,1e-10
2,stage6_inference_sensitivity.holm_adjusted_p[HAC_lag=5],PASS,1.0,1.0,0.0,1e-10
2,stage6_inference_sensitivity.holm_adjusted_p[HAC_lag=10],PASS,1.0,1.0,0.0,1e-10
2,stage6_inference_sensitivity.holm_adjusted_p[HAC_lag=1],PASS,1.3756706252825759e-160,1.1592760919262856e-247,1.3756706252825759e-160,1e-10
2,stage6_inference_sensitivity.holm_adjusted_p[HAC_lag=5],PASS,2.0019440632478988e-151,2.3030474253892318e-232,2.0019440632478988e-151,1e-10
2,stage6_inference_sensitivity.holm_adjusted_p[HAC_lag=10],PASS,1.6261151860695609e-139,5.491807079630864e-258,1.6261151860695609e-139,1e-10
2,stage6_inference_sensitivity.holm_adjusted_p[HAC_lag=1],FAIL,1.0,0.5902741909070989,0.4097258090929011,1e-10
2,stage6_inference_sensitivity.holm_adjusted_p[HAC_lag=5],FAIL,1.0,0.5226430327716456,0.4773569672283544,1e-10
2,stage6_inference_sensitivity.holm_adjusted_p[HAC_lag=10],FAIL,1.0,0.4154847550462313,0.5845152449537687,1e-10
2,stage6_inference_sensitivity.holm_adjusted_p[HAC_lag=1],PASS,1.3382362626883978e-143,2.522019986299307e-136,2.5220198524756806e-136,1e-10
2,stage6_inference_sensitivity.holm_adjusted_p[HAC_lag=5],PASS,8.708771963000565e-156,5.6013406779262576e-158,8.652758556221303e-156,1e-10
2,stage6_inference_sensitivity.holm_adjusted_p[HAC_lag=10],PASS,4.797000565957264e-167,3.4121082807552415e-170,4.793588457676508e-167,1e-10
2,stage6_inference_sensitivity.holm_adjusted_p[HAC_lag=1],PASS,1.0,1.0,0.0,1e-10
2,stage6_inference_sensitivity.holm_adjusted_p[HAC_lag=5],PASS,1.0,1.0,0.0,1e-10
2,stage6_inference_sensitivity.holm_adjusted_p[HAC_lag=10],PASS,1.0,1.0,0.0,1e-10
2,stage6_inference_sensitivity.holm_adjusted_p[HAC_lag=1],FAIL,2.401064243624227e-08,4.228854247560972e-08,1.827790003936745e-08,1e-10
2,stage6_inference_sensitivity.holm_adjusted_p[HAC_lag=5],FAIL,5.54732516029005e-08,6.851427900093632e-08,1.3041027398035821e-08,1e-10
2,stage6_inference_sensitivity.holm_adjusted_p[HAC_lag=10],FAIL,6.744679633091004e-08,4.909594164923932e-08,1.835085468167072e-08,1e-10
2,stage6_inference_sensitivity.holm_adjusted_p[HAC_lag=1],PASS,1.0,1.0,0.0,1e-10
2,stage6_inference_sensitivity.holm_adjusted_p[HAC_lag=5],PASS,1.0,1.0,0.0,1e-10
2,stage6_inference_sensitivity.holm_adjusted_p[HAC_lag=10],PASS,1.0,1.0,0.0,1e-10
2,stage6_inference_sensitivity.holm_adjusted_p[HAC_lag=1],FAIL,1.2644533068805328e-08,3.264865485870197e-08,2.000412178989664e-08,1e-10
2,stage6_inference_sensitivity.holm_adjusted_p[HAC_lag=5],FAIL,5.2047294677019595e-08,6.851427900093632e-08,1.6466984323916727e-08,1e-10
2,stage6_inference_sensitivity.holm_adjusted_p[HAC_lag=10],FAIL,5.924333177968757e-08,4.909594164923932e-08,1.0147390130448244e-08,1e-10
2,stage6_inference_sensitivity.holm_adjusted_p[HAC_lag=1],PASS,1.0,1.0,0.0,1e-10
2,stage6_inference_sensitivity.holm_adjusted_p[HAC_lag=5],PASS,1.0,1.0,0.0,1e-10
2,stage6_inference_sensitivity.holm_adjusted_p[HAC_lag=10],PASS,1.0,1.0,0.0,1e-10
2,stage6_inference_sensitivity.holm_adjusted_p[HAC_lag=1],PASS,1.0315540344619788e-187,2.9822128527696615e-182,2.982202537229317e-182,1e-10
2,stage6_inference_sensitivity.holm_adjusted_p[HAC_lag=5],PASS,1.7672918571222612e-215,1.20919413974431e-212,1.2074268478871878e-212,1e-10
2,stage6_inference_sensitivity.holm_adjusted_p[HAC_lag=10],PASS,5.616370047309622e-229,2.842002257072119e-236,5.6163697631093955e-229,1e-10
2,stage6_inference_sensitivity.holm_adjusted_p[HAC_lag=1],PASS,1.0,1.0,0.0,1e-10
2,stage6_inference_sensitivity.holm_adjusted_p[HAC_lag=5],PASS,1.0,1.0,0.0,1e-10
2,stage6_inference_sensitivity.holm_adjusted_p[HAC_lag=10],PASS,1.0,1.0,0.0,1e-10
2,stage6_inference_sensitivity.holm_adjusted_p[HAC_lag=1],PASS,0.0,0.0,0.0,1e-10
2,stage6_inference_sensitivity.holm_adjusted_p[HAC_lag=5],PASS,4.2463226355938414e-290,4.0405464900254717e-271,4.0405464900254717e-271,1e-10
2,stage6_inference_sensitivity.holm_adjusted_p[HAC_lag=10],PASS,3.899686060945826e-265,7.788313924800389e-245,7.788313924800389e-245,1e-10
2,stage6_inference_sensitivity.holm_adjusted_p[HAC_lag=1],PASS,1.0,1.0,0.0,1e-10
2,stage6_inference_sensitivity.holm_adjusted_p[HAC_lag=5],PASS,1.0,1.0,0.0,1e-10
2,stage6_inference_sensitivity.holm_adjusted_p[HAC_lag=10],PASS,1.0,1.0,0.0,1e-10
2,stage6_inference_sensitivity.holm_adjusted_p[HAC_lag=1],PASS,7.424096719723173e-17,2.613128435604621e-15,2.5388874684073894e-15,1e-10
2,stage6_inference_sensitivity.holm_adjusted_p[HAC_lag=5],PASS,1.0885748392963477e-18,4.719177834638699e-16,4.708292086245735e-16,1e-10
2,stage6_inference_sensitivity.holm_adjusted_p[HAC_lag=10],PASS,3.482369903111892e-23,9.49838050001122e-20,9.494898130108108e-20,1e-10
2,stage6_inference_sensitivity.holm_adjusted_p[HAC_lag=1],FAIL,0.2711938713268437,0.6125214382587723,0.3413275669319285,1e-10
2,stage6_inference_sensitivity.holm_adjusted_p[HAC_lag=5],FAIL,0.2289699701947398,0.6151021683535942,0.3861321981588544,1e-10
2,stage6_inference_sensitivity.holm_adjusted_p[HAC_lag=10],FAIL,0.1102625285095825,0.4154847550462313,0.3052222265366487,1e-10
2,stage6_inference_sensitivity.holm_adjusted_p[HAC_lag=1],PASS,6.240730738891298e-17,2.3595675311698893e-15,2.2971602237809764e-15,1e-10
2,stage6_inference_sensitivity.holm_adjusted_p[HAC_lag=5],PASS,7.088200497485667e-19,2.555013876847578e-16,2.5479256763500923e-16,1e-10
2,stage6_inference_sensitivity.holm_adjusted_p[HAC_lag=10],PASS,5.2564759861095795e-24,1.4756159481102413e-20,1.4750903005116303e-20,1e-10
2,stage6_inference_sensitivity.holm_adjusted_p[HAC_lag=1],FAIL,0.286782178972749,0.6579212977544567,0.3711391187817077,1e-10
2,stage6_inference_sensitivity.holm_adjusted_p[HAC_lag=5],FAIL,0.2391297364569518,0.6412741276839585,0.4021443912270067,1e-10
2,stage6_inference_sensitivity.holm_adjusted_p[HAC_lag=10],FAIL,0.1102625285095825,0.4154847550462313,0.3052222265366487,1e-10
2,stage6_inference_sensitivity.holm_adjusted_p[HAC_lag=1],PASS,0.0,0.0,0.0,1e-10
2,stage6_inference_sensitivity.holm_adjusted_p[HAC_lag=5],PASS,0.0,0.0,0.0,1e-10
2,stage6_inference_sensitivity.holm_adjusted_p[HAC_lag=10],PASS,0.0,0.0,0.0,1e-10
2,stage6_inference_sensitivity.holm_adjusted_p[HAC_lag=1],PASS,1.0,1.0,0.0,1e-10
2,stage6_inference_sensitivity.holm_adjusted_p[HAC_lag=5],PASS,1.0,1.0,0.0,1e-10
2,stage6_inference_sensitivity.holm_adjusted_p[HAC_lag=10],PASS,1.0,1.0,0.0,1e-10
2,stage6_inference_sensitivity.holm_reject_5pct[HAC_lag=1],PASS,True,True,0.0,1e-10
2,stage6_inference_sensitivity.holm_reject_5pct[HAC_lag=5],PASS,True,True,0.0,1e-10
2,stage6_inference_sensitivity.holm_reject_5pct[HAC_lag=10],PASS,True,True,0.0,1e-10
2,stage6_inference_sensitivity.holm_reject_5pct[HAC_lag=1],PASS,False,False,0.0,1e-10
2,stage6_inference_sensitivity.holm_reject_5pct[HAC_lag=5],PASS,False,False,0.0,1e-10
2,stage6_inference_sensitivity.holm_reject_5pct[HAC_lag=10],PASS,False,False,0.0,1e-10
2,stage6_inference_sensitivity.holm_reject_5pct[HAC_lag=1],PASS,True,True,0.0,1e-10
2,stage6_inference_sensitivity.holm_reject_5pct[HAC_lag=5],PASS,True,True,0.0,1e-10
2,stage6_inference_sensitivity.holm_reject_5pct[HAC_lag=10],PASS,True,True,0.0,1e-10
2,stage6_inference_sensitivity.holm_reject_5pct[HAC_lag=1],PASS,False,False,0.0,1e-10
2,stage6_inference_sensitivity.holm_reject_5pct[HAC_lag=5],PASS,False,False,0.0,1e-10
2,stage6_inference_sensitivity.holm_reject_5pct[HAC_lag=10],PASS,False,False,0.0,1e-10
2,stage6_inference_sensitivity.holm_reject_5pct[HAC_lag=1],PASS,True,True,0.0,1e-10
2,stage6_inference_sensitivity.holm_reject_5pct[HAC_lag=5],PASS,True,True,0.0,1e-10
2,stage6_inference_sensitivity.holm_reject_5pct[HAC_lag=10],PASS,True,True,0.0,1e-10
2,stage6_inference_sensitivity.holm_reject_5pct[HAC_lag=1],PASS,False,False,0.0,1e-10
2,stage6_inference_sensitivity.holm_reject_5pct[HAC_lag=5],PASS,False,False,0.0,1e-10
2,stage6_inference_sensitivity.holm_reject_5pct[HAC_lag=10],PASS,False,False,0.0,1e-10
2,stage6_inference_sensitivity.holm_reject_5pct[HAC_lag=1],PASS,True,True,0.0,1e-10
2,stage6_inference_sensitivity.holm_reject_5pct[HAC_lag=5],PASS,True,True,0.0,1e-10
2,stage6_inference_sensitivity.holm_reject_5pct[HAC_lag=10],PASS,True,True,0.0,1e-10
2,stage6_inference_sensitivity.holm_reject_5pct[HAC_lag=1],PASS,False,False,0.0,1e-10
2,stage6_inference_sensitivity.holm_reject_5pct[HAC_lag=5],PASS,False,False,0.0,1e-10
2,stage6_inference_sensitivity.holm_reject_5pct[HAC_lag=10],PASS,False,False,0.0,1e-10
2,stage6_inference_sensitivity.holm_reject_5pct[HAC_lag=1],PASS,True,True,0.0,1e-10
2,stage6_inference_sensitivity.holm_reject_5pct[HAC_lag=5],PASS,True,True,0.0,1e-10
2,stage6_inference_sensitivity.holm_reject_5pct[HAC_lag=10],PASS,True,True,0.0,1e-10
2,stage6_inference_sensitivity.holm_reject_5pct[HAC_lag=1],PASS,False,False,0.0,1e-10
2,stage6_inference_sensitivity.holm_reject_5pct[HAC_lag=5],PASS,False,False,0.0,1e-10
2,stage6_inference_sensitivity.holm_reject_5pct[HAC_lag=10],PASS,False,False,0.0,1e-10
2,stage6_inference_sensitivity.holm_reject_5pct[HAC_lag=1],PASS,True,True,0.0,1e-10
2,stage6_inference_sensitivity.holm_reject_5pct[HAC_lag=5],PASS,True,True,0.0,1e-10
2,stage6_inference_sensitivity.holm_reject_5pct[HAC_lag=10],PASS,True,True,0.0,1e-10
2,stage6_inference_sensitivity.holm_reject_5pct[HAC_lag=1],PASS,False,False,0.0,1e-10
2,stage6_inference_sensitivity.holm_reject_5pct[HAC_lag=5],PASS,False,False,0.0,1e-10
2,stage6_inference_sensitivity.holm_reject_5pct[HAC_lag=10],PASS,False,False,0.0,1e-10
2,stage6_inference_sensitivity.holm_reject_5pct[HAC_lag=1],PASS,True,True,0.0,1e-10
2,stage6_inference_sensitivity.holm_reject_5pct[HAC_lag=5],PASS,True,True,0.0,1e-10
2,stage6_inference_sensitivity.holm_reject_5pct[HAC_lag=10],PASS,True,True,0.0,1e-10
2,stage6_inference_sensitivity.holm_reject_5pct[HAC_lag=1],PASS,False,False,0.0,1e-10
2,stage6_inference_sensitivity.holm_reject_5pct[HAC_lag=5],PASS,False,False,0.0,1e-10
2,stage6_inference_sensitivity.holm_reject_5pct[HAC_lag=10],PASS,False,False,0.0,1e-10
2,stage6_inference_sensitivity.holm_reject_5pct[HAC_lag=1],PASS,True,True,0.0,1e-10
2,stage6_inference_sensitivity.holm_reject_5pct[HAC_lag=5],PASS,True,True,0.0,1e-10
2,stage6_inference_sensitivity.holm_reject_5pct[HAC_lag=10],PASS,True,True,0.0,1e-10
2,stage6_inference_sensitivity.holm_reject_5pct[HAC_lag=1],PASS,False,False,0.0,1e-10
2,stage6_inference_sensitivity.holm_reject_5pct[HAC_lag=5],PASS,False,False,0.0,1e-10
2,stage6_inference_sensitivity.holm_reject_5pct[HAC_lag=10],PASS,False,False,0.0,1e-10
2,stage6_inference_sensitivity.holm_reject_5pct[HAC_lag=1],PASS,True,True,0.0,1e-10
2,stage6_inference_sensitivity.holm_reject_5pct[HAC_lag=5],PASS,True,True,0.0,1e-10
2,stage6_inference_sensitivity.holm_reject_5pct[HAC_lag=10],PASS,True,True,0.0,1e-10
2,stage6_inference_sensitivity.holm_reject_5pct[HAC_lag=1],PASS,False,False,0.0,1e-10
2,stage6_inference_sensitivity.holm_reject_5pct[HAC_lag=5],PASS,False,False,0.0,1e-10
2,stage6_inference_sensitivity.holm_reject_5pct[HAC_lag=10],PASS,False,False,0.0,1e-10
2,stage6_inference_sensitivity.holm_reject_5pct[HAC_lag=1],PASS,True,True,0.0,1e-10
2,stage6_inference_sensitivity.holm_reject_5pct[HAC_lag=5],PASS,True,True,0.0,1e-10
2,stage6_inference_sensitivity.holm_reject_5pct[HAC_lag=10],PASS,True,True,0.0,1e-10
2,stage6_inference_sensitivity.holm_reject_5pct[HAC_lag=1],PASS,False,False,0.0,1e-10
2,stage6_inference_sensitivity.holm_reject_5pct[HAC_lag=5],PASS,False,False,0.0,1e-10
2,stage6_inference_sensitivity.holm_reject_5pct[HAC_lag=10],PASS,False,False,0.0,1e-10
2,stage6_inference_sensitivity.holm_reject_5pct[HAC_lag=1],PASS,True,True,0.0,1e-10
2,stage6_inference_sensitivity.holm_reject_5pct[HAC_lag=5],PASS,True,True,0.0,1e-10
2,stage6_inference_sensitivity.holm_reject_5pct[HAC_lag=10],PASS,True,True,0.0,1e-10
2,stage6_inference_sensitivity.holm_reject_5pct[HAC_lag=1],PASS,False,False,0.0,1e-10
2,stage6_inference_sensitivity.holm_reject_5pct[HAC_lag=5],PASS,False,False,0.0,1e-10
2,stage6_inference_sensitivity.holm_reject_5pct[HAC_lag=10],PASS,False,False,0.0,1e-10
2,stage6_inference_sensitivity.holm_reject_5pct[HAC_lag=1],PASS,True,True,0.0,1e-10
2,stage6_inference_sensitivity.holm_reject_5pct[HAC_lag=5],PASS,True,True,0.0,1e-10
2,stage6_inference_sensitivity.holm_reject_5pct[HAC_lag=10],PASS,True,True,0.0,1e-10
2,stage6_inference_sensitivity.holm_reject_5pct[HAC_lag=1],PASS,False,False,0.0,1e-10
2,stage6_inference_sensitivity.holm_reject_5pct[HAC_lag=5],PASS,False,False,0.0,1e-10
2,stage6_inference_sensitivity.holm_reject_5pct[HAC_lag=10],PASS,False,False,0.0,1e-10
2,stage6_inference_sensitivity.BH_adjusted_p[HAC_lag=1],PASS,3.172923254514241e-148,8.76521089565669e-236,3.172923254514241e-148,1e-10
2,stage6_inference_sensitivity.BH_adjusted_p[HAC_lag=5],PASS,4.8426157356242414e-152,5.875799514284479e-193,4.842615735624242e-152,1e-10
2,stage6_inference_sensitivity.BH_adjusted_p[HAC_lag=10],PASS,1.2031152030563718e-153,5.556536304411047e-173,1.2031152030563718e-153,1e-10
2,stage6_inference_sensitivity.BH_adjusted_p[HAC_lag=1],FAIL,0.925264373598756,0.8472900127541868,0.0779743608445692,1e-10
2,stage6_inference_sensitivity.BH_adjusted_p[HAC_lag=5],FAIL,0.8422423853571339,0.7612383533736415,0.0810040319834923,1e-10
2,stage6_inference_sensitivity.BH_adjusted_p[HAC_lag=10],FAIL,0.7778986221610129,0.7541935478808236,0.0237050742801893,1e-10
2,stage6_inference_sensitivity.BH_adjusted_p[HAC_lag=1],PASS,6.484077493437364e-12,1.1631650688187345e-12,5.320912424618629e-12,1e-10
2,stage6_inference_sensitivity.BH_adjusted_p[HAC_lag=5],PASS,3.8952899182188674e-11,6.403702000836108e-12,3.2549197181352566e-11,1e-10
2,stage6_inference_sensitivity.BH_adjusted_p[HAC_lag=10],PASS,8.235747741948059e-12,8.030809675585007e-12,2.0493806636305165e-13,1e-10
2,stage6_inference_sensitivity.BH_adjusted_p[HAC_lag=1],FAIL,0.925264373598756,0.8472900127541868,0.0779743608445692,1e-10
2,stage6_inference_sensitivity.BH_adjusted_p[HAC_lag=5],FAIL,0.9316136475128054,0.7612383533736415,0.1703752941391638,1e-10
2,stage6_inference_sensitivity.BH_adjusted_p[HAC_lag=10],FAIL,0.932984996940916,0.7541935478808236,0.1787914490600923,1e-10
2,stage6_inference_sensitivity.BH_adjusted_p[HAC_lag=1],FAIL,2.004994060131217e-09,1.4028571136918099e-09,6.021369464394071e-10,1e-10
2,stage6_inference_sensitivity.BH_adjusted_p[HAC_lag=5],FAIL,4.237710114253445e-09,2.5282288464909544e-09,1.7094812677624906e-09,1e-10
2,stage6_inference_sensitivity.BH_adjusted_p[HAC_lag=10],FAIL,1.3314818826567146e-09,1.7937175822287315e-09,4.622356995720169e-10,1e-10
2,stage6_inference_sensitivity.BH_adjusted_p[HAC_lag=1],FAIL,0.925264373598756,0.8554246238906837,0.0698397497080722,1e-10
2,stage6_inference_sensitivity.BH_adjusted_p[HAC_lag=5],FAIL,0.9316136475128054,0.8583008270655798,0.0733128204472256,1e-10
2,stage6_inference_sensitivity.BH_adjusted_p[HAC_lag=10],FAIL,0.932984996940916,0.8564143006086987,0.0765706963322172,1e-10
2,stage6_inference_sensitivity.BH_adjusted_p[HAC_lag=1],PASS,4.5855687509419205e-161,4.637104367705143e-248,4.5855687509419205e-161,1e-10
2,stage6_inference_sensitivity.BH_adjusted_p[HAC_lag=5],PASS,5.719840180708283e-152,9.212189701556928e-233,5.719840180708283e-152,1e-10
2,stage6_inference_sensitivity.BH_adjusted_p[HAC_lag=10],PASS,4.646043388770174e-140,2.9955311343441083e-258,4.646043388770174e-140,1e-10
2,stage6_inference_sensitivity.BH_adjusted_p[HAC_lag=1],FAIL,0.925264373598756,0.2631685191017827,0.6620958544969733,1e-10
2,stage6_inference_sensitivity.BH_adjusted_p[HAC_lag=5],FAIL,0.9316136475128054,0.2565096510735834,0.675103996439222,1e-10
2,stage6_inference_sensitivity.BH_adjusted_p[HAC_lag=10],FAIL,0.932984996940916,0.1546806845338826,0.7783043124070333,1e-10
2,stage6_inference_sensitivity.BH_adjusted_p[HAC_lag=1],PASS,3.823532179109709e-144,7.205771389426592e-137,7.205771007073374e-137,1e-10
2,stage6_inference_sensitivity.BH_adjusted_p[HAC_lag=5],PASS,2.9029239876668555e-156,1.6003830508360734e-158,2.886920157158495e-156,1e-10
2,stage6_inference_sensitivity.BH_adjusted_p[HAC_lag=10],PASS,1.5990001886524213e-167,9.748880802157832e-171,1.5980253005722057e-167,1e-10
2,stage6_inference_sensitivity.BH_adjusted_p[HAC_lag=1],FAIL,0.925264373598756,0.8554246238906837,0.0698397497080722,1e-10
2,stage6_inference_sensitivity.BH_adjusted_p[HAC_lag=5],FAIL,0.9316136475128054,0.8583008270655798,0.0733128204472256,1e-10
2,stage6_inference_sensitivity.BH_adjusted_p[HAC_lag=10],FAIL,0.932984996940916,0.8564143006086987,0.0765706963322172,1e-10
2,stage6_inference_sensitivity.BH_adjusted_p[HAC_lag=1],FAIL,2.401064243624227e-08,4.228854247560972e-08,1.827790003936745e-08,1e-10
2,stage6_inference_sensitivity.BH_adjusted_p[HAC_lag=5],FAIL,5.54732516029005e-08,5.054566724755608e-08,4.927584355344426e-09,1e-10
2,stage6_inference_sensitivity.BH_adjusted_p[HAC_lag=10],FAIL,6.744679633091004e-08,3.946909117875296e-08,2.797770515215708e-08,1e-10
2,stage6_inference_sensitivity.BH_adjusted_p[HAC_lag=1],FAIL,0.925264373598756,0.8554246238906837,0.0698397497080722,1e-10
2,stage6_inference_sensitivity.BH_adjusted_p[HAC_lag=5],FAIL,0.9316136475128054,0.8583008270655798,0.0733128204472256,1e-10
2,stage6_inference_sensitivity.BH_adjusted_p[HAC_lag=10],FAIL,0.932984996940916,0.8564143006086987,0.0765706963322172,1e-10
2,stage6_inference_sensitivity.BH_adjusted_p[HAC_lag=1],FAIL,6.897018037530178e-09,1.7808357195655622e-08,1.0911339158125444e-08,1e-10
2,stage6_inference_sensitivity.BH_adjusted_p[HAC_lag=5],FAIL,2.8389433460192503e-08,3.737142490960162e-08,8.981991449409114e-09,1e-10
2,stage6_inference_sensitivity.BH_adjusted_p[HAC_lag=10],FAIL,3.231454460710231e-08,2.6779604535948724e-08,5.534940071153587e-09,1e-10
2,stage6_inference_sensitivity.BH_adjusted_p[HAC_lag=1],FAIL,0.925264373598756,0.8554246238906837,0.0698397497080722,1e-10
2,stage6_inference_sensitivity.BH_adjusted_p[HAC_lag=5],FAIL,0.9316136475128054,0.8583008270655798,0.0733128204472256,1e-10
2,stage6_inference_sensitivity.BH_adjusted_p[HAC_lag=10],FAIL,0.932984996940916,0.8564143006086987,0.0765706963322172,1e-10
2,stage6_inference_sensitivity.BH_adjusted_p[HAC_lag=1],PASS,4.126216137847916e-188,8.946638558308985e-183,8.946597296147607e-183,1e-10
2,stage6_inference_sensitivity.BH_adjusted_p[HAC_lag=5],PASS,7.069167428489045e-216,4.030647132481033e-213,4.0235779650525445e-213,1e-10
2,stage6_inference_sensitivity.BH_adjusted_p[HAC_lag=10],PASS,2.2465480189238488e-229,9.473340856907063e-237,2.2465479241904403e-229,1e-10
2,stage6_inference_sensitivity.BH_adjusted_p[HAC_lag=1],FAIL,0.925264373598756,0.8472900127541868,0.0779743608445692,1e-10
2,stage6_inference_sensitivity.BH_adjusted_p[HAC_lag=5],FAIL,0.9316136475128054,0.7612383533736415,0.1703752941391638,1e-10
2,stage6_inference_sensitivity.BH_adjusted_p[HAC_lag=10],FAIL,0.932984996940916,0.7541935478808236,0.1787914490600923,1e-10
2,stage6_inference_sensitivity.BH_adjusted_p[HAC_lag=1],PASS,0.0,0.0,0.0,1e-10
2,stage6_inference_sensitivity.BH_adjusted_p[HAC_lag=5],PASS,2.3161759830511865e-290,2.2039344491048025e-271,2.2039344491048023e-271,1e-10
2,stage6_inference_sensitivity.BH_adjusted_p[HAC_lag=10],PASS,2.127101487788632e-265,3.115325569920156e-245,3.115325569920156e-245,1e-10
2,stage6_inference_sensitivity.BH_adjusted_p[HAC_lag=1],FAIL,0.9900625686620602,0.8554246238906837,0.1346379447713764,1e-10
2,stage6_inference_sensitivity.BH_adjusted_p[HAC_lag=5],FAIL,0.9906414986158052,0.8583008270655798,0.1323406715502254,1e-10
2,stage6_inference_sensitivity.BH_adjusted_p[HAC_lag=10],FAIL,0.9910769088610976,0.8564143006086987,0.1346626082523988,1e-10
2,stage6_inference_sensitivity.BH_adjusted_p[HAC_lag=1],PASS,2.2272290159169522e-17,7.839385306813862e-16,7.616662405222167e-16,1e-10
2,stage6_inference_sensitivity.BH_adjusted_p[HAC_lag=5],PASS,3.2657245178890435e-19,1.4157533503916098e-16,1.4124876258737207e-16,1e-10
2,stage6_inference_sensitivity.BH_adjusted_p[HAC_lag=10],PASS,1.0447109709335677e-23,2.8495141500033664e-20,2.8484694390324326e-20,1e-10
2,stage6_inference_sensitivity.BH_adjusted_p[HAC_lag=1],FAIL,0.1564266430760449,0.2631685191017827,0.1067418760257377,1e-10
2,stage6_inference_sensitivity.BH_adjusted_p[HAC_lag=5],FAIL,0.1304344017037919,0.2565096510735834,0.1260752493697915,1e-10
2,stage6_inference_sensitivity.BH_adjusted_p[HAC_lag=10],FAIL,0.0592558744683802,0.1546806845338826,0.0954248100655023,1e-10
2,stage6_inference_sensitivity.BH_adjusted_p[HAC_lag=1],PASS,1.7830659253975138e-17,6.741621517628256e-16,6.563314925088504e-16,1e-10
2,stage6_inference_sensitivity.BH_adjusted_p[HAC_lag=5],PASS,2.0252001421387617e-19,7.300039648135935e-17,7.279787646714547e-17,1e-10
2,stage6_inference_sensitivity.BH_adjusted_p[HAC_lag=10],PASS,1.5018502817455941e-24,4.216045566029261e-21,4.2145437157475146e-21,1e-10
2,stage6_inference_sensitivity.BH_adjusted_p[HAC_lag=1],FAIL,0.1564266430760449,0.2631685191017827,0.1067418760257377,1e-10
2,stage6_inference_sensitivity.BH_adjusted_p[HAC_lag=5],FAIL,0.1304344017037919,0.2565096510735834,0.1260752493697915,1e-10
2,stage6_inference_sensitivity.BH_adjusted_p[HAC_lag=10],FAIL,0.0592558744683802,0.1546806845338826,0.0954248100655023,1e-10
2,stage6_inference_sensitivity.BH_adjusted_p[HAC_lag=1],PASS,0.0,0.0,0.0,1e-10
2,stage6_inference_sensitivity.BH_adjusted_p[HAC_lag=5],PASS,0.0,0.0,0.0,1e-10
2,stage6_inference_sensitivity.BH_adjusted_p[HAC_lag=10],PASS,0.0,0.0,0.0,1e-10
2,stage6_inference_sensitivity.BH_adjusted_p[HAC_lag=1],FAIL,0.925264373598756,0.8554246238906837,0.0698397497080722,1e-10
2,stage6_inference_sensitivity.BH_adjusted_p[HAC_lag=5],FAIL,0.9316136475128054,0.8583008270655798,0.0733128204472256,1e-10
2,stage6_inference_sensitivity.BH_adjusted_p[HAC_lag=10],FAIL,0.932984996940916,0.8564143006086987,0.0765706963322172,1e-10
2,stage6_inference_sensitivity.BH_reject_5pct[HAC_lag=1],PASS,True,True,0.0,1e-10
2,stage6_inference_sensitivity.BH_reject_5pct[HAC_lag=5],PASS,True,True,0.0,1e-10
2,stage6_inference_sensitivity.BH_reject_5pct[HAC_lag=10],PASS,True,True,0.0,1e-10
2,stage6_inference_sensitivity.BH_reject_5pct[HAC_lag=1],PASS,False,False,0.0,1e-10
2,stage6_inference_sensitivity.BH_reject_5pct[HAC_lag=5],PASS,False,False,0.0,1e-10
2,stage6_inference_sensitivity.BH_reject_5pct[HAC_lag=10],PASS,False,False,0.0,1e-10
2,stage6_inference_sensitivity.BH_reject_5pct[HAC_lag=1],PASS,True,True,0.0,1e-10
2,stage6_inference_sensitivity.BH_reject_5pct[HAC_lag=5],PASS,True,True,0.0,1e-10
2,stage6_inference_sensitivity.BH_reject_5pct[HAC_lag=10],PASS,True,True,0.0,1e-10
2,stage6_inference_sensitivity.BH_reject_5pct[HAC_lag=1],PASS,False,False,0.0,1e-10
2,stage6_inference_sensitivity.BH_reject_5pct[HAC_lag=5],PASS,False,False,0.0,1e-10
2,stage6_inference_sensitivity.BH_reject_5pct[HAC_lag=10],PASS,False,False,0.0,1e-10
2,stage6_inference_sensitivity.BH_reject_5pct[HAC_lag=1],PASS,True,True,0.0,1e-10
2,stage6_inference_sensitivity.BH_reject_5pct[HAC_lag=5],PASS,True,True,0.0,1e-10
2,stage6_inference_sensitivity.BH_reject_5pct[HAC_lag=10],PASS,True,True,0.0,1e-10
2,stage6_inference_sensitivity.BH_reject_5pct[HAC_lag=1],PASS,False,False,0.0,1e-10
2,stage6_inference_sensitivity.BH_reject_5pct[HAC_lag=5],PASS,False,False,0.0,1e-10
2,stage6_inference_sensitivity.BH_reject_5pct[HAC_lag=10],PASS,False,False,0.0,1e-10
2,stage6_inference_sensitivity.BH_reject_5pct[HAC_lag=1],PASS,True,True,0.0,1e-10
2,stage6_inference_sensitivity.BH_reject_5pct[HAC_lag=5],PASS,True,True,0.0,1e-10
2,stage6_inference_sensitivity.BH_reject_5pct[HAC_lag=10],PASS,True,True,0.0,1e-10
2,stage6_inference_sensitivity.BH_reject_5pct[HAC_lag=1],PASS,False,False,0.0,1e-10
2,stage6_inference_sensitivity.BH_reject_5pct[HAC_lag=5],PASS,False,False,0.0,1e-10
2,stage6_inference_sensitivity.BH_reject_5pct[HAC_lag=10],PASS,False,False,0.0,1e-10
2,stage6_inference_sensitivity.BH_reject_5pct[HAC_lag=1],PASS,True,True,0.0,1e-10
2,stage6_inference_sensitivity.BH_reject_5pct[HAC_lag=5],PASS,True,True,0.0,1e-10
2,stage6_inference_sensitivity.BH_reject_5pct[HAC_lag=10],PASS,True,True,0.0,1e-10
2,stage6_inference_sensitivity.BH_reject_5pct[HAC_lag=1],PASS,False,False,0.0,1e-10
2,stage6_inference_sensitivity.BH_reject_5pct[HAC_lag=5],PASS,False,False,0.0,1e-10
2,stage6_inference_sensitivity.BH_reject_5pct[HAC_lag=10],PASS,False,False,0.0,1e-10
2,stage6_inference_sensitivity.BH_reject_5pct[HAC_lag=1],PASS,True,True,0.0,1e-10
2,stage6_inference_sensitivity.BH_reject_5pct[HAC_lag=5],PASS,True,True,0.0,1e-10
2,stage6_inference_sensitivity.BH_reject_5pct[HAC_lag=10],PASS,True,True,0.0,1e-10
2,stage6_inference_sensitivity.BH_reject_5pct[HAC_lag=1],PASS,False,False,0.0,1e-10
2,stage6_inference_sensitivity.BH_reject_5pct[HAC_lag=5],PASS,False,False,0.0,1e-10
2,stage6_inference_sensitivity.BH_reject_5pct[HAC_lag=10],PASS,False,False,0.0,1e-10
2,stage6_inference_sensitivity.BH_reject_5pct[HAC_lag=1],PASS,True,True,0.0,1e-10
2,stage6_inference_sensitivity.BH_reject_5pct[HAC_lag=5],PASS,True,True,0.0,1e-10
2,stage6_inference_sensitivity.BH_reject_5pct[HAC_lag=10],PASS,True,True,0.0,1e-10
2,stage6_inference_sensitivity.BH_reject_5pct[HAC_lag=1],PASS,False,False,0.0,1e-10
2,stage6_inference_sensitivity.BH_reject_5pct[HAC_lag=5],PASS,False,False,0.0,1e-10
2,stage6_inference_sensitivity.BH_reject_5pct[HAC_lag=10],PASS,False,False,0.0,1e-10
2,stage6_inference_sensitivity.BH_reject_5pct[HAC_lag=1],PASS,True,True,0.0,1e-10
2,stage6_inference_sensitivity.BH_reject_5pct[HAC_lag=5],PASS,True,True,0.0,1e-10
2,stage6_inference_sensitivity.BH_reject_5pct[HAC_lag=10],PASS,True,True,0.0,1e-10
2,stage6_inference_sensitivity.BH_reject_5pct[HAC_lag=1],PASS,False,False,0.0,1e-10
2,stage6_inference_sensitivity.BH_reject_5pct[HAC_lag=5],PASS,False,False,0.0,1e-10
2,stage6_inference_sensitivity.BH_reject_5pct[HAC_lag=10],PASS,False,False,0.0,1e-10
2,stage6_inference_sensitivity.BH_reject_5pct[HAC_lag=1],PASS,True,True,0.0,1e-10
2,stage6_inference_sensitivity.BH_reject_5pct[HAC_lag=5],PASS,True,True,0.0,1e-10
2,stage6_inference_sensitivity.BH_reject_5pct[HAC_lag=10],PASS,True,True,0.0,1e-10
2,stage6_inference_sensitivity.BH_reject_5pct[HAC_lag=1],PASS,False,False,0.0,1e-10
2,stage6_inference_sensitivity.BH_reject_5pct[HAC_lag=5],PASS,False,False,0.0,1e-10
2,stage6_inference_sensitivity.BH_reject_5pct[HAC_lag=10],PASS,False,False,0.0,1e-10
2,stage6_inference_sensitivity.BH_reject_5pct[HAC_lag=1],PASS,True,True,0.0,1e-10
2,stage6_inference_sensitivity.BH_reject_5pct[HAC_lag=5],PASS,True,True,0.0,1e-10
2,stage6_inference_sensitivity.BH_reject_5pct[HAC_lag=10],PASS,True,True,0.0,1e-10
2,stage6_inference_sensitivity.BH_reject_5pct[HAC_lag=1],PASS,False,False,0.0,1e-10
2,stage6_inference_sensitivity.BH_reject_5pct[HAC_lag=5],PASS,False,False,0.0,1e-10
2,stage6_inference_sensitivity.BH_reject_5pct[HAC_lag=10],PASS,False,False,0.0,1e-10
2,stage6_inference_sensitivity.BH_reject_5pct[HAC_lag=1],PASS,True,True,0.0,1e-10
2,stage6_inference_sensitivity.BH_reject_5pct[HAC_lag=5],PASS,True,True,0.0,1e-10
2,stage6_inference_sensitivity.BH_reject_5pct[HAC_lag=10],PASS,True,True,0.0,1e-10
2,stage6_inference_sensitivity.BH_reject_5pct[HAC_lag=1],PASS,False,False,0.0,1e-10
2,stage6_inference_sensitivity.BH_reject_5pct[HAC_lag=5],PASS,False,False,0.0,1e-10
2,stage6_inference_sensitivity.BH_reject_5pct[HAC_lag=10],PASS,False,False,0.0,1e-10
2,stage6_inference_sensitivity.BH_reject_5pct[HAC_lag=1],PASS,True,True,0.0,1e-10
2,stage6_inference_sensitivity.BH_reject_5pct[HAC_lag=5],PASS,True,True,0.0,1e-10
2,stage6_inference_sensitivity.BH_reject_5pct[HAC_lag=10],PASS,True,True,0.0,1e-10
2,stage6_inference_sensitivity.BH_reject_5pct[HAC_lag=1],PASS,False,False,0.0,1e-10
2,stage6_inference_sensitivity.BH_reject_5pct[HAC_lag=5],PASS,False,False,0.0,1e-10
2,stage6_inference_sensitivity.BH_reject_5pct[HAC_lag=10],PASS,False,False,0.0,1e-10
2,stage6_inference_sensitivity.family_size[HAC_lag=1],PASS,12,12,0.0,1e-10
2,stage6_inference_sensitivity.family_size[HAC_lag=5],PASS,12,12,0.0,1e-10
2,stage6_inference_sensitivity.family_size[HAC_lag=10],PASS,12,12,0.0,1e-10
2,stage6_inference_sensitivity.family_size[HAC_lag=1],PASS,12,12,0.0,1e-10
2,stage6_inference_sensitivity.family_size[HAC_lag=5],PASS,12,12,0.0,1e-10
2,stage6_inference_sensitivity.family_size[HAC_lag=10],PASS,12,12,0.0,1e-10
2,stage6_inference_sensitivity.family_size[HAC_lag=1],PASS,12,12,0.0,1e-10
2,stage6_inference_sensitivity.family_size[HAC_lag=5],PASS,12,12,0.0,1e-10
2,stage6_inference_sensitivity.family_size[HAC_lag=10],PASS,12,12,0.0,1e-10
2,stage6_inference_sensitivity.family_size[HAC_lag=1],PASS,12,12,0.0,1e-10
2,stage6_inference_sensitivity.family_size[HAC_lag=5],PASS,12,12,0.0,1e-10
2,stage6_inference_sensitivity.family_size[HAC_lag=10],PASS,12,12,0.0,1e-10
2,stage6_inference_sensitivity.family_size[HAC_lag=1],PASS,12,12,0.0,1e-10
2,stage6_inference_sensitivity.family_size[HAC_lag=5],PASS,12,12,0.0,1e-10
2,stage6_inference_sensitivity.family_size[HAC_lag=10],PASS,12,12,0.0,1e-10
2,stage6_inference_sensitivity.family_size[HAC_lag=1],PASS,12,12,0.0,1e-10
2,stage6_inference_sensitivity.family_size[HAC_lag=5],PASS,12,12,0.0,1e-10
2,stage6_inference_sensitivity.family_size[HAC_lag=10],PASS,12,12,0.0,1e-10
2,stage6_inference_sensitivity.family_size[HAC_lag=1],PASS,12,12,0.0,1e-10
2,stage6_inference_sensitivity.family_size[HAC_lag=5],PASS,12,12,0.0,1e-10
2,stage6_inference_sensitivity.family_size[HAC_lag=10],PASS,12,12,0.0,1e-10
2,stage6_inference_sensitivity.family_size[HAC_lag=1],PASS,12,12,0.0,1e-10
2,stage6_inference_sensitivity.family_size[HAC_lag=5],PASS,12,12,0.0,1e-10
2,stage6_inference_sensitivity.family_size[HAC_lag=10],PASS,12,12,0.0,1e-10
2,stage6_inference_sensitivity.family_size[HAC_lag=1],PASS,12,12,0.0,1e-10
2,stage6_inference_sensitivity.family_size[HAC_lag=5],PASS,12,12,0.0,1e-10
2,stage6_inference_sensitivity.family_size[HAC_lag=10],PASS,12,12,0.0,1e-10
2,stage6_inference_sensitivity.family_size[HAC_lag=1],PASS,12,12,0.0,1e-10
2,stage6_inference_sensitivity.family_size[HAC_lag=5],PASS,12,12,0.0,1e-10
2,stage6_inference_sensitivity.family_size[HAC_lag=10],PASS,12,12,0.0,1e-10
2,stage6_inference_sensitivity.family_size[HAC_lag=1],PASS,12,12,0.0,1e-10
2,stage6_inference_sensitivity.family_size[HAC_lag=5],PASS,12,12,0.0,1e-10
2,stage6_inference_sensitivity.family_size[HAC_lag=10],PASS,12,12,0.0,1e-10
2,stage6_inference_sensitivity.family_size[HAC_lag=1],PASS,12,12,0.0,1e-10
2,stage6_inference_sensitivity.family_size[HAC_lag=5],PASS,12,12,0.0,1e-10
2,stage6_inference_sensitivity.family_size[HAC_lag=10],PASS,12,12,0.0,1e-10
2,stage6_inference_sensitivity.family_size[HAC_lag=1],PASS,12,12,0.0,1e-10
2,stage6_inference_sensitivity.family_size[HAC_lag=5],PASS,12,12,0.0,1e-10
2,stage6_inference_sensitivity.family_size[HAC_lag=10],PASS,12,12,0.0,1e-10
2,stage6_inference_sensitivity.family_size[HAC_lag=1],PASS,12,12,0.0,1e-10
2,stage6_inference_sensitivity.family_size[HAC_lag=5],PASS,12,12,0.0,1e-10
2,stage6_inference_sensitivity.family_size[HAC_lag=10],PASS,12,12,0.0,1e-10
2,stage6_inference_sensitivity.family_size[HAC_lag=1],PASS,12,12,0.0,1e-10
2,stage6_inference_sensitivity.family_size[HAC_lag=5],PASS,12,12,0.0,1e-10
2,stage6_inference_sensitivity.family_size[HAC_lag=10],PASS,12,12,0.0,1e-10
2,stage6_inference_sensitivity.family_size[HAC_lag=1],PASS,12,12,0.0,1e-10
2,stage6_inference_sensitivity.family_size[HAC_lag=5],PASS,12,12,0.0,1e-10
2,stage6_inference_sensitivity.family_size[HAC_lag=10],PASS,12,12,0.0,1e-10
2,stage6_inference_sensitivity.family_size[HAC_lag=1],PASS,12,12,0.0,1e-10
2,stage6_inference_sensitivity.family_size[HAC_lag=5],PASS,12,12,0.0,1e-10
2,stage6_inference_sensitivity.family_size[HAC_lag=10],PASS,12,12,0.0,1e-10
2,stage6_inference_sensitivity.family_size[HAC_lag=1],PASS,12,12,0.0,1e-10
2,stage6_inference_sensitivity.family_size[HAC_lag=5],PASS,12,12,0.0,1e-10
2,stage6_inference_sensitivity.family_size[HAC_lag=10],PASS,12,12,0.0,1e-10
2,stage6_inference_sensitivity.family_size[HAC_lag=1],PASS,12,12,0.0,1e-10
2,stage6_inference_sensitivity.family_size[HAC_lag=5],PASS,12,12,0.0,1e-10
2,stage6_inference_sensitivity.family_size[HAC_lag=10],PASS,12,12,0.0,1e-10
2,stage6_inference_sensitivity.family_size[HAC_lag=1],PASS,12,12,0.0,1e-10
2,stage6_inference_sensitivity.family_size[HAC_lag=5],PASS,12,12,0.0,1e-10
2,stage6_inference_sensitivity.family_size[HAC_lag=10],PASS,12,12,0.0,1e-10
2,stage6_inference_sensitivity.family_size[HAC_lag=1],PASS,12,12,0.0,1e-10
2,stage6_inference_sensitivity.family_size[HAC_lag=5],PASS,12,12,0.0,1e-10
2,stage6_inference_sensitivity.family_size[HAC_lag=10],PASS,12,12,0.0,1e-10
2,stage6_inference_sensitivity.family_size[HAC_lag=1],PASS,12,12,0.0,1e-10
2,stage6_inference_sensitivity.family_size[HAC_lag=5],PASS,12,12,0.0,1e-10
2,stage6_inference_sensitivity.family_size[HAC_lag=10],PASS,12,12,0.0,1e-10
2,stage6_inference_sensitivity.family_size[HAC_lag=1],PASS,12,12,0.0,1e-10
2,stage6_inference_sensitivity.family_size[HAC_lag=5],PASS,12,12,0.0,1e-10
2,stage6_inference_sensitivity.family_size[HAC_lag=10],PASS,12,12,0.0,1e-10
2,stage6_inference_sensitivity.family_size[HAC_lag=1],PASS,12,12,0.0,1e-10
2,stage6_inference_sensitivity.family_size[HAC_lag=5],PASS,12,12,0.0,1e-10
2,stage6_inference_sensitivity.family_size[HAC_lag=10],PASS,12,12,0.0,1e-10
2,forecast_common_rows,FAIL,159060,159514,454.0,0.0
2,economic_candidate_rows,FAIL,162186,163089,903.0,0.0
2,trading_dates,PASS,408,408,0.0,0.0
2,contracts_arima,FAIL,7805,7796,9.0,0.0
2,contracts_ridge,FAIL,7362,7337,25.0,0.0
2,contracts_xgboost,FAIL,7637,7615,22.0,0.0
