model,entry_date,selected_nodes,entry_mapped_nodes,unique_mapped_contracts,duplicated_mappings,collision_rate,max_nodes_one_contract,contracts_receiving_both_signals,gross_weight_before_netting,net_signed_weight,gross_weight_after_netting,active_net_contracts
arima,2023-04-24,20,20,19,1,0.05,2,0,1.0000000000000002,1.3877787807814457e-17,1.0000000000000002,19
arima,2023-04-25,20,20,19,1,0.05,2,0,1.0000000000000002,-1.3877787807814457e-17,1.0000000000000002,19
arima,2023-04-26,20,20,20,0,0.0,1,0,1.0000000000000002,1.3877787807814457e-17,1.0000000000000002,20
arima,2023-04-27,20,20,20,0,0.0,1,0,1.0000000000000002,0.0,1.0000000000000002,20
arima,2023-04-28,20,20,20,0,0.0,1,0,1.0000000000000002,0.0,1.0000000000000002,20
arima,2023-05-01,20,20,19,1,0.05,2,0,1.0000000000000002,1.3877787807814457e-17,1.0000000000000002,19
arima,2023-05-02,20,20,19,1,0.05,2,0,1.0000000000000002,1.3877787807814457e-17,1.0000000000000002,19
arima,2023-05-03,20,20,20,0,0.0,1,0,1.0000000000000002,-1.3877787807814457e-17,1.0000000000000002,20
arima,2023-05-04,20,20,20,0,0.0,1,0,1.0000000000000002,1.3877787807814457e-17,1.0000000000000002,20
arima,2023-05-05,20,20,19,1,0.05,2,0,1.0000000000000002,1.3877787807814457e-17,1.0000000000000002,19
arima,2023-05-08,20,20,19,1,0.05,2,1,1.0000000000000002,0.0,0.9000000000000001,18
arima,2023-05-09,20,20,18,2,0.1,2,1,1.0000000000000002,0.0,0.9000000000000001,17
arima,2023-05-10,20,20,18,2,0.1,3,0,1.0000000000000002,-1.3877787807814457e-17,1.0,18
arima,2023-05-11,20,20,18,2,0.1,2,2,1.0000000000000002,-1.3877787807814457e-17,0.8,16
arima,2023-05-12,20,20,20,0,0.0,1,0,1.0000000000000002,0.0,1.0000000000000002,20
arima,2023-05-15,20,20,18,2,0.1,2,0,1.0000000000000002,0.0,1.0,18
arima,2023-05-16,20,20,20,0,0.0,1,0,1.0000000000000002,0.0,1.0000000000000002,20
arima,2023-05-17,20,20,19,1,0.05,2,0,1.0000000000000002,1.3877787807814457e-17,1.0000000000000002,19
arima,2023-05-18,20,20,20,0,0.0,1,0,1.0000000000000002,1.3877787807814457e-17,1.0000000000000002,20
arima,2023-05-19,20,20,20,0,0.0,1,0,1.0000000000000002,0.0,1.0000000000000002,20
arima,2023-05-22,20,20,18,2,0.1,2,0,1.0000000000000002,0.0,1.0,18
arima,2023-05-23,20,20,18,2,0.1,2,0,1.0000000000000002,-1.3877787807814457e-17,1.0000000000000002,18
arima,2023-05-24,20,20,20,0,0.0,1,0,1.0000000000000002,0.0,1.0000000000000002,20
arima,2023-05-25,20,20,20,0,0.0,1,0,1.0000000000000002,1.3877787807814457e-17,1.0000000000000002,20
arima,2023-05-26,20,20,20,0,0.0,1,0,1.0000000000000002,0.0,1.0000000000000002,20
arima,2023-05-30,20,20,20,0,0.0,1,0,1.0000000000000002,1.3877787807814457e-17,1.0000000000000002,20
arima,2023-05-31,20,20,20,0,0.0,1,0,1.0000000000000002,0.0,1.0000000000000002,20
arima,2023-06-01,20,20,20,0,0.0,1,0,1.0000000000000002,0.0,1.0000000000000002,20
arima,2023-06-02,20,20,20,0,0.0,1,0,1.0000000000000002,-2.7755575615628914e-17,1.0000000000000002,20
arima,2023-06-05,20,20,20,0,0.0,1,0,1.0000000000000002,-2.7755575615628914e-17,1.0000000000000002,20
arima,2023-06-06,20,20,19,1,0.05,2,0,1.0000000000000002,1.3877787807814457e-17,1.0000000000000002,19
arima,2023-06-07,20,20,20,0,0.0,1,0,1.0000000000000002,0.0,1.0000000000000002,20
arima,2023-06-08,20,20,19,1,0.05,2,0,1.0000000000000002,0.0,1.0,19
arima,2023-06-09,20,20,20,0,0.0,1,0,1.0000000000000002,0.0,1.0000000000000002,20
arima,2023-06-12,20,20,19,1,0.05,2,0,1.0000000000000002,-1.3877787807814457e-17,1.0000000000000002,19
arima,2023-06-13,20,20,18,2,0.1,3,0,1.0000000000000002,1.3877787807814457e-17,1.0,18
arima,2023-06-14,20,20,19,1,0.05,2,0,1.0000000000000002,1.3877787807814457e-17,1.0000000000000002,19
arima,2023-06-15,20,20,20,0,0.0,1,0,1.0000000000000002,1.3877787807814457e-17,1.0000000000000002,20
arima,2023-06-16,20,20,19,1,0.05,2,0,1.0000000000000002,0.0,1.0000000000000002,19
arima,2023-06-20,20,20,17,3,0.15,2,0,1.0000000000000002,4.163336342344337e-17,1.0,17
arima,2023-06-21,20,20,19,1,0.05,2,0,1.0000000000000002,-1.3877787807814457e-17,1.0000000000000002,19
arima,2023-06-22,20,20,19,1,0.05,2,1,1.0000000000000002,0.0,0.9000000000000001,18
arima,2023-06-23,20,20,19,1,0.05,2,1,1.0000000000000002,1.3877787807814457e-17,0.9000000000000001,18
arima,2023-06-26,20,20,19,1,0.05,2,0,1.0000000000000002,-1.3877787807814457e-17,1.0000000000000002,19
arima,2023-06-27,20,20,19,1,0.05,2,0,1.0000000000000002,-1.3877787807814457e-17,1.0000000000000002,19
arima,2023-06-28,20,20,20,0,0.0,1,0,1.0000000000000002,1.3877787807814457e-17,1.0000000000000002,20
arima,2023-06-29,20,20,19,1,0.05,2,1,1.0000000000000002,0.0,0.9000000000000001,18
arima,2023-06-30,20,20,20,0,0.0,1,0,1.0000000000000002,0.0,1.0000000000000002,20
arima,2023-07-03,20,0,0,0,,0,0,0.0,0.0,0.0,0
arima,2023-07-05,20,20,19,1,0.05,2,0,1.0000000000000002,1.3877787807814457e-17,1.0000000000000002,19
arima,2023-07-06,20,20,18,2,0.1,2,0,1.0000000000000002,-1.3877787807814457e-17,1.0,18
arima,2023-07-07,20,20,20,0,0.0,1,0,1.0000000000000002,0.0,1.0000000000000002,20
arima,2023-07-10,20,20,18,2,0.1,2,0,1.0000000000000002,0.0,1.0,18
arima,2023-07-11,20,20,20,0,0.0,1,0,1.0000000000000002,0.0,1.0000000000000002,20
arima,2023-07-12,20,20,20,0,0.0,1,0,1.0000000000000002,0.0,1.0000000000000002,20
arima,2023-07-13,20,20,19,1,0.05,2,0,1.0000000000000002,1.3877787807814457e-17,1.0000000000000002,19
arima,2023-07-14,20,20,20,0,0.0,1,0,1.0000000000000002,1.3877787807814457e-17,1.0000000000000002,20
arima,2023-07-17,20,20,18,2,0.1,2,0,1.0000000000000002,0.0,1.0,18
arima,2023-07-18,20,20,19,1,0.05,2,0,1.0000000000000002,-2.7755575615628914e-17,1.0,19
arima,2023-07-19,20,20,19,1,0.05,2,0,1.0000000000000002,0.0,1.0,19
arima,2023-07-20,20,20,19,1,0.05,2,0,1.0000000000000002,-1.3877787807814457e-17,1.0000000000000002,19
arima,2023-07-21,20,20,16,4,0.2,2,0,1.0000000000000002,0.0,1.0,16
arima,2023-07-24,20,20,18,2,0.1,2,0,1.0000000000000002,0.0,1.0,18
arima,2023-07-25,20,20,16,4,0.2,3,0,1.0000000000000002,0.0,1.0,16
arima,2023-07-26,20,20,19,1,0.05,2,0,1.0000000000000002,0.0,1.0000000000000002,19
arima,2023-07-27,20,20,20,0,0.0,1,0,1.0000000000000002,0.0,1.0000000000000002,20
arima,2023-07-28,20,20,20,0,0.0,1,0,1.0000000000000002,0.0,1.0000000000000002,20
arima,2023-07-31,20,20,17,3,0.15,2,0,1.0000000000000002,1.3877787807814457e-17,1.0,17
arima,2023-08-01,20,20,19,1,0.05,2,0,1.0000000000000002,-1.3877787807814457e-17,1.0000000000000002,19
arima,2023-08-02,20,20,20,0,0.0,1,0,1.0000000000000002,0.0,1.0000000000000002,20
arima,2023-08-03,20,20,19,1,0.05,2,0,1.0000000000000002,0.0,1.0,19
arima,2023-08-04,20,20,20,0,0.0,1,0,1.0000000000000002,0.0,1.0000000000000002,20
arima,2023-08-07,20,20,19,1,0.05,2,0,1.0000000000000002,0.0,1.0000000000000002,19
arima,2023-08-08,20,20,18,2,0.1,2,0,1.0000000000000002,1.3877787807814457e-17,1.0000000000000002,18
arima,2023-08-09,20,20,17,3,0.15,2,2,1.0000000000000002,0.0,0.8,15
arima,2023-08-10,20,20,18,2,0.1,2,0,1.0000000000000002,0.0,1.0,18
arima,2023-08-11,20,20,19,1,0.05,2,0,1.0000000000000002,0.0,1.0000000000000002,19
arima,2023-08-14,20,20,17,3,0.15,2,0,1.0000000000000002,-1.3877787807814457e-17,1.0,17
arima,2023-08-15,20,20,18,2,0.1,2,0,1.0000000000000002,0.0,1.0,18
arima,2023-08-16,20,20,20,0,0.0,1,0,1.0000000000000002,0.0,1.0000000000000002,20
arima,2023-08-17,20,20,17,3,0.15,2,0,1.0000000000000002,0.0,1.0,17
arima,2023-08-18,20,20,18,2,0.1,2,0,1.0000000000000002,0.0,1.0,18
arima,2023-08-21,20,20,19,1,0.05,2,0,1.0000000000000002,1.3877787807814457e-17,1.0000000000000002,19
arima,2023-08-22,20,20,20,0,0.0,1,0,1.0000000000000002,0.0,1.0000000000000002,20
arima,2023-08-23,20,20,19,1,0.05,2,0,1.0000000000000002,1.3877787807814457e-17,1.0000000000000002,19
arima,2023-08-24,20,20,19,1,0.05,2,0,1.0000000000000002,0.0,1.0000000000000002,19
arima,2023-08-25,20,20,18,2,0.1,2,1,1.0000000000000002,0.0,0.9000000000000001,17
arima,2023-08-28,20,20,19,1,0.05,2,0,1.0000000000000002,1.3877787807814457e-17,1.0000000000000002,19
arima,2023-08-29,20,20,19,1,0.05,2,0,1.0000000000000002,-1.3877787807814457e-17,1.0000000000000002,19
arima,2023-08-30,20,20,20,0,0.0,1,0,1.0000000000000002,-1.3877787807814457e-17,1.0000000000000002,20
arima,2023-08-31,20,20,19,1,0.05,2,0,1.0000000000000002,-4.163336342344337e-17,1.0000000000000002,19
arima,2023-09-01,20,20,17,3,0.15,2,1,1.0000000000000002,0.0,0.9,16
arima,2023-09-05,20,20,18,2,0.1,2,0,1.0000000000000002,1.3877787807814457e-17,1.0,18
arima,2023-09-06,20,20,19,1,0.05,2,0,1.0000000000000002,0.0,1.0,19
arima,2023-09-07,20,20,19,1,0.05,2,0,1.0000000000000002,-1.3877787807814457e-17,1.0000000000000002,19
arima,2023-09-08,20,20,20,0,0.0,1,0,1.0000000000000002,0.0,1.0000000000000002,20
arima,2023-09-11,20,20,20,0,0.0,1,0,1.0000000000000002,0.0,1.0000000000000002,20
arima,2023-09-12,20,20,19,1,0.05,2,0,1.0000000000000002,-1.3877787807814457e-17,1.0000000000000002,19
arima,2023-09-13,20,20,19,1,0.05,2,0,1.0000000000000002,-1.3877787807814457e-17,1.0000000000000002,19
arima,2023-09-14,20,20,20,0,0.0,1,0,1.0000000000000002,0.0,1.0000000000000002,20
arima,2023-09-15,20,20,19,1,0.05,2,0,1.0000000000000002,-1.3877787807814457e-17,1.0000000000000002,19
arima,2023-09-18,20,20,19,1,0.05,2,0,1.0000000000000002,1.3877787807814457e-17,1.0000000000000002,19
arima,2023-09-19,20,20,19,1,0.05,2,0,1.0000000000000002,0.0,1.0,19
arima,2023-09-20,20,20,20,0,0.0,1,0,1.0000000000000002,-1.3877787807814457e-17,1.0000000000000002,20
arima,2023-09-21,20,20,20,0,0.0,1,0,1.0000000000000002,-1.3877787807814457e-17,1.0000000000000002,20
arima,2023-09-22,20,20,19,1,0.05,2,1,1.0000000000000002,0.0,0.9000000000000001,18
arima,2023-09-25,20,20,19,1,0.05,2,1,1.0000000000000002,1.3877787807814457e-17,0.9000000000000001,18
arima,2023-09-26,20,20,20,0,0.0,1,0,1.0000000000000002,0.0,1.0000000000000002,20
arima,2023-09-27,20,20,20,0,0.0,1,0,1.0000000000000002,1.3877787807814457e-17,1.0000000000000002,20
arima,2023-09-28,20,20,19,1,0.05,2,1,1.0000000000000002,1.3877787807814457e-17,0.9000000000000001,18
arima,2023-09-29,20,20,19,1,0.05,2,0,1.0000000000000002,0.0,1.0,19
arima,2023-10-02,20,20,18,2,0.1,2,0,1.0000000000000002,0.0,1.0000000000000002,18
arima,2023-10-03,20,20,19,1,0.05,2,0,1.0000000000000002,0.0,1.0000000000000002,19
arima,2023-10-04,20,20,20,0,0.0,1,0,1.0000000000000002,0.0,1.0000000000000002,20
arima,2023-10-05,20,20,19,1,0.05,2,0,1.0000000000000002,1.3877787807814457e-17,1.0000000000000002,19
arima,2023-10-06,20,20,19,1,0.05,2,0,1.0000000000000002,-1.3877787807814457e-17,1.0000000000000002,19
arima,2023-10-09,20,0,0,0,,0,0,0.0,0.0,0.0,0
arima,2023-10-11,20,20,20,0,0.0,1,0,1.0000000000000002,0.0,1.0000000000000002,20
arima,2023-10-12,20,20,20,0,0.0,1,0,1.0000000000000002,0.0,1.0000000000000002,20
arima,2023-10-13,20,20,19,1,0.05,2,0,1.0000000000000002,1.3877787807814457e-17,1.0000000000000002,19
arima,2023-10-16,20,20,18,2,0.1,2,0,1.0000000000000002,0.0,1.0,18
arima,2023-10-17,20,20,20,0,0.0,1,0,1.0000000000000002,0.0,1.0000000000000002,20
arima,2023-10-18,20,20,18,2,0.1,2,1,1.0000000000000002,-1.3877787807814457e-17,0.9000000000000001,17
arima,2023-10-19,20,20,20,0,0.0,1,0,1.0000000000000002,0.0,1.0000000000000002,20
arima,2023-10-20,20,20,19,1,0.05,2,0,1.0000000000000002,1.3877787807814457e-17,1.0,19
arima,2023-10-23,20,20,20,0,0.0,1,0,1.0000000000000002,1.3877787807814457e-17,1.0000000000000002,20
arima,2023-10-24,20,20,20,0,0.0,1,0,1.0000000000000002,1.3877787807814457e-17,1.0000000000000002,20
arima,2023-10-25,20,20,19,1,0.05,2,0,1.0000000000000002,1.3877787807814457e-17,1.0,19
arima,2023-10-26,20,20,19,1,0.05,2,0,1.0000000000000002,0.0,1.0000000000000002,19
arima,2023-10-27,20,20,19,1,0.05,2,0,1.0000000000000002,1.3877787807814457e-17,1.0000000000000002,19
arima,2023-10-30,20,20,17,3,0.15,3,1,1.0000000000000002,4.163336342344337e-17,0.9000000000000001,17
arima,2023-10-31,20,20,19,1,0.05,2,0,1.0000000000000002,0.0,1.0,19
arima,2023-11-01,20,0,0,0,,0,0,0.0,0.0,0.0,0
arima,2023-11-03,20,20,20,0,0.0,1,0,1.0000000000000002,0.0,1.0000000000000002,20
arima,2023-11-06,20,20,20,0,0.0,1,0,1.0000000000000002,0.0,1.0000000000000002,20
arima,2023-11-07,20,20,20,0,0.0,1,0,1.0000000000000002,-1.3877787807814457e-17,1.0000000000000002,20
arima,2023-11-08,20,20,19,1,0.05,2,0,1.0000000000000002,1.3877787807814457e-17,1.0000000000000002,19
arima,2023-11-09,20,20,20,0,0.0,1,0,1.0000000000000002,0.0,1.0000000000000002,20
arima,2023-11-10,20,20,20,0,0.0,1,0,1.0000000000000002,0.0,1.0000000000000002,20
arima,2023-11-13,20,20,19,1,0.05,2,0,1.0000000000000002,-1.3877787807814457e-17,1.0000000000000002,19
arima,2023-11-14,20,20,18,2,0.1,2,0,1.0000000000000002,0.0,1.0,18
arima,2023-11-15,20,20,19,1,0.05,2,0,1.0000000000000002,4.163336342344337e-17,1.0000000000000002,19
arima,2023-11-16,20,20,17,3,0.15,2,0,1.0000000000000002,0.0,1.0,17
arima,2023-11-17,20,20,19,1,0.05,2,0,1.0000000000000002,1.3877787807814457e-17,1.0000000000000002,19
arima,2023-11-20,20,20,20,0,0.0,1,0,1.0000000000000002,0.0,1.0000000000000002,20
arima,2023-11-21,20,20,18,2,0.1,2,0,1.0000000000000002,-1.3877787807814457e-17,1.0,18
arima,2023-11-22,20,20,18,2,0.1,2,0,1.0000000000000002,-1.3877787807814457e-17,1.0,18
arima,2023-11-24,20,0,0,0,,0,0,0.0,0.0,0.0,0
arima,2023-11-27,20,20,17,3,0.15,2,0,1.0000000000000002,-1.3877787807814457e-17,1.0,17
arima,2023-11-28,20,20,17,3,0.15,2,0,1.0000000000000002,2.7755575615628914e-17,1.0,17
arima,2023-11-29,20,20,18,2,0.1,2,0,1.0000000000000002,0.0,1.0,18
arima,2023-11-30,20,20,20,0,0.0,1,0,1.0000000000000002,1.3877787807814457e-17,1.0000000000000002,20
arima,2023-12-01,20,20,19,1,0.05,2,0,1.0000000000000002,1.3877787807814457e-17,1.0000000000000002,19
arima,2023-12-04,20,20,19,1,0.05,2,0,1.0000000000000002,-1.3877787807814457e-17,1.0,19
arima,2023-12-05,20,20,18,2,0.1,2,0,1.0000000000000002,-1.3877787807814457e-17,1.0000000000000002,18
arima,2023-12-06,20,20,20,0,0.0,1,0,1.0000000000000002,-1.3877787807814457e-17,1.0000000000000002,20
arima,2023-12-07,20,20,19,1,0.05,2,0,1.0000000000000002,1.3877787807814457e-17,1.0000000000000002,19
arima,2023-12-08,20,20,18,2,0.1,2,1,1.0000000000000002,-1.3877787807814457e-17,0.9000000000000001,17
arima,2023-12-11,20,20,20,0,0.0,1,0,1.0000000000000002,0.0,1.0000000000000002,20
arima,2023-12-12,20,20,20,0,0.0,1,0,1.0000000000000002,-1.3877787807814457e-17,1.0000000000000002,20
arima,2023-12-13,20,20,20,0,0.0,1,0,1.0000000000000002,-1.3877787807814457e-17,1.0000000000000002,20
arima,2023-12-14,20,20,20,0,0.0,1,0,1.0000000000000002,-1.3877787807814457e-17,1.0000000000000002,20
arima,2023-12-15,20,20,19,1,0.05,2,0,1.0000000000000002,0.0,1.0,19
arima,2023-12-18,20,20,19,1,0.05,2,0,1.0000000000000002,-1.3877787807814457e-17,1.0000000000000002,19
arima,2023-12-19,20,20,18,2,0.1,2,1,1.0000000000000002,0.0,0.9000000000000001,17
arima,2023-12-20,20,20,20,0,0.0,1,0,1.0000000000000002,1.3877787807814457e-17,1.0000000000000002,20
arima,2023-12-21,20,20,20,0,0.0,1,0,1.0000000000000002,1.3877787807814457e-17,1.0000000000000002,20
arima,2023-12-22,20,20,20,0,0.0,1,0,1.0000000000000002,0.0,1.0000000000000002,20
arima,2023-12-26,20,20,18,2,0.1,2,0,1.0000000000000002,1.3877787807814457e-17,1.0,18
arima,2023-12-27,20,20,20,0,0.0,1,0,1.0000000000000002,1.3877787807814457e-17,1.0000000000000002,20
arima,2023-12-28,20,20,20,0,0.0,1,0,1.0000000000000002,1.3877787807814457e-17,1.0000000000000002,20
arima,2023-12-29,20,20,19,1,0.05,2,0,1.0000000000000002,0.0,1.0,19
arima,2024-01-02,20,20,20,0,0.0,1,0,1.0000000000000002,-1.3877787807814457e-17,1.0000000000000002,20
arima,2024-01-03,20,20,19,1,0.05,2,0,1.0000000000000002,1.3877787807814457e-17,1.0000000000000002,19
arima,2024-01-04,20,20,20,0,0.0,1,0,1.0000000000000002,0.0,1.0000000000000002,20
arima,2024-01-05,20,20,18,2,0.1,2,0,1.0000000000000002,1.3877787807814457e-17,1.0000000000000002,18
arima,2024-01-08,20,20,17,3,0.15,2,2,1.0000000000000002,0.0,0.8,15
arima,2024-01-09,20,20,19,1,0.05,2,0,1.0000000000000002,1.3877787807814457e-17,1.0,19
arima,2024-01-10,20,20,20,0,0.0,1,0,1.0000000000000002,0.0,1.0000000000000002,20
arima,2024-01-11,20,20,20,0,0.0,1,0,1.0000000000000002,-1.3877787807814457e-17,1.0000000000000002,20
arima,2024-01-12,20,20,20,0,0.0,1,0,1.0000000000000002,-1.3877787807814457e-17,1.0000000000000002,20
arima,2024-01-16,20,20,20,0,0.0,1,0,1.0000000000000002,0.0,1.0000000000000002,20
arima,2024-01-17,20,20,19,1,0.05,2,1,1.0000000000000002,0.0,0.9000000000000001,18
arima,2024-01-18,20,20,20,0,0.0,1,0,1.0000000000000002,0.0,1.0000000000000002,20
arima,2024-01-19,20,20,20,0,0.0,1,0,1.0000000000000002,1.3877787807814457e-17,1.0000000000000002,20
arima,2024-01-22,20,20,20,0,0.0,1,0,1.0000000000000002,0.0,1.0000000000000002,20
arima,2024-01-23,20,20,18,2,0.1,2,0,1.0000000000000002,0.0,1.0,18
arima,2024-01-24,20,20,20,0,0.0,1,0,1.0000000000000002,0.0,1.0000000000000002,20
arima,2024-01-25,20,20,20,0,0.0,1,0,1.0000000000000002,-1.3877787807814457e-17,1.0000000000000002,20
arima,2024-01-26,20,20,20,0,0.0,1,0,1.0000000000000002,0.0,1.0000000000000002,20
arima,2024-01-29,20,20,16,4,0.2,5,1,1.0000000000000002,-1.3877787807814457e-17,0.9,16
arima,2024-01-30,20,20,20,0,0.0,1,0,1.0000000000000002,0.0,1.0000000000000002,20
arima,2024-01-31,20,20,19,1,0.05,2,0,1.0000000000000002,1.3877787807814457e-17,1.0000000000000002,19
arima,2024-02-01,20,20,20,0,0.0,1,0,1.0000000000000002,0.0,1.0000000000000002,20
arima,2024-02-02,20,20,20,0,0.0,1,0,1.0000000000000002,0.0,1.0000000000000002,20
arima,2024-02-05,20,20,20,0,0.0,1,0,1.0000000000000002,1.3877787807814457e-17,1.0000000000000002,20
arima,2024-02-06,20,20,16,4,0.2,3,1,1.0000000000000002,0.0,0.9,16
arima,2024-02-07,20,20,20,0,0.0,1,0,1.0000000000000002,0.0,1.0000000000000002,20
arima,2024-02-08,20,20,19,1,0.05,2,0,1.0000000000000002,1.3877787807814457e-17,1.0000000000000002,19
arima,2024-02-09,20,20,20,0,0.0,1,0,1.0000000000000002,0.0,1.0000000000000002,20
arima,2024-02-12,20,20,20,0,0.0,1,0,1.0000000000000002,0.0,1.0000000000000002,20
arima,2024-02-13,20,20,20,0,0.0,1,0,1.0000000000000002,0.0,1.0000000000000002,20
arima,2024-02-14,20,20,20,0,0.0,1,0,1.0000000000000002,1.3877787807814457e-17,1.0000000000000002,20
arima,2024-02-15,20,20,19,1,0.05,2,0,1.0000000000000002,0.0,1.0,19
arima,2024-02-16,20,20,19,1,0.05,2,0,1.0000000000000002,1.3877787807814457e-17,1.0,19
arima,2024-02-20,20,20,18,2,0.1,2,0,1.0000000000000002,-2.7755575615628914e-17,1.0,18
arima,2024-02-21,20,20,20,0,0.0,1,0,1.0000000000000002,-1.3877787807814457e-17,1.0000000000000002,20
arima,2024-02-22,20,20,19,1,0.05,2,0,1.0000000000000002,-1.3877787807814457e-17,1.0000000000000002,19
arima,2024-02-23,20,20,20,0,0.0,1,0,1.0000000000000002,0.0,1.0000000000000002,20
arima,2024-02-26,20,20,20,0,0.0,1,0,1.0000000000000002,-1.3877787807814457e-17,1.0000000000000002,20
arima,2024-02-27,20,20,20,0,0.0,1,0,1.0000000000000002,-1.3877787807814457e-17,1.0000000000000002,20
arima,2024-02-28,20,20,20,0,0.0,1,0,1.0000000000000002,0.0,1.0000000000000002,20
arima,2024-02-29,20,20,19,1,0.05,2,1,1.0000000000000002,-1.3877787807814457e-17,0.9000000000000001,18
arima,2024-03-01,20,20,20,0,0.0,1,0,1.0000000000000002,0.0,1.0000000000000002,20
arima,2024-03-04,20,20,20,0,0.0,1,0,1.0000000000000002,0.0,1.0000000000000002,20
arima,2024-03-05,20,20,20,0,0.0,1,0,1.0000000000000002,-1.3877787807814457e-17,1.0000000000000002,20
arima,2024-03-06,20,20,20,0,0.0,1,0,1.0000000000000002,0.0,1.0000000000000002,20
arima,2024-03-07,20,20,20,0,0.0,1,0,1.0000000000000002,0.0,1.0000000000000002,20
arima,2024-03-08,20,20,19,1,0.05,2,0,1.0000000000000002,-1.3877787807814457e-17,1.0000000000000002,19
arima,2024-03-11,20,20,20,0,0.0,1,0,1.0000000000000002,1.3877787807814457e-17,1.0000000000000002,20
arima,2024-03-12,20,20,20,0,0.0,1,0,1.0000000000000002,-1.3877787807814457e-17,1.0000000000000002,20
arima,2024-03-13,20,20,20,0,0.0,1,0,1.0000000000000002,0.0,1.0000000000000002,20
arima,2024-03-14,20,20,20,0,0.0,1,0,1.0000000000000002,0.0,1.0000000000000002,20
arima,2024-03-15,20,20,20,0,0.0,1,0,1.0000000000000002,0.0,1.0000000000000002,20
arima,2024-03-18,20,20,20,0,0.0,1,0,1.0000000000000002,-1.3877787807814457e-17,1.0000000000000002,20
arima,2024-03-19,20,20,19,1,0.05,2,0,1.0000000000000002,-1.3877787807814457e-17,1.0000000000000002,19
arima,2024-03-20,20,20,20,0,0.0,1,0,1.0000000000000002,-1.3877787807814457e-17,1.0000000000000002,20
arima,2024-03-21,20,20,18,2,0.1,2,0,1.0000000000000002,0.0,1.0000000000000002,18
arima,2024-03-22,20,20,20,0,0.0,1,0,1.0000000000000002,0.0,1.0000000000000002,20
arima,2024-03-25,20,20,19,1,0.05,2,0,1.0000000000000002,0.0,1.0,19
arima,2024-03-26,20,20,20,0,0.0,1,0,1.0000000000000002,0.0,1.0000000000000002,20
arima,2024-03-27,20,20,19,1,0.05,2,0,1.0000000000000002,0.0,1.0,19
arima,2024-03-28,20,20,18,2,0.1,2,1,1.0000000000000002,0.0,0.9000000000000001,17
arima,2024-04-01,20,20,20,0,0.0,1,0,1.0000000000000002,0.0,1.0000000000000002,20
arima,2024-04-02,20,20,20,0,0.0,1,0,1.0000000000000002,0.0,1.0000000000000002,20
arima,2024-04-03,20,20,20,0,0.0,1,0,1.0000000000000002,0.0,1.0000000000000002,20
arima,2024-04-04,20,20,20,0,0.0,1,0,1.0000000000000002,0.0,1.0000000000000002,20
arima,2024-04-05,20,20,19,1,0.05,2,0,1.0000000000000002,0.0,1.0000000000000002,19
arima,2024-04-08,20,20,18,2,0.1,2,0,1.0000000000000002,1.3877787807814457e-17,1.0,18
arima,2024-04-09,20,20,19,1,0.05,2,1,1.0000000000000002,1.3877787807814457e-17,0.9000000000000001,18
arima,2024-04-10,20,20,19,1,0.05,2,0,1.0000000000000002,0.0,1.0000000000000002,19
arima,2024-04-11,20,20,20,0,0.0,1,0,1.0000000000000002,0.0,1.0000000000000002,20
arima,2024-04-12,20,20,20,0,0.0,1,0,1.0000000000000002,0.0,1.0000000000000002,20
arima,2024-04-15,20,20,20,0,0.0,1,0,1.0000000000000002,0.0,1.0000000000000002,20
arima,2024-04-16,20,20,20,0,0.0,1,0,1.0000000000000002,0.0,1.0000000000000002,20
arima,2024-04-17,20,20,20,0,0.0,1,0,1.0000000000000002,0.0,1.0000000000000002,20
arima,2024-04-18,20,20,20,0,0.0,1,0,1.0000000000000002,1.3877787807814457e-17,1.0000000000000002,20
arima,2024-04-19,20,20,20,0,0.0,1,0,1.0000000000000002,1.3877787807814457e-17,1.0000000000000002,20
arima,2024-04-22,20,20,20,0,0.0,1,0,1.0000000000000002,0.0,1.0000000000000002,20
arima,2024-04-23,20,20,19,1,0.05,2,1,1.0000000000000002,0.0,0.9000000000000001,18
arima,2024-04-24,20,20,20,0,0.0,1,0,1.0000000000000002,0.0,1.0000000000000002,20
arima,2024-04-25,20,20,20,0,0.0,1,0,1.0000000000000002,0.0,1.0000000000000002,20
arima,2024-04-26,20,20,18,2,0.1,2,0,1.0000000000000002,0.0,1.0,18
arima,2024-04-29,20,20,17,3,0.15,3,1,1.0000000000000002,1.3877787807814457e-17,0.9000000000000001,17
arima,2024-04-30,20,20,20,0,0.0,1,0,1.0000000000000002,0.0,1.0000000000000002,20
arima,2024-05-01,20,20,19,1,0.05,2,0,1.0000000000000002,0.0,1.0,19
arima,2024-05-02,20,20,18,2,0.1,3,0,1.0000000000000002,1.3877787807814457e-17,1.0,18
arima,2024-05-03,20,20,20,0,0.0,1,0,1.0000000000000002,0.0,1.0000000000000002,20
arima,2024-05-06,20,20,20,0,0.0,1,0,1.0000000000000002,-1.3877787807814457e-17,1.0000000000000002,20
arima,2024-05-07,20,20,19,1,0.05,2,0,1.0000000000000002,-1.3877787807814457e-17,1.0000000000000002,19
arima,2024-05-08,20,20,20,0,0.0,1,0,1.0000000000000002,-1.3877787807814457e-17,1.0000000000000002,20
arima,2024-05-09,20,20,20,0,0.0,1,0,1.0000000000000002,-1.3877787807814457e-17,1.0000000000000002,20
arima,2024-05-10,20,20,18,2,0.1,2,0,1.0000000000000002,-1.3877787807814457e-17,1.0000000000000002,18
arima,2024-05-13,20,20,18,2,0.1,2,0,1.0000000000000002,-1.3877787807814457e-17,1.0,18
arima,2024-05-14,20,20,19,1,0.05,2,0,1.0000000000000002,-1.3877787807814457e-17,1.0000000000000002,19
arima,2024-05-15,20,20,19,1,0.05,2,0,1.0000000000000002,1.3877787807814457e-17,1.0000000000000002,19
arima,2024-05-16,20,20,19,1,0.05,2,0,1.0000000000000002,-1.3877787807814457e-17,1.0000000000000002,19
arima,2024-05-17,20,20,19,1,0.05,2,0,1.0000000000000002,-1.3877787807814457e-17,1.0000000000000002,19
arima,2024-05-20,20,20,20,0,0.0,1,0,1.0000000000000002,0.0,1.0000000000000002,20
arima,2024-05-21,20,20,18,2,0.1,2,1,1.0000000000000002,1.3877787807814457e-17,0.9000000000000001,17
arima,2024-05-22,20,20,18,2,0.1,2,0,1.0000000000000002,0.0,1.0,18
arima,2024-05-23,20,20,18,2,0.1,2,0,1.0000000000000002,0.0,1.0,18
arima,2024-05-24,20,20,16,4,0.2,4,1,1.0000000000000002,0.0,0.8,15
arima,2024-05-28,20,20,19,1,0.05,2,0,1.0000000000000002,0.0,1.0000000000000002,19
arima,2024-05-29,20,20,18,2,0.1,2,0,1.0000000000000002,2.7755575615628914e-17,1.0,18
arima,2024-05-30,20,20,18,2,0.1,2,1,1.0000000000000002,0.0,0.9000000000000001,17
arima,2024-05-31,20,20,20,0,0.0,1,0,1.0000000000000002,0.0,1.0000000000000002,20
arima,2024-06-03,20,20,19,1,0.05,2,0,1.0000000000000002,-1.3877787807814457e-17,1.0000000000000002,19
arima,2024-06-04,20,20,19,1,0.05,2,0,1.0000000000000002,0.0,1.0,19
arima,2024-06-05,20,20,19,1,0.05,2,1,1.0000000000000002,0.0,0.9000000000000001,18
arima,2024-06-06,20,20,20,0,0.0,1,0,1.0000000000000002,-1.3877787807814457e-17,1.0000000000000002,20
arima,2024-06-07,20,20,19,1,0.05,2,0,1.0000000000000002,-1.3877787807814457e-17,1.0000000000000002,19
arima,2024-06-10,20,20,20,0,0.0,1,0,1.0000000000000002,1.3877787807814457e-17,1.0000000000000002,20
arima,2024-06-11,20,20,18,2,0.1,2,0,1.0000000000000002,1.3877787807814457e-17,1.0,18
arima,2024-06-12,20,20,20,0,0.0,1,0,1.0000000000000002,-1.3877787807814457e-17,1.0000000000000002,20
arima,2024-06-13,20,20,20,0,0.0,1,0,1.0000000000000002,0.0,1.0000000000000002,20
arima,2024-06-14,20,20,20,0,0.0,1,0,1.0000000000000002,0.0,1.0000000000000002,20
arima,2024-06-17,20,20,20,0,0.0,1,0,1.0000000000000002,1.3877787807814457e-17,1.0000000000000002,20
arima,2024-06-18,20,20,19,1,0.05,2,0,1.0000000000000002,0.0,1.0000000000000002,19
arima,2024-06-20,20,20,18,2,0.1,2,0,1.0000000000000002,-1.3877787807814457e-17,1.0,18
arima,2024-06-21,20,20,19,1,0.05,2,0,1.0000000000000002,0.0,1.0000000000000002,19
arima,2024-06-24,20,20,20,0,0.0,1,0,1.0000000000000002,1.3877787807814457e-17,1.0000000000000002,20
arima,2024-06-25,20,20,20,0,0.0,1,0,1.0000000000000002,0.0,1.0000000000000002,20
arima,2024-06-26,20,20,20,0,0.0,1,0,1.0000000000000002,0.0,1.0000000000000002,20
arima,2024-06-27,20,20,19,1,0.05,2,0,1.0000000000000002,-1.3877787807814457e-17,1.0000000000000002,19
arima,2024-06-28,20,20,20,0,0.0,1,0,1.0000000000000002,1.3877787807814457e-17,1.0000000000000002,20
arima,2024-07-01,20,20,19,1,0.05,2,0,1.0000000000000002,0.0,1.0,19
arima,2024-07-02,20,20,19,1,0.05,2,0,1.0000000000000002,1.3877787807814457e-17,1.0000000000000002,19
arima,2024-07-03,20,0,0,0,,0,0,0.0,0.0,0.0,0
arima,2024-07-05,20,20,19,1,0.05,2,0,1.0000000000000002,-1.3877787807814457e-17,1.0000000000000002,19
arima,2024-07-08,20,20,20,0,0.0,1,0,1.0000000000000002,0.0,1.0000000000000002,20
arima,2024-07-09,20,20,20,0,0.0,1,0,1.0000000000000002,0.0,1.0000000000000002,20
arima,2024-07-10,20,20,20,0,0.0,1,0,1.0000000000000002,0.0,1.0000000000000002,20
arima,2024-07-11,20,20,20,0,0.0,1,0,1.0000000000000002,0.0,1.0000000000000002,20
arima,2024-07-12,20,20,20,0,0.0,1,0,1.0000000000000002,-1.3877787807814457e-17,1.0000000000000002,20
arima,2024-07-15,20,20,19,1,0.05,2,0,1.0000000000000002,-1.3877787807814457e-17,1.0000000000000002,19
arima,2024-07-16,20,20,19,1,0.05,2,0,1.0000000000000002,0.0,1.0,19
arima,2024-07-17,20,20,20,0,0.0,1,0,1.0000000000000002,0.0,1.0000000000000002,20
arima,2024-07-18,20,20,20,0,0.0,1,0,1.0000000000000002,0.0,1.0000000000000002,20
arima,2024-07-19,20,20,20,0,0.0,1,0,1.0000000000000002,1.3877787807814457e-17,1.0000000000000002,20
arima,2024-07-22,20,20,20,0,0.0,1,0,1.0000000000000002,0.0,1.0000000000000002,20
arima,2024-07-23,20,20,20,0,0.0,1,0,1.0000000000000002,0.0,1.0000000000000002,20
arima,2024-07-24,20,20,16,4,0.2,2,0,1.0000000000000002,0.0,1.0,16
arima,2024-07-25,20,20,20,0,0.0,1,0,1.0000000000000002,1.3877787807814457e-17,1.0000000000000002,20
arima,2024-07-26,20,20,19,1,0.05,2,0,1.0000000000000002,1.3877787807814457e-17,1.0000000000000002,19
arima,2024-07-29,20,20,20,0,0.0,1,0,1.0000000000000002,0.0,1.0000000000000002,20
arima,2024-07-30,20,20,20,0,0.0,1,0,1.0000000000000002,1.3877787807814457e-17,1.0000000000000002,20
arima,2024-07-31,20,20,20,0,0.0,1,0,1.0000000000000002,1.3877787807814457e-17,1.0000000000000002,20
arima,2024-08-01,20,20,20,0,0.0,1,0,1.0000000000000002,0.0,1.0000000000000002,20
arima,2024-08-02,20,20,20,0,0.0,1,0,1.0000000000000002,0.0,1.0000000000000002,20
arima,2024-08-05,20,20,20,0,0.0,1,0,1.0000000000000002,1.3877787807814457e-17,1.0000000000000002,20
arima,2024-08-06,18,18,18,0,0.0,1,0,1.0,1.3877787807814457e-17,1.0,18
arima,2024-08-07,20,20,20,0,0.0,1,0,1.0000000000000002,1.3877787807814457e-17,1.0000000000000002,20
arima,2024-08-08,20,20,20,0,0.0,1,0,1.0000000000000002,-4.163336342344337e-17,1.0000000000000002,20
arima,2024-08-09,20,20,20,0,0.0,1,0,1.0000000000000002,1.3877787807814457e-17,1.0000000000000002,20
arima,2024-08-12,20,20,18,2,0.1,2,0,1.0000000000000002,1.3877787807814457e-17,1.0,18
arima,2024-08-13,20,20,19,1,0.05,2,0,1.0000000000000002,1.3877787807814457e-17,1.0000000000000002,19
arima,2024-08-14,20,20,20,0,0.0,1,0,1.0000000000000002,-1.3877787807814457e-17,1.0000000000000002,20
arima,2024-08-15,20,20,19,1,0.05,2,1,1.0000000000000002,1.3877787807814457e-17,0.9000000000000001,18
arima,2024-08-16,20,20,18,2,0.1,2,0,1.0000000000000002,0.0,1.0,18
arima,2024-08-19,20,20,20,0,0.0,1,0,1.0000000000000002,-1.3877787807814457e-17,1.0000000000000002,20
arima,2024-08-20,20,20,19,1,0.05,2,1,1.0000000000000002,0.0,0.9000000000000001,18
arima,2024-08-21,20,20,20,0,0.0,1,0,1.0000000000000002,-1.3877787807814457e-17,1.0000000000000002,20
arima,2024-08-22,20,20,17,3,0.15,3,0,1.0000000000000002,0.0,1.0,17
arima,2024-08-23,20,20,19,1,0.05,2,0,1.0000000000000002,0.0,1.0,19
arima,2024-08-26,20,20,20,0,0.0,1,0,1.0000000000000002,1.3877787807814457e-17,1.0000000000000002,20
arima,2024-08-27,20,20,19,1,0.05,2,0,1.0000000000000002,-1.3877787807814457e-17,1.0000000000000002,19
arima,2024-08-28,20,20,20,0,0.0,1,0,1.0000000000000002,0.0,1.0000000000000002,20
arima,2024-08-29,20,20,19,1,0.05,2,0,1.0000000000000002,1.3877787807814457e-17,1.0000000000000002,19
arima,2024-08-30,20,20,20,0,0.0,1,0,1.0000000000000002,1.3877787807814457e-17,1.0000000000000002,20
arima,2024-09-03,20,20,18,2,0.1,2,0,1.0000000000000002,1.3877787807814457e-17,1.0,18
arima,2024-09-04,20,20,20,0,0.0,1,0,1.0000000000000002,0.0,1.0000000000000002,20
arima,2024-09-05,20,20,20,0,0.0,1,0,1.0000000000000002,1.3877787807814457e-17,1.0000000000000002,20
arima,2024-09-06,20,20,20,0,0.0,1,0,1.0000000000000002,1.3877787807814457e-17,1.0000000000000002,20
arima,2024-09-09,20,20,20,0,0.0,1,0,1.0000000000000002,0.0,1.0000000000000002,20
arima,2024-09-10,20,20,20,0,0.0,1,0,1.0000000000000002,1.3877787807814457e-17,1.0000000000000002,20
arima,2024-09-11,20,20,20,0,0.0,1,0,1.0000000000000002,1.3877787807814457e-17,1.0000000000000002,20
arima,2024-09-12,20,20,20,0,0.0,1,0,1.0000000000000002,-2.7755575615628914e-17,1.0000000000000002,20
arima,2024-09-13,20,20,20,0,0.0,1,0,1.0000000000000002,0.0,1.0000000000000002,20
arima,2024-09-16,20,20,17,3,0.15,2,0,1.0000000000000002,1.3877787807814457e-17,1.0,17
arima,2024-09-17,20,20,19,1,0.05,2,0,1.0000000000000002,-1.3877787807814457e-17,1.0000000000000002,19
arima,2024-09-18,20,20,19,1,0.05,2,0,1.0000000000000002,0.0,1.0,19
arima,2024-09-19,20,20,19,1,0.05,2,0,1.0000000000000002,0.0,1.0,19
arima,2024-09-20,20,20,20,0,0.0,1,0,1.0000000000000002,1.3877787807814457e-17,1.0000000000000002,20
arima,2024-09-23,20,20,20,0,0.0,1,0,1.0000000000000002,0.0,1.0000000000000002,20
arima,2024-09-24,20,20,19,1,0.05,2,0,1.0000000000000002,0.0,1.0000000000000002,19
arima,2024-09-25,20,20,20,0,0.0,1,0,1.0000000000000002,-1.3877787807814457e-17,1.0000000000000002,20
arima,2024-09-26,20,20,20,0,0.0,1,0,1.0000000000000002,0.0,1.0000000000000002,20
arima,2024-09-27,20,20,20,0,0.0,1,0,1.0000000000000002,1.3877787807814457e-17,1.0000000000000002,20
arima,2024-09-30,20,20,20,0,0.0,1,0,1.0000000000000002,0.0,1.0000000000000002,20
arima,2024-10-01,20,20,20,0,0.0,1,0,1.0000000000000002,0.0,1.0000000000000002,20
arima,2024-10-02,20,20,20,0,0.0,1,0,1.0000000000000002,0.0,1.0000000000000002,20
arima,2024-10-03,20,20,19,1,0.05,2,0,1.0000000000000002,-1.3877787807814457e-17,1.0000000000000002,19
arima,2024-10-04,20,20,20,0,0.0,1,0,1.0000000000000002,0.0,1.0000000000000002,20
arima,2024-10-07,20,20,16,4,0.2,2,0,1.0000000000000002,-4.163336342344337e-17,1.0,16
arima,2024-10-08,20,20,19,1,0.05,2,0,1.0000000000000002,0.0,1.0,19
arima,2024-10-09,20,20,19,1,0.05,2,0,1.0000000000000002,0.0,1.0000000000000002,19
arima,2024-10-10,20,20,19,1,0.05,2,0,1.0000000000000002,1.3877787807814457e-17,1.0000000000000002,19
arima,2024-10-11,20,20,20,0,0.0,1,0,1.0000000000000002,0.0,1.0000000000000002,20
arima,2024-10-14,20,0,0,0,,0,0,0.0,0.0,0.0,0
arima,2024-10-16,20,20,18,2,0.1,2,0,1.0000000000000002,0.0,1.0,18
arima,2024-10-17,20,20,20,0,0.0,1,0,1.0000000000000002,0.0,1.0000000000000002,20
arima,2024-10-18,20,20,20,0,0.0,1,0,1.0000000000000002,-1.3877787807814457e-17,1.0000000000000002,20
arima,2024-10-21,20,20,19,1,0.05,2,0,1.0000000000000002,-1.3877787807814457e-17,1.0000000000000002,19
arima,2024-10-22,20,20,19,1,0.05,2,0,1.0000000000000002,0.0,1.0,19
arima,2024-10-23,20,20,19,1,0.05,2,0,1.0000000000000002,0.0,1.0,19
arima,2024-10-24,20,20,20,0,0.0,1,0,1.0000000000000002,0.0,1.0000000000000002,20
arima,2024-10-25,20,20,19,1,0.05,2,0,1.0000000000000002,1.3877787807814457e-17,1.0000000000000002,19
arima,2024-10-28,20,20,19,1,0.05,2,1,1.0000000000000002,0.0,0.9000000000000001,18
arima,2024-10-29,20,20,19,1,0.05,2,0,1.0000000000000002,0.0,1.0,19
arima,2024-10-30,20,20,20,0,0.0,1,0,1.0000000000000002,0.0,1.0000000000000002,20
arima,2024-10-31,20,20,19,1,0.05,2,0,1.0000000000000002,-1.3877787807814457e-17,1.0000000000000002,19
arima,2024-11-01,20,20,20,0,0.0,1,0,1.0000000000000002,1.3877787807814457e-17,1.0000000000000002,20
arima,2024-11-04,20,20,19,1,0.05,2,0,1.0000000000000002,0.0,1.0,19
arima,2024-11-05,20,20,16,4,0.2,3,0,1.0000000000000002,0.0,1.0,16
arima,2024-11-06,20,20,20,0,0.0,1,0,1.0000000000000002,0.0,1.0000000000000002,20
arima,2024-11-07,16,16,16,0,0.0,1,0,0.9999999999999999,0.0,1.0,16
arima,2024-11-08,20,20,20,0,0.0,1,0,1.0000000000000002,-1.3877787807814457e-17,1.0000000000000002,20
arima,2024-11-11,20,0,0,0,,0,0,0.0,0.0,0.0,0
arima,2024-11-13,20,20,19,1,0.05,2,0,1.0000000000000002,-1.3877787807814457e-17,1.0000000000000002,19
arima,2024-11-14,20,20,20,0,0.0,1,0,1.0000000000000002,0.0,1.0000000000000002,20
arima,2024-11-15,20,20,20,0,0.0,1,0,1.0000000000000002,0.0,1.0000000000000002,20
arima,2024-11-18,20,20,18,2,0.1,2,0,1.0000000000000002,1.3877787807814457e-17,1.0,18
arima,2024-11-19,20,20,19,1,0.05,2,0,1.0000000000000002,0.0,1.0,19
arima,2024-11-20,20,20,20,0,0.0,1,0,1.0000000000000002,0.0,1.0000000000000002,20
arima,2024-11-21,20,20,19,1,0.05,2,1,1.0000000000000002,-1.3877787807814457e-17,0.9000000000000001,18
arima,2024-11-22,20,20,18,2,0.1,2,0,1.0000000000000002,-1.3877787807814457e-17,1.0000000000000002,18
arima,2024-11-25,20,20,19,1,0.05,2,0,1.0000000000000002,0.0,1.0000000000000002,19
arima,2024-11-26,20,20,19,1,0.05,2,0,1.0000000000000002,0.0,1.0,19
arima,2024-11-27,20,20,20,0,0.0,1,0,1.0000000000000002,1.3877787807814457e-17,1.0000000000000002,20
arima,2024-11-29,20,0,0,0,,0,0,0.0,0.0,0.0,0
arima,2024-12-02,20,20,20,0,0.0,1,0,1.0000000000000002,1.3877787807814457e-17,1.0000000000000002,20
arima,2024-12-03,20,20,20,0,0.0,1,0,1.0000000000000002,-1.3877787807814457e-17,1.0000000000000002,20
arima,2024-12-04,20,20,19,1,0.05,2,0,1.0000000000000002,0.0,1.0000000000000002,19
arima,2024-12-05,20,20,18,2,0.1,2,0,1.0000000000000002,1.3877787807814457e-17,1.0,18
arima,2024-12-06,20,20,18,2,0.1,2,0,1.0000000000000002,1.3877787807814457e-17,1.0,18
arima,2024-12-09,20,20,19,1,0.05,2,0,1.0000000000000002,0.0,1.0000000000000002,19
arima,2024-12-10,20,20,19,1,0.05,2,0,1.0000000000000002,1.3877787807814457e-17,1.0000000000000002,19
arima,2024-12-11,20,20,20,0,0.0,1,0,1.0000000000000002,0.0,1.0000000000000002,20
arima,2024-12-12,20,20,19,1,0.05,2,0,1.0000000000000002,-1.3877787807814457e-17,1.0000000000000002,19
arima,2024-12-13,20,20,19,1,0.05,2,0,1.0000000000000002,-1.3877787807814457e-17,1.0000000000000002,19
arima,2024-12-16,20,20,18,2,0.1,2,0,1.0000000000000002,0.0,1.0,18
arima,2024-12-17,20,20,19,1,0.05,2,0,1.0000000000000002,0.0,1.0,19
arima,2024-12-18,20,20,19,1,0.05,2,0,1.0000000000000002,0.0,1.0000000000000002,19
arima,2024-12-19,19,19,19,0,0.0,1,0,1.0,4.163336342344337e-17,1.0,19
arima,2024-12-20,20,20,20,0,0.0,1,0,1.0000000000000002,0.0,1.0000000000000002,20
arima,2024-12-23,20,20,20,0,0.0,1,0,1.0000000000000002,1.3877787807814457e-17,1.0000000000000002,20
arima,2024-12-24,20,0,0,0,,0,0,0.0,0.0,0.0,0
arima,2024-12-26,20,20,20,0,0.0,1,0,1.0000000000000002,-1.3877787807814457e-17,1.0000000000000002,20
arima,2024-12-27,20,20,20,0,0.0,1,0,1.0000000000000002,0.0,1.0000000000000002,20
arima,2024-12-30,20,20,19,1,0.05,2,0,1.0000000000000002,1.3877787807814457e-17,1.0000000000000002,19
arima,2024-12-31,20,20,19,1,0.05,2,0,1.0000000000000002,1.3877787807814457e-17,1.0000000000000002,19
arima,2025-01-02,20,0,0,0,,0,0,0.0,0.0,0.0,0
ridge,2023-04-24,20,20,17,3,0.15,2,1,1.0000000000000002,-1.3877787807814457e-17,0.9,16
ridge,2023-04-25,20,20,18,2,0.1,2,0,1.0000000000000002,2.7755575615628914e-17,1.0,18
ridge,2023-04-26,20,20,18,2,0.1,2,0,1.0000000000000002,0.0,1.0,18
ridge,2023-04-27,20,20,17,3,0.15,3,1,1.0000000000000002,0.0,0.9,17
ridge,2023-04-28,20,20,18,2,0.1,2,0,1.0000000000000002,-2.7755575615628914e-17,1.0,18
ridge,2023-05-01,20,20,19,1,0.05,2,0,1.0000000000000002,1.3877787807814457e-17,1.0000000000000002,19
ridge,2023-05-02,20,20,20,0,0.0,1,0,1.0000000000000002,0.0,1.0000000000000002,20
ridge,2023-05-03,20,20,19,1,0.05,2,0,1.0000000000000002,-1.3877787807814457e-17,1.0000000000000002,19
ridge,2023-05-04,20,20,18,2,0.1,2,0,1.0000000000000002,0.0,1.0,18
ridge,2023-05-05,20,20,15,5,0.25,3,0,1.0000000000000002,5.551115123125783e-17,1.0000000000000004,15
ridge,2023-05-08,20,20,18,2,0.1,2,0,1.0000000000000002,-1.3877787807814457e-17,1.0,18
ridge,2023-05-09,20,20,15,5,0.25,2,0,1.0000000000000002,1.3877787807814457e-17,1.0000000000000002,15
ridge,2023-05-10,20,20,19,1,0.05,2,0,1.0000000000000002,-1.3877787807814457e-17,1.0000000000000002,19
ridge,2023-05-11,20,20,16,4,0.2,3,0,1.0000000000000002,-5.551115123125783e-17,1.0,16
ridge,2023-05-12,20,20,19,1,0.05,2,0,1.0000000000000002,1.3877787807814457e-17,1.0000000000000002,19
ridge,2023-05-15,20,20,17,3,0.15,2,1,1.0000000000000002,1.3877787807814457e-17,0.9000000000000001,16
ridge,2023-05-16,20,20,17,3,0.15,2,0,1.0000000000000002,0.0,1.0,17
ridge,2023-05-17,20,20,16,4,0.2,2,1,1.0000000000000002,0.0,0.9,15
ridge,2023-05-18,20,20,20,0,0.0,1,0,1.0000000000000002,0.0,1.0000000000000002,20
ridge,2023-05-19,20,20,18,2,0.1,2,0,1.0000000000000002,-2.7755575615628914e-17,1.0,18
ridge,2023-05-22,20,20,16,4,0.2,4,1,1.0000000000000002,0.0,0.8,15
ridge,2023-05-23,20,20,18,2,0.1,2,1,1.0000000000000002,1.3877787807814457e-17,0.9,17
ridge,2023-05-24,20,20,18,2,0.1,2,0,1.0000000000000002,-1.3877787807814457e-17,1.0,18
ridge,2023-05-25,20,20,18,2,0.1,2,0,1.0000000000000002,0.0,1.0,18
ridge,2023-05-26,20,20,15,5,0.25,3,0,1.0000000000000002,-1.3877787807814457e-17,1.0000000000000002,15
ridge,2023-05-30,20,20,18,2,0.1,2,1,1.0000000000000002,-2.7755575615628914e-17,0.9000000000000001,17
ridge,2023-05-31,20,20,18,2,0.1,2,0,1.0000000000000002,-1.3877787807814457e-17,1.0000000000000002,18
ridge,2023-06-01,20,20,19,1,0.05,2,0,1.0000000000000002,1.3877787807814457e-17,1.0000000000000002,19
ridge,2023-06-02,20,20,17,3,0.15,2,0,1.0000000000000002,0.0,1.0,17
ridge,2023-06-05,20,20,19,1,0.05,2,0,1.0000000000000002,0.0,1.0000000000000002,19
ridge,2023-06-06,20,20,20,0,0.0,1,0,1.0000000000000002,0.0,1.0000000000000002,20
ridge,2023-06-07,20,20,17,3,0.15,2,1,1.0000000000000002,-1.3877787807814457e-17,0.9000000000000001,16
ridge,2023-06-08,20,20,19,1,0.05,2,0,1.0000000000000002,-1.3877787807814457e-17,1.0000000000000002,19
ridge,2023-06-09,20,20,19,1,0.05,2,0,1.0000000000000002,1.3877787807814457e-17,1.0000000000000002,19
ridge,2023-06-12,20,20,17,3,0.15,2,2,1.0000000000000002,0.0,0.8,15
ridge,2023-06-13,20,20,15,5,0.25,3,0,1.0000000000000002,5.551115123125783e-17,1.0000000000000002,15
ridge,2023-06-14,20,20,17,3,0.15,3,1,1.0000000000000002,-1.3877787807814457e-17,0.9000000000000001,16
ridge,2023-06-15,20,20,20,0,0.0,1,0,1.0000000000000002,1.3877787807814457e-17,1.0000000000000002,20
ridge,2023-06-16,20,20,20,0,0.0,1,0,1.0000000000000002,1.3877787807814457e-17,1.0000000000000002,20
ridge,2023-06-20,20,20,18,2,0.1,2,0,1.0000000000000002,0.0,1.0,18
ridge,2023-06-21,20,20,19,1,0.05,2,0,1.0000000000000002,1.3877787807814457e-17,1.0000000000000002,19
ridge,2023-06-22,20,20,18,2,0.1,2,0,1.0000000000000002,-2.7755575615628914e-17,1.0,18
ridge,2023-06-23,20,20,20,0,0.0,1,0,1.0000000000000002,1.3877787807814457e-17,1.0000000000000002,20
ridge,2023-06-26,20,20,18,2,0.1,2,1,1.0000000000000002,0.0,0.9000000000000001,17
ridge,2023-06-27,20,20,17,3,0.15,3,1,1.0000000000000002,1.3877787807814457e-17,0.9000000000000001,17
ridge,2023-06-28,20,20,16,4,0.2,3,0,1.0000000000000002,1.3877787807814457e-17,1.0,16
ridge,2023-06-29,20,20,19,1,0.05,2,0,1.0000000000000002,0.0,1.0000000000000002,19
ridge,2023-06-30,20,20,18,2,0.1,2,0,1.0000000000000002,-2.7755575615628914e-17,1.0,18
ridge,2023-07-03,20,0,0,0,,0,0,0.0,0.0,0.0,0
ridge,2023-07-05,20,20,19,1,0.05,2,0,1.0000000000000002,0.0,1.0000000000000002,19
ridge,2023-07-06,20,20,18,2,0.1,2,0,1.0000000000000002,-1.3877787807814457e-17,1.0,18
ridge,2023-07-07,20,20,17,3,0.15,2,0,1.0000000000000002,1.3877787807814457e-17,1.0,17
ridge,2023-07-10,20,20,16,4,0.2,2,1,1.0000000000000002,0.0,0.9,15
ridge,2023-07-11,20,20,18,2,0.1,2,1,1.0000000000000002,0.0,0.9000000000000001,17
ridge,2023-07-12,20,20,18,2,0.1,2,2,1.0000000000000002,0.0,0.8000000000000002,16
ridge,2023-07-13,20,20,18,2,0.1,3,0,1.0000000000000002,0.0,1.0,18
ridge,2023-07-14,20,20,19,1,0.05,2,0,1.0000000000000002,1.3877787807814457e-17,1.0000000000000002,19
ridge,2023-07-17,20,20,20,0,0.0,1,0,1.0000000000000002,0.0,1.0000000000000002,20
ridge,2023-07-18,20,20,18,2,0.1,2,0,1.0000000000000002,0.0,1.0,18
ridge,2023-07-19,20,20,18,2,0.1,2,0,1.0000000000000002,0.0,1.0,18
ridge,2023-07-20,20,20,19,1,0.05,2,1,1.0000000000000002,0.0,0.9000000000000001,18
ridge,2023-07-21,20,20,14,6,0.3,5,0,1.0000000000000002,-1.3877787807814457e-17,1.0,14
ridge,2023-07-24,20,20,14,6,0.3,5,2,1.0000000000000002,0.0,0.7000000000000002,13
ridge,2023-07-25,20,20,17,3,0.15,2,0,1.0000000000000002,4.163336342344337e-17,1.0,17
ridge,2023-07-26,20,20,16,4,0.2,3,1,1.0000000000000002,0.0,0.9,15
ridge,2023-07-27,20,20,20,0,0.0,1,0,1.0000000000000002,0.0,1.0000000000000002,20
ridge,2023-07-28,20,20,18,2,0.1,3,0,1.0000000000000002,-1.3877787807814457e-17,1.0,18
ridge,2023-07-31,20,20,19,1,0.05,2,0,1.0000000000000002,-1.3877787807814457e-17,1.0000000000000002,19
ridge,2023-08-01,20,20,19,1,0.05,2,0,1.0000000000000002,1.3877787807814457e-17,1.0000000000000002,19
ridge,2023-08-02,20,20,18,2,0.1,2,1,1.0000000000000002,1.3877787807814457e-17,0.9000000000000001,17
ridge,2023-08-03,20,20,18,2,0.1,2,0,1.0000000000000002,0.0,1.0,18
ridge,2023-08-04,20,20,18,2,0.1,2,0,1.0000000000000002,1.3877787807814457e-17,1.0,18
ridge,2023-08-07,20,20,19,1,0.05,2,0,1.0000000000000002,0.0,1.0,19
ridge,2023-08-08,20,20,18,2,0.1,2,0,1.0000000000000002,0.0,1.0,18
ridge,2023-08-09,20,20,19,1,0.05,2,0,1.0000000000000002,-1.3877787807814457e-17,1.0000000000000002,19
ridge,2023-08-10,20,20,18,2,0.1,2,0,1.0000000000000002,-1.3877787807814457e-17,1.0,18
ridge,2023-08-11,20,20,17,3,0.15,2,0,1.0000000000000002,0.0,1.0,17
ridge,2023-08-14,20,20,18,2,0.1,2,0,1.0000000000000002,0.0,1.0,18
ridge,2023-08-15,20,20,17,3,0.15,2,1,1.0000000000000002,-1.3877787807814457e-17,0.9000000000000001,16
ridge,2023-08-16,20,20,20,0,0.0,1,0,1.0000000000000002,0.0,1.0000000000000002,20
ridge,2023-08-17,20,20,19,1,0.05,2,0,1.0000000000000002,0.0,1.0000000000000002,19
ridge,2023-08-18,20,20,18,2,0.1,2,0,1.0000000000000002,1.3877787807814457e-17,1.0,18
ridge,2023-08-21,20,20,19,1,0.05,2,0,1.0000000000000002,0.0,1.0000000000000002,19
ridge,2023-08-22,20,20,19,1,0.05,2,0,1.0000000000000002,1.3877787807814457e-17,1.0000000000000002,19
ridge,2023-08-23,20,20,17,3,0.15,2,0,1.0000000000000002,-4.163336342344337e-17,1.0,17
ridge,2023-08-24,20,20,20,0,0.0,1,0,1.0000000000000002,0.0,1.0000000000000002,20
ridge,2023-08-25,20,20,17,3,0.15,2,0,1.0000000000000002,1.3877787807814457e-17,1.0,17
ridge,2023-08-28,20,20,16,4,0.2,2,0,1.0000000000000002,0.0,1.0,16
ridge,2023-08-29,20,20,19,1,0.05,2,0,1.0000000000000002,1.3877787807814457e-17,1.0000000000000002,19
ridge,2023-08-30,20,20,19,1,0.05,2,0,1.0000000000000002,0.0,1.0,19
ridge,2023-08-31,20,20,20,0,0.0,1,0,1.0000000000000002,0.0,1.0000000000000002,20
ridge,2023-09-01,20,20,20,0,0.0,1,0,1.0000000000000002,0.0,1.0000000000000002,20
ridge,2023-09-05,20,20,18,2,0.1,2,0,1.0000000000000002,0.0,1.0,18
ridge,2023-09-06,20,20,18,2,0.1,2,0,1.0000000000000002,-1.3877787807814457e-17,1.0,18
ridge,2023-09-07,20,20,18,2,0.1,2,1,1.0000000000000002,0.0,0.9000000000000001,17
ridge,2023-09-08,20,20,20,0,0.0,1,0,1.0000000000000002,1.3877787807814457e-17,1.0000000000000002,20
ridge,2023-09-11,20,20,19,1,0.05,2,0,1.0000000000000002,-1.3877787807814457e-17,1.0000000000000002,19
ridge,2023-09-12,20,20,19,1,0.05,2,1,1.0000000000000002,-1.3877787807814457e-17,0.9000000000000001,18
ridge,2023-09-13,20,20,18,2,0.1,2,0,1.0000000000000002,0.0,1.0,18
ridge,2023-09-14,20,20,18,2,0.1,2,2,1.0000000000000002,0.0,0.8000000000000002,16
ridge,2023-09-15,20,20,18,2,0.1,2,0,1.0000000000000002,-1.3877787807814457e-17,1.0,18
ridge,2023-09-18,20,20,15,5,0.25,3,1,1.0000000000000002,-1.3877787807814457e-17,0.9000000000000001,15
ridge,2023-09-19,20,20,18,2,0.1,2,1,1.0000000000000002,0.0,0.9000000000000001,17
ridge,2023-09-20,20,20,18,2,0.1,2,0,1.0000000000000002,1.3877787807814457e-17,1.0,18
ridge,2023-09-21,20,20,16,4,0.2,2,0,1.0000000000000002,1.3877787807814457e-17,1.0,16
ridge,2023-09-22,20,20,20,0,0.0,1,0,1.0000000000000002,1.3877787807814457e-17,1.0000000000000002,20
ridge,2023-09-25,20,20,17,3,0.15,3,2,1.0000000000000002,-1.3877787807814457e-17,0.8,16
ridge,2023-09-26,20,20,18,2,0.1,2,0,1.0000000000000002,0.0,1.0,18
ridge,2023-09-27,20,20,20,0,0.0,1,0,1.0000000000000002,1.3877787807814457e-17,1.0000000000000002,20
ridge,2023-09-28,20,20,20,0,0.0,1,0,1.0000000000000002,0.0,1.0000000000000002,20
ridge,2023-09-29,20,20,19,1,0.05,2,0,1.0000000000000002,1.3877787807814457e-17,1.0000000000000002,19
ridge,2023-10-02,20,20,18,2,0.1,2,1,1.0000000000000002,0.0,0.9000000000000001,17
ridge,2023-10-03,20,20,20,0,0.0,1,0,1.0000000000000002,-1.3877787807814457e-17,1.0000000000000002,20
ridge,2023-10-04,20,20,19,1,0.05,2,0,1.0000000000000002,-1.3877787807814457e-17,1.0000000000000002,19
ridge,2023-10-05,20,20,20,0,0.0,1,0,1.0000000000000002,0.0,1.0000000000000002,20
ridge,2023-10-06,20,20,19,1,0.05,2,0,1.0000000000000002,1.3877787807814457e-17,1.0000000000000002,19
ridge,2023-10-09,20,0,0,0,,0,0,0.0,0.0,0.0,0
ridge,2023-10-11,20,20,20,0,0.0,1,0,1.0000000000000002,-1.3877787807814457e-17,1.0000000000000002,20
ridge,2023-10-12,20,20,19,1,0.05,2,0,1.0000000000000002,0.0,1.0,19
ridge,2023-10-13,20,20,18,2,0.1,2,0,1.0000000000000002,-1.3877787807814457e-17,1.0000000000000002,18
ridge,2023-10-16,20,20,18,2,0.1,2,1,1.0000000000000002,0.0,0.9000000000000001,17
ridge,2023-10-17,20,20,18,2,0.1,2,0,1.0000000000000002,1.3877787807814457e-17,1.0000000000000002,18
ridge,2023-10-18,20,20,17,3,0.15,2,1,1.0000000000000002,0.0,0.9000000000000001,16
ridge,2023-10-19,20,20,18,2,0.1,2,0,1.0000000000000002,0.0,1.0,18
ridge,2023-10-20,20,20,19,1,0.05,2,0,1.0000000000000002,1.3877787807814457e-17,1.0,19
ridge,2023-10-23,20,20,20,0,0.0,1,0,1.0000000000000002,1.3877787807814457e-17,1.0000000000000002,20
ridge,2023-10-24,20,20,19,1,0.05,2,0,1.0000000000000002,0.0,1.0,19
ridge,2023-10-25,20,20,19,1,0.05,2,0,1.0000000000000002,-1.3877787807814457e-17,1.0,19
ridge,2023-10-26,20,20,20,0,0.0,1,0,1.0000000000000002,-1.3877787807814457e-17,1.0000000000000002,20
ridge,2023-10-27,20,20,19,1,0.05,2,0,1.0000000000000002,1.3877787807814457e-17,1.0000000000000002,19
ridge,2023-10-30,20,20,18,2,0.1,3,1,1.0000000000000002,0.0,0.9000000000000001,18
ridge,2023-10-31,20,20,18,2,0.1,2,0,1.0000000000000002,0.0,1.0,18
ridge,2023-11-01,20,0,0,0,,0,0,0.0,0.0,0.0,0
ridge,2023-11-03,20,20,20,0,0.0,1,0,1.0000000000000002,0.0,1.0000000000000002,20
ridge,2023-11-06,20,20,20,0,0.0,1,0,1.0000000000000002,0.0,1.0000000000000002,20
ridge,2023-11-07,20,20,19,1,0.05,2,0,1.0000000000000002,-4.163336342344337e-17,1.0000000000000002,19
ridge,2023-11-08,20,20,20,0,0.0,1,0,1.0000000000000002,-1.3877787807814457e-17,1.0000000000000002,20
ridge,2023-11-09,20,20,20,0,0.0,1,0,1.0000000000000002,0.0,1.0000000000000002,20
ridge,2023-11-10,20,20,19,1,0.05,2,0,1.0000000000000002,1.3877787807814457e-17,1.0000000000000002,19
ridge,2023-11-13,20,20,16,4,0.2,2,0,1.0000000000000002,-1.3877787807814457e-17,1.0,16
ridge,2023-11-14,20,20,20,0,0.0,1,0,1.0000000000000002,-1.3877787807814457e-17,1.0000000000000002,20
ridge,2023-11-15,20,20,16,4,0.2,2,0,1.0000000000000002,1.3877787807814457e-17,1.0,16
ridge,2023-11-16,20,20,16,4,0.2,2,0,1.0000000000000002,-1.3877787807814457e-17,1.0,16
ridge,2023-11-17,20,20,19,1,0.05,2,0,1.0000000000000002,1.3877787807814457e-17,1.0000000000000002,19
ridge,2023-11-20,20,20,20,0,0.0,1,0,1.0000000000000002,0.0,1.0000000000000002,20
ridge,2023-11-21,20,20,19,1,0.05,2,1,1.0000000000000002,-1.3877787807814457e-17,0.9000000000000001,18
ridge,2023-11-22,20,20,19,1,0.05,2,1,1.0000000000000002,-1.3877787807814457e-17,0.9000000000000001,18
ridge,2023-11-24,20,0,0,0,,0,0,0.0,0.0,0.0,0
ridge,2023-11-27,20,20,17,3,0.15,2,2,1.0000000000000002,-1.3877787807814457e-17,0.8,15
ridge,2023-11-28,20,20,17,3,0.15,2,1,1.0000000000000002,0.0,0.9000000000000001,16
ridge,2023-11-29,20,20,19,1,0.05,2,0,1.0000000000000002,-1.3877787807814457e-17,1.0000000000000002,19
ridge,2023-11-30,20,20,19,1,0.05,2,0,1.0000000000000002,1.3877787807814457e-17,1.0000000000000002,19
ridge,2023-12-01,20,20,17,3,0.15,2,0,1.0000000000000002,1.3877787807814457e-17,1.0,17
ridge,2023-12-04,20,20,18,2,0.1,2,1,1.0000000000000002,-1.3877787807814457e-17,0.9000000000000001,17
ridge,2023-12-05,20,20,16,4,0.2,2,1,1.0000000000000002,-1.3877787807814457e-17,0.9,15
ridge,2023-12-06,20,20,20,0,0.0,1,0,1.0000000000000002,-1.3877787807814457e-17,1.0000000000000002,20
ridge,2023-12-07,20,20,20,0,0.0,1,0,1.0000000000000002,1.3877787807814457e-17,1.0000000000000002,20
ridge,2023-12-08,20,20,16,4,0.2,2,0,1.0000000000000002,0.0,1.0,16
ridge,2023-12-11,20,20,20,0,0.0,1,0,1.0000000000000002,0.0,1.0000000000000002,20
ridge,2023-12-12,20,20,17,3,0.15,3,0,1.0000000000000002,-4.163336342344337e-17,1.0,17
ridge,2023-12-13,20,20,18,2,0.1,2,1,1.0000000000000002,0.0,0.9,17
ridge,2023-12-14,20,20,18,2,0.1,2,2,1.0000000000000002,0.0,0.8000000000000002,16
ridge,2023-12-15,20,20,18,2,0.1,2,0,1.0000000000000002,1.3877787807814457e-17,1.0,18
ridge,2023-12-18,20,20,17,3,0.15,3,0,1.0000000000000002,-6.938893903907228e-17,1.0,17
ridge,2023-12-19,20,20,18,2,0.1,2,0,1.0000000000000002,-1.3877787807814457e-17,1.0,18
ridge,2023-12-20,20,20,17,3,0.15,2,0,1.0000000000000002,1.3877787807814457e-17,1.0,17
ridge,2023-12-21,20,20,19,1,0.05,2,0,1.0000000000000002,-1.3877787807814457e-17,1.0000000000000002,19
ridge,2023-12-22,20,20,19,1,0.05,2,0,1.0000000000000002,-1.3877787807814457e-17,1.0000000000000002,19
ridge,2023-12-26,20,20,16,4,0.2,3,0,1.0000000000000002,-1.3877787807814457e-17,1.0,16
ridge,2023-12-27,20,20,19,1,0.05,2,0,1.0000000000000002,0.0,1.0000000000000002,19
ridge,2023-12-28,20,20,19,1,0.05,2,1,1.0000000000000002,-1.3877787807814457e-17,0.9000000000000001,18
ridge,2023-12-29,20,20,19,1,0.05,2,0,1.0000000000000002,1.3877787807814457e-17,1.0000000000000002,19
ridge,2024-01-02,20,20,18,2,0.1,2,0,1.0000000000000002,-1.3877787807814457e-17,1.0,18
ridge,2024-01-03,20,20,18,2,0.1,2,0,1.0000000000000002,0.0,1.0,18
ridge,2024-01-04,20,20,20,0,0.0,1,0,1.0000000000000002,0.0,1.0000000000000002,20
ridge,2024-01-05,20,20,20,0,0.0,1,0,1.0000000000000002,1.3877787807814457e-17,1.0000000000000002,20
ridge,2024-01-08,20,20,17,3,0.15,2,0,1.0000000000000002,-2.7755575615628914e-17,1.0,17
ridge,2024-01-09,20,20,16,4,0.2,3,0,1.0000000000000002,2.7755575615628914e-17,1.0,16
ridge,2024-01-10,20,20,18,2,0.1,2,1,1.0000000000000002,0.0,0.9,17
ridge,2024-01-11,20,20,20,0,0.0,1,0,1.0000000000000002,-1.3877787807814457e-17,1.0000000000000002,20
ridge,2024-01-12,20,20,18,2,0.1,2,0,1.0000000000000002,1.3877787807814457e-17,1.0,18
ridge,2024-01-16,20,20,19,1,0.05,2,0,1.0000000000000002,1.3877787807814457e-17,1.0000000000000002,19
ridge,2024-01-17,20,20,17,3,0.15,2,2,1.0000000000000002,0.0,0.8,15
ridge,2024-01-18,20,20,18,2,0.1,2,0,1.0000000000000002,0.0,1.0,18
ridge,2024-01-19,20,20,19,1,0.05,2,0,1.0000000000000002,1.3877787807814457e-17,1.0000000000000002,19
ridge,2024-01-22,20,20,20,0,0.0,1,0,1.0000000000000002,0.0,1.0000000000000002,20
ridge,2024-01-23,20,20,18,2,0.1,2,2,1.0000000000000002,-1.3877787807814457e-17,0.8000000000000002,16
ridge,2024-01-24,20,20,20,0,0.0,1,0,1.0000000000000002,0.0,1.0000000000000002,20
ridge,2024-01-25,20,20,18,2,0.1,2,0,1.0000000000000002,-1.3877787807814457e-17,1.0,18
ridge,2024-01-26,20,20,17,3,0.15,2,0,1.0000000000000002,-1.3877787807814457e-17,1.0,17
ridge,2024-01-29,20,20,17,3,0.15,3,1,1.0000000000000002,0.0,0.9000000000000001,17
ridge,2024-01-30,20,20,19,1,0.05,2,0,1.0000000000000002,1.3877787807814457e-17,1.0000000000000002,19
ridge,2024-01-31,20,20,19,1,0.05,2,0,1.0000000000000002,-4.163336342344337e-17,1.0000000000000002,19
ridge,2024-02-01,20,20,18,2,0.1,2,1,1.0000000000000002,1.3877787807814457e-17,0.9000000000000001,17
ridge,2024-02-02,20,20,19,1,0.05,2,0,1.0000000000000002,1.3877787807814457e-17,1.0,19
ridge,2024-02-05,20,20,19,1,0.05,2,1,1.0000000000000002,1.3877787807814457e-17,0.9000000000000001,18
ridge,2024-02-06,20,20,14,6,0.3,4,2,1.0000000000000002,1.3877787807814457e-17,0.8000000000000002,14
ridge,2024-02-07,20,20,20,0,0.0,1,0,1.0000000000000002,-1.3877787807814457e-17,1.0000000000000002,20
ridge,2024-02-08,20,20,19,1,0.05,2,0,1.0000000000000002,-1.3877787807814457e-17,1.0000000000000002,19
ridge,2024-02-09,20,20,18,2,0.1,2,0,1.0000000000000002,-2.7755575615628914e-17,1.0,18
ridge,2024-02-12,20,20,19,1,0.05,2,1,1.0000000000000002,1.3877787807814457e-17,0.9000000000000001,18
ridge,2024-02-13,20,20,18,2,0.1,2,0,1.0000000000000002,-1.3877787807814457e-17,1.0,18
ridge,2024-02-14,20,20,19,1,0.05,2,0,1.0000000000000002,0.0,1.0000000000000002,19
ridge,2024-02-15,20,20,18,2,0.1,2,1,1.0000000000000002,-1.3877787807814457e-17,0.9,17
ridge,2024-02-16,20,20,19,1,0.05,2,0,1.0000000000000002,1.3877787807814457e-17,1.0000000000000002,19
ridge,2024-02-20,20,20,18,2,0.1,2,0,1.0000000000000002,1.3877787807814457e-17,1.0,18
ridge,2024-02-21,20,20,18,2,0.1,2,0,1.0000000000000002,1.3877787807814457e-17,1.0,18
ridge,2024-02-22,20,20,19,1,0.05,2,1,1.0000000000000002,0.0,0.9000000000000001,18
ridge,2024-02-23,20,20,19,1,0.05,2,0,1.0000000000000002,-1.3877787807814457e-17,1.0000000000000002,19
ridge,2024-02-26,20,20,19,1,0.05,2,1,1.0000000000000002,-1.3877787807814457e-17,0.9000000000000001,18
ridge,2024-02-27,20,20,18,2,0.1,2,0,1.0000000000000002,-1.3877787807814457e-17,1.0,18
ridge,2024-02-28,20,20,18,2,0.1,2,0,1.0000000000000002,0.0,1.0,18
ridge,2024-02-29,20,20,19,1,0.05,2,1,1.0000000000000002,0.0,0.9000000000000001,18
ridge,2024-03-01,20,20,18,2,0.1,2,0,1.0000000000000002,-2.7755575615628914e-17,1.0,18
ridge,2024-03-04,20,20,18,2,0.1,2,0,1.0000000000000002,-2.7755575615628914e-17,1.0,18
ridge,2024-03-05,20,20,20,0,0.0,1,0,1.0000000000000002,0.0,1.0000000000000002,20
ridge,2024-03-06,20,20,20,0,0.0,1,0,1.0000000000000002,0.0,1.0000000000000002,20
ridge,2024-03-07,20,20,20,0,0.0,1,0,1.0000000000000002,0.0,1.0000000000000002,20
ridge,2024-03-08,20,20,19,1,0.05,2,0,1.0000000000000002,-1.3877787807814457e-17,1.0000000000000002,19
ridge,2024-03-11,20,20,19,1,0.05,2,0,1.0000000000000002,-1.3877787807814457e-17,1.0000000000000002,19
ridge,2024-03-12,20,20,20,0,0.0,1,0,1.0000000000000002,0.0,1.0000000000000002,20
ridge,2024-03-13,20,20,17,3,0.15,2,2,1.0000000000000002,0.0,0.8,15
ridge,2024-03-14,20,20,19,1,0.05,2,0,1.0000000000000002,0.0,1.0000000000000002,19
ridge,2024-03-15,20,20,19,1,0.05,2,0,1.0000000000000002,1.3877787807814457e-17,1.0000000000000002,19
ridge,2024-03-18,20,20,19,1,0.05,2,0,1.0000000000000002,-1.3877787807814457e-17,1.0000000000000002,19
ridge,2024-03-19,20,20,19,1,0.05,2,0,1.0000000000000002,-1.3877787807814457e-17,1.0000000000000002,19
ridge,2024-03-20,20,20,18,2,0.1,2,0,1.0000000000000002,1.3877787807814457e-17,1.0,18
ridge,2024-03-21,20,20,19,1,0.05,2,0,1.0000000000000002,0.0,1.0000000000000002,19
ridge,2024-03-22,20,20,15,5,0.25,3,0,1.0000000000000002,0.0,1.0,15
ridge,2024-03-25,20,20,19,1,0.05,2,0,1.0000000000000002,-1.3877787807814457e-17,1.0000000000000002,19
ridge,2024-03-26,20,20,18,2,0.1,2,1,1.0000000000000002,0.0,0.9000000000000001,17
ridge,2024-03-27,20,20,18,2,0.1,2,0,1.0000000000000002,2.7755575615628914e-17,1.0,18
ridge,2024-03-28,20,20,18,2,0.1,2,0,1.0000000000000002,0.0,1.0,18
ridge,2024-04-01,20,20,20,0,0.0,1,0,1.0000000000000002,0.0,1.0000000000000002,20
ridge,2024-04-02,20,20,19,1,0.05,2,0,1.0000000000000002,-1.3877787807814457e-17,1.0000000000000002,19
ridge,2024-04-03,20,20,19,1,0.05,2,0,1.0000000000000002,0.0,1.0000000000000002,19
ridge,2024-04-04,20,20,20,0,0.0,1,0,1.0000000000000002,0.0,1.0000000000000002,20
ridge,2024-04-05,20,20,19,1,0.05,2,0,1.0000000000000002,1.3877787807814457e-17,1.0000000000000002,19
ridge,2024-04-08,20,20,19,1,0.05,2,0,1.0000000000000002,-1.3877787807814457e-17,1.0000000000000002,19
ridge,2024-04-09,20,20,18,2,0.1,2,1,1.0000000000000002,0.0,0.9000000000000001,17
ridge,2024-04-10,20,20,20,0,0.0,1,0,1.0000000000000002,0.0,1.0000000000000002,20
ridge,2024-04-11,20,20,18,2,0.1,2,0,1.0000000000000002,0.0,1.0,18
ridge,2024-04-12,20,20,20,0,0.0,1,0,1.0000000000000002,1.3877787807814457e-17,1.0000000000000002,20
ridge,2024-04-15,20,20,20,0,0.0,1,0,1.0000000000000002,0.0,1.0000000000000002,20
ridge,2024-04-16,20,20,19,1,0.05,2,0,1.0000000000000002,1.3877787807814457e-17,1.0000000000000002,19
ridge,2024-04-17,20,20,19,1,0.05,2,0,1.0000000000000002,-1.3877787807814457e-17,1.0,19
ridge,2024-04-18,20,20,19,1,0.05,2,0,1.0000000000000002,-1.3877787807814457e-17,1.0000000000000002,19
ridge,2024-04-19,20,20,17,3,0.15,2,0,1.0000000000000002,4.163336342344337e-17,1.0,17
ridge,2024-04-22,20,20,19,1,0.05,2,0,1.0000000000000002,1.3877787807814457e-17,1.0000000000000002,19
ridge,2024-04-23,20,20,18,2,0.1,2,1,1.0000000000000002,0.0,0.9000000000000001,17
ridge,2024-04-24,20,20,20,0,0.0,1,0,1.0000000000000002,-1.3877787807814457e-17,1.0000000000000002,20
ridge,2024-04-25,20,20,20,0,0.0,1,0,1.0000000000000002,0.0,1.0000000000000002,20
ridge,2024-04-26,20,20,16,4,0.2,2,0,1.0000000000000002,-5.551115123125783e-17,1.0,16
ridge,2024-04-29,20,20,16,4,0.2,3,1,1.0000000000000002,0.0,0.9,16
ridge,2024-04-30,20,20,19,1,0.05,2,0,1.0000000000000002,1.3877787807814457e-17,1.0000000000000002,19
ridge,2024-05-01,20,20,17,3,0.15,2,1,1.0000000000000002,-1.3877787807814457e-17,0.9000000000000001,16
ridge,2024-05-02,20,20,14,6,0.3,3,1,1.0000000000000002,4.163336342344337e-17,0.9000000000000002,14
ridge,2024-05-03,20,20,18,2,0.1,2,0,1.0000000000000002,2.7755575615628914e-17,1.0,18
ridge,2024-05-06,20,20,20,0,0.0,1,0,1.0000000000000002,-1.3877787807814457e-17,1.0000000000000002,20
ridge,2024-05-07,20,20,19,1,0.05,2,0,1.0000000000000002,-1.3877787807814457e-17,1.0000000000000002,19
ridge,2024-05-08,20,20,16,4,0.2,2,1,1.0000000000000002,0.0,0.9,15
ridge,2024-05-09,20,20,17,3,0.15,2,1,1.0000000000000002,-1.3877787807814457e-17,0.9000000000000001,16
ridge,2024-05-10,20,20,17,3,0.15,2,0,1.0000000000000002,1.3877787807814457e-17,1.0,17
ridge,2024-05-13,20,20,19,1,0.05,2,1,1.0000000000000002,1.3877787807814457e-17,0.9000000000000001,18
ridge,2024-05-14,20,20,18,2,0.1,2,0,1.0000000000000002,0.0,1.0,18
ridge,2024-05-15,20,20,18,2,0.1,2,0,1.0000000000000002,2.7755575615628914e-17,1.0,18
ridge,2024-05-16,20,20,18,2,0.1,2,0,1.0000000000000002,-1.3877787807814457e-17,1.0,18
ridge,2024-05-17,20,20,18,2,0.1,2,0,1.0000000000000002,1.3877787807814457e-17,1.0000000000000002,18
ridge,2024-05-20,20,20,18,2,0.1,2,0,1.0000000000000002,1.3877787807814457e-17,1.0,18
ridge,2024-05-21,20,20,18,2,0.1,2,2,1.0000000000000002,0.0,0.8000000000000002,16
ridge,2024-05-22,20,20,18,2,0.1,2,0,1.0000000000000002,-1.3877787807814457e-17,1.0000000000000002,18
ridge,2024-05-23,20,20,16,4,0.2,2,4,1.0000000000000002,0.0,0.6000000000000001,12
ridge,2024-05-24,20,20,16,4,0.2,2,1,1.0000000000000002,2.7755575615628914e-17,0.9,15
ridge,2024-05-28,20,20,18,2,0.1,2,0,1.0000000000000002,0.0,1.0,18
ridge,2024-05-29,20,20,19,1,0.05,2,0,1.0000000000000002,0.0,1.0,19
ridge,2024-05-30,20,20,18,2,0.1,2,0,1.0000000000000002,0.0,1.0,18
ridge,2024-05-31,20,20,17,3,0.15,2,0,1.0000000000000002,0.0,1.0,17
ridge,2024-06-03,20,20,16,4,0.2,3,1,1.0000000000000002,2.7755575615628914e-17,0.9,15
ridge,2024-06-04,20,20,16,4,0.2,2,4,1.0000000000000002,-1.3877787807814457e-17,0.6000000000000001,12
ridge,2024-06-05,20,20,20,0,0.0,1,0,1.0000000000000002,0.0,1.0000000000000002,20
ridge,2024-06-06,20,20,17,3,0.15,2,0,1.0000000000000002,-1.3877787807814457e-17,1.0,17
ridge,2024-06-07,20,20,19,1,0.05,2,0,1.0000000000000002,1.3877787807814457e-17,1.0000000000000002,19
ridge,2024-06-10,20,20,18,2,0.1,2,0,1.0000000000000002,0.0,1.0,18
ridge,2024-06-11,20,20,19,1,0.05,2,0,1.0000000000000002,-1.3877787807814457e-17,1.0000000000000002,19
ridge,2024-06-12,20,20,20,0,0.0,1,0,1.0000000000000002,0.0,1.0000000000000002,20
ridge,2024-06-13,20,20,20,0,0.0,1,0,1.0000000000000002,0.0,1.0000000000000002,20
ridge,2024-06-14,20,20,19,1,0.05,2,0,1.0000000000000002,4.163336342344337e-17,1.0000000000000002,19
ridge,2024-06-17,20,20,20,0,0.0,1,0,1.0000000000000002,1.3877787807814457e-17,1.0000000000000002,20
ridge,2024-06-18,20,20,16,4,0.2,2,0,1.0000000000000002,1.3877787807814457e-17,1.0,16
ridge,2024-06-20,20,20,20,0,0.0,1,0,1.0000000000000002,0.0,1.0000000000000002,20
ridge,2024-06-21,20,20,18,2,0.1,2,0,1.0000000000000002,2.7755575615628914e-17,1.0,18
ridge,2024-06-24,20,20,19,1,0.05,2,0,1.0000000000000002,0.0,1.0000000000000002,19
ridge,2024-06-25,20,20,17,3,0.15,3,0,1.0000000000000002,1.3877787807814457e-17,1.0,17
ridge,2024-06-26,20,20,18,2,0.1,2,0,1.0000000000000002,1.3877787807814457e-17,1.0,18
ridge,2024-06-27,20,20,20,0,0.0,1,0,1.0000000000000002,-1.3877787807814457e-17,1.0000000000000002,20
ridge,2024-06-28,20,20,17,3,0.15,3,1,1.0000000000000002,1.3877787807814457e-17,0.9000000000000001,16
ridge,2024-07-01,20,20,19,1,0.05,2,0,1.0000000000000002,-1.3877787807814457e-17,1.0000000000000002,19
ridge,2024-07-02,20,20,17,3,0.15,2,2,1.0000000000000002,0.0,0.8,15
ridge,2024-07-03,20,0,0,0,,0,0,0.0,0.0,0.0,0
ridge,2024-07-05,20,20,20,0,0.0,1,0,1.0000000000000002,1.3877787807814457e-17,1.0000000000000002,20
ridge,2024-07-08,20,20,16,4,0.2,2,0,1.0000000000000002,0.0,1.0,16
ridge,2024-07-09,20,20,17,3,0.15,3,1,1.0000000000000002,0.0,0.9,17
ridge,2024-07-10,20,20,19,1,0.05,2,0,1.0000000000000002,-1.3877787807814457e-17,1.0000000000000002,19
ridge,2024-07-11,20,20,17,3,0.15,2,0,1.0000000000000002,0.0,1.0,17
ridge,2024-07-12,20,20,19,1,0.05,2,0,1.0000000000000002,1.3877787807814457e-17,1.0000000000000002,19
ridge,2024-07-15,20,20,19,1,0.05,2,0,1.0000000000000002,0.0,1.0000000000000002,19
ridge,2024-07-16,20,20,20,0,0.0,1,0,1.0000000000000002,0.0,1.0000000000000002,20
ridge,2024-07-17,20,20,18,2,0.1,2,2,1.0000000000000002,0.0,0.8000000000000002,16
ridge,2024-07-18,20,20,19,1,0.05,2,0,1.0000000000000002,-1.3877787807814457e-17,1.0,19
ridge,2024-07-19,20,20,19,1,0.05,2,0,1.0000000000000002,-1.3877787807814457e-17,1.0000000000000002,19
ridge,2024-07-22,20,20,17,3,0.15,3,2,1.0000000000000002,0.0,0.8,16
ridge,2024-07-23,20,20,19,1,0.05,2,0,1.0000000000000002,0.0,1.0000000000000002,19
ridge,2024-07-24,20,20,16,4,0.2,2,1,1.0000000000000002,1.3877787807814457e-17,0.9,15
ridge,2024-07-25,20,20,19,1,0.05,2,1,1.0000000000000002,0.0,0.9000000000000001,18
ridge,2024-07-26,20,20,18,2,0.1,2,0,1.0000000000000002,-1.3877787807814457e-17,1.0,18
ridge,2024-07-29,20,20,19,1,0.05,2,0,1.0000000000000002,-1.3877787807814457e-17,1.0000000000000002,19
ridge,2024-07-30,20,20,19,1,0.05,2,0,1.0000000000000002,-1.3877787807814457e-17,1.0000000000000002,19
ridge,2024-07-31,20,20,17,3,0.15,2,1,1.0000000000000002,0.0,0.9,16
ridge,2024-08-01,20,20,20,0,0.0,1,0,1.0000000000000002,-2.7755575615628914e-17,1.0000000000000002,20
ridge,2024-08-02,20,20,19,1,0.05,2,0,1.0000000000000002,1.3877787807814457e-17,1.0000000000000002,19
ridge,2024-08-05,20,20,20,0,0.0,1,0,1.0000000000000002,0.0,1.0000000000000002,20
ridge,2024-08-06,20,20,20,0,0.0,1,0,1.0000000000000002,1.3877787807814457e-17,1.0000000000000002,20
ridge,2024-08-07,20,20,20,0,0.0,1,0,1.0000000000000002,0.0,1.0000000000000002,20
ridge,2024-08-08,20,20,17,3,0.15,3,0,1.0000000000000002,-1.3877787807814457e-17,1.0,17
ridge,2024-08-09,20,20,17,3,0.15,2,0,1.0000000000000002,1.3877787807814457e-17,1.0,17
ridge,2024-08-12,20,20,19,1,0.05,2,0,1.0000000000000002,0.0,1.0000000000000002,19
ridge,2024-08-13,20,20,18,2,0.1,2,0,1.0000000000000002,-1.3877787807814457e-17,1.0,18
ridge,2024-08-14,20,20,19,1,0.05,2,0,1.0000000000000002,1.3877787807814457e-17,1.0000000000000002,19
ridge,2024-08-15,20,20,19,1,0.05,2,1,1.0000000000000002,1.3877787807814457e-17,0.9000000000000001,18
ridge,2024-08-16,20,20,17,3,0.15,2,0,1.0000000000000002,-1.3877787807814457e-17,1.0,17
ridge,2024-08-19,20,20,20,0,0.0,1,0,1.0000000000000002,0.0,1.0000000000000002,20
ridge,2024-08-20,20,20,20,0,0.0,1,0,1.0000000000000002,0.0,1.0000000000000002,20
ridge,2024-08-21,20,20,18,2,0.1,2,0,1.0000000000000002,0.0,1.0,18
ridge,2024-08-22,20,20,19,1,0.05,2,0,1.0000000000000002,-1.3877787807814457e-17,1.0000000000000002,19
ridge,2024-08-23,20,20,18,2,0.1,2,0,1.0000000000000002,0.0,1.0,18
ridge,2024-08-26,20,20,19,1,0.05,2,0,1.0000000000000002,1.3877787807814457e-17,1.0000000000000002,19
ridge,2024-08-27,20,20,17,3,0.15,3,0,1.0000000000000002,4.163336342344337e-17,1.0,17
ridge,2024-08-28,20,20,20,0,0.0,1,0,1.0000000000000002,-1.3877787807814457e-17,1.0000000000000002,20
ridge,2024-08-29,20,20,20,0,0.0,1,0,1.0000000000000002,-1.3877787807814457e-17,1.0000000000000002,20
ridge,2024-08-30,20,20,20,0,0.0,1,0,1.0000000000000002,1.3877787807814457e-17,1.0000000000000002,20
ridge,2024-09-03,20,20,16,4,0.2,2,0,1.0000000000000002,-2.7755575615628914e-17,1.0,16
ridge,2024-09-04,20,20,19,1,0.05,2,0,1.0000000000000002,1.3877787807814457e-17,1.0000000000000002,19
ridge,2024-09-05,20,20,19,1,0.05,2,0,1.0000000000000002,0.0,1.0000000000000002,19
ridge,2024-09-06,20,20,19,1,0.05,2,0,1.0000000000000002,1.3877787807814457e-17,1.0000000000000002,19
ridge,2024-09-09,20,20,20,0,0.0,1,0,1.0000000000000002,0.0,1.0000000000000002,20
ridge,2024-09-10,20,20,20,0,0.0,1,0,1.0000000000000002,-1.3877787807814457e-17,1.0000000000000002,20
ridge,2024-09-11,20,20,19,1,0.05,2,0,1.0000000000000002,-1.3877787807814457e-17,1.0000000000000002,19
ridge,2024-09-12,20,20,18,2,0.1,2,1,1.0000000000000002,0.0,0.9000000000000001,17
ridge,2024-09-13,20,20,19,1,0.05,2,0,1.0000000000000002,-1.3877787807814457e-17,1.0000000000000002,19
ridge,2024-09-16,20,20,17,3,0.15,3,1,1.0000000000000002,0.0,0.9000000000000001,17
ridge,2024-09-17,20,20,18,2,0.1,2,0,1.0000000000000002,-2.7755575615628914e-17,1.0,18
ridge,2024-09-18,20,20,17,3,0.15,2,0,1.0000000000000002,-4.163336342344337e-17,1.0,17
ridge,2024-09-19,20,20,19,1,0.05,2,0,1.0000000000000002,-1.3877787807814457e-17,1.0000000000000002,19
ridge,2024-09-20,20,20,17,3,0.15,2,0,1.0000000000000002,0.0,1.0,17
ridge,2024-09-23,20,20,19,1,0.05,2,0,1.0000000000000002,-1.3877787807814457e-17,1.0000000000000002,19
ridge,2024-09-24,20,20,17,3,0.15,3,0,1.0000000000000002,0.0,1.0,17
ridge,2024-09-25,20,20,19,1,0.05,2,0,1.0000000000000002,-1.3877787807814457e-17,1.0000000000000002,19
ridge,2024-09-26,20,20,20,0,0.0,1,0,1.0000000000000002,0.0,1.0000000000000002,20
ridge,2024-09-27,20,20,17,3,0.15,2,0,1.0000000000000002,0.0,1.0,17
ridge,2024-09-30,20,20,18,2,0.1,2,0,1.0000000000000002,1.3877787807814457e-17,1.0,18
ridge,2024-10-01,20,20,18,2,0.1,2,0,1.0000000000000002,-2.7755575615628914e-17,1.0,18
ridge,2024-10-02,20,20,16,4,0.2,2,0,1.0000000000000002,0.0,1.0,16
ridge,2024-10-03,20,20,20,0,0.0,1,0,1.0000000000000002,-1.3877787807814457e-17,1.0000000000000002,20
ridge,2024-10-04,20,20,16,4,0.2,2,1,1.0000000000000002,1.3877787807814457e-17,0.9000000000000001,15
ridge,2024-10-07,20,20,15,5,0.25,3,1,1.0000000000000002,5.551115123125783e-17,0.9000000000000002,14
ridge,2024-10-08,20,20,15,5,0.25,3,1,1.0000000000000002,2.7755575615628914e-17,0.9000000000000001,14
ridge,2024-10-09,20,20,18,2,0.1,2,0,1.0000000000000002,2.7755575615628914e-17,1.0,18
ridge,2024-10-10,20,20,19,1,0.05,2,0,1.0000000000000002,-1.3877787807814457e-17,1.0000000000000002,19
ridge,2024-10-11,20,20,18,2,0.1,2,0,1.0000000000000002,0.0,1.0,18
ridge,2024-10-14,20,0,0,0,,0,0,0.0,0.0,0.0,0
ridge,2024-10-16,20,20,17,3,0.15,3,0,1.0000000000000002,-1.3877787807814457e-17,1.0,17
ridge,2024-10-17,20,20,19,1,0.05,2,0,1.0000000000000002,-1.3877787807814457e-17,1.0000000000000002,19
ridge,2024-10-18,20,20,19,1,0.05,2,0,1.0000000000000002,0.0,1.0,19
ridge,2024-10-21,20,20,19,1,0.05,2,0,1.0000000000000002,-1.3877787807814457e-17,1.0000000000000002,19
ridge,2024-10-22,20,20,17,3,0.15,2,0,1.0000000000000002,-1.3877787807814457e-17,1.0,17
ridge,2024-10-23,20,20,16,4,0.2,3,2,1.0000000000000002,0.0,0.8,15
ridge,2024-10-24,20,20,18,2,0.1,2,0,1.0000000000000002,-1.3877787807814457e-17,1.0,18
ridge,2024-10-25,20,20,18,2,0.1,2,0,1.0000000000000002,0.0,1.0,18
ridge,2024-10-28,20,20,18,2,0.1,2,1,1.0000000000000002,1.3877787807814457e-17,0.9,17
ridge,2024-10-29,20,20,16,4,0.2,3,2,1.0000000000000002,0.0,0.8,15
ridge,2024-10-30,20,20,17,3,0.15,2,0,1.0000000000000002,0.0,1.0,17
ridge,2024-10-31,20,20,19,1,0.05,2,0,1.0000000000000002,0.0,1.0000000000000002,19
ridge,2024-11-01,20,20,19,1,0.05,2,0,1.0000000000000002,1.3877787807814457e-17,1.0000000000000002,19
ridge,2024-11-04,20,20,19,1,0.05,2,0,1.0000000000000002,1.3877787807814457e-17,1.0000000000000002,19
ridge,2024-11-05,20,20,18,2,0.1,2,1,1.0000000000000002,-1.3877787807814457e-17,0.9000000000000001,17
ridge,2024-11-06,20,20,20,0,0.0,1,0,1.0000000000000002,-1.3877787807814457e-17,1.0000000000000002,20
ridge,2024-11-07,20,20,19,1,0.05,2,0,1.0000000000000002,-1.3877787807814457e-17,1.0000000000000002,19
ridge,2024-11-08,20,20,19,1,0.05,2,0,1.0000000000000002,0.0,1.0,19
ridge,2024-11-11,20,0,0,0,,0,0,0.0,0.0,0.0,0
ridge,2024-11-13,20,20,19,1,0.05,2,0,1.0000000000000002,1.3877787807814457e-17,1.0000000000000002,19
ridge,2024-11-14,20,20,19,1,0.05,2,0,1.0000000000000002,0.0,1.0,19
ridge,2024-11-15,20,20,18,2,0.1,2,0,1.0000000000000002,1.3877787807814457e-17,1.0,18
ridge,2024-11-18,20,20,19,1,0.05,2,0,1.0000000000000002,-1.3877787807814457e-17,1.0000000000000002,19
ridge,2024-11-19,20,20,17,3,0.15,2,0,1.0000000000000002,-1.3877787807814457e-17,1.0,17
ridge,2024-11-20,20,20,17,3,0.15,2,0,1.0000000000000002,1.3877787807814457e-17,1.0,17
ridge,2024-11-21,20,20,20,0,0.0,1,0,1.0000000000000002,0.0,1.0000000000000002,20
ridge,2024-11-22,20,20,14,6,0.3,4,0,1.0000000000000002,-4.163336342344337e-17,1.0000000000000002,14
ridge,2024-11-25,20,20,20,0,0.0,1,0,1.0000000000000002,0.0,1.0000000000000002,20
ridge,2024-11-26,20,20,17,3,0.15,2,1,1.0000000000000002,0.0,0.9000000000000001,16
ridge,2024-11-27,20,20,19,1,0.05,2,0,1.0000000000000002,-1.3877787807814457e-17,1.0000000000000002,19
ridge,2024-11-29,20,0,0,0,,0,0,0.0,0.0,0.0,0
ridge,2024-12-02,20,20,18,2,0.1,2,0,1.0000000000000002,0.0,1.0,18
ridge,2024-12-03,20,20,18,2,0.1,2,0,1.0000000000000002,1.3877787807814457e-17,1.0,18
ridge,2024-12-04,20,20,18,2,0.1,2,0,1.0000000000000002,0.0,1.0,18
ridge,2024-12-05,20,20,18,2,0.1,2,0,1.0000000000000002,0.0,1.0,18
ridge,2024-12-06,20,20,18,2,0.1,2,0,1.0000000000000002,-1.3877787807814457e-17,1.0,18
ridge,2024-12-09,20,20,19,1,0.05,2,0,1.0000000000000002,0.0,1.0,19
ridge,2024-12-10,20,20,19,1,0.05,2,0,1.0000000000000002,1.3877787807814457e-17,1.0000000000000002,19
ridge,2024-12-11,20,20,19,1,0.05,2,1,1.0000000000000002,-1.3877787807814457e-17,0.9000000000000001,18
ridge,2024-12-12,20,20,20,0,0.0,1,0,1.0000000000000002,0.0,1.0000000000000002,20
ridge,2024-12-13,20,20,17,3,0.15,2,0,1.0000000000000002,-1.3877787807814457e-17,1.0,17
ridge,2024-12-16,20,20,19,1,0.05,2,0,1.0000000000000002,-1.3877787807814457e-17,1.0000000000000002,19
ridge,2024-12-17,20,20,17,3,0.15,3,0,1.0000000000000002,-1.3877787807814457e-17,1.0,17
ridge,2024-12-18,20,20,19,1,0.05,2,0,1.0000000000000002,-1.3877787807814457e-17,1.0000000000000002,19
ridge,2024-12-19,20,20,19,1,0.05,2,0,1.0000000000000002,-1.3877787807814457e-17,1.0000000000000002,19
ridge,2024-12-20,20,20,18,2,0.1,2,0,1.0000000000000002,1.3877787807814457e-17,1.0,18
ridge,2024-12-23,20,20,19,1,0.05,2,0,1.0000000000000002,-4.163336342344337e-17,1.0000000000000002,19
ridge,2024-12-24,20,0,0,0,,0,0,0.0,0.0,0.0,0
ridge,2024-12-26,20,20,18,2,0.1,2,0,1.0000000000000002,0.0,1.0,18
ridge,2024-12-27,20,20,19,1,0.05,2,0,1.0000000000000002,1.3877787807814457e-17,1.0000000000000002,19
ridge,2024-12-30,20,20,19,1,0.05,2,0,1.0000000000000002,0.0,1.0,19
ridge,2024-12-31,20,20,16,4,0.2,2,0,1.0000000000000002,0.0,1.0,16
ridge,2025-01-02,20,0,0,0,,0,0,0.0,0.0,0.0,0
xgboost,2023-04-24,20,20,20,0,0.0,1,0,1.0000000000000002,0.0,1.0000000000000002,20
xgboost,2023-04-25,20,20,19,1,0.05,2,0,1.0000000000000002,0.0,1.0000000000000002,19
xgboost,2023-04-26,20,20,19,1,0.05,2,0,1.0000000000000002,-1.3877787807814457e-17,1.0000000000000002,19
xgboost,2023-04-27,20,20,17,3,0.15,3,1,1.0000000000000002,-1.3877787807814457e-17,0.9000000000000001,17
xgboost,2023-04-28,20,20,18,2,0.1,2,0,1.0000000000000002,0.0,1.0,18
xgboost,2023-05-01,20,20,20,0,0.0,1,0,1.0000000000000002,1.3877787807814457e-17,1.0000000000000002,20
xgboost,2023-05-02,20,20,19,1,0.05,2,0,1.0000000000000002,-1.3877787807814457e-17,1.0000000000000002,19
xgboost,2023-05-03,20,20,20,0,0.0,1,0,1.0000000000000002,0.0,1.0000000000000002,20
xgboost,2023-05-04,20,20,20,0,0.0,1,0,1.0000000000000002,0.0,1.0000000000000002,20
xgboost,2023-05-05,20,20,19,1,0.05,2,1,1.0000000000000002,0.0,0.9000000000000001,18
xgboost,2023-05-08,20,20,19,1,0.05,2,0,1.0000000000000002,0.0,1.0,19
xgboost,2023-05-09,20,20,20,0,0.0,1,0,1.0000000000000002,-1.3877787807814457e-17,1.0000000000000002,20
xgboost,2023-05-10,20,20,18,2,0.1,2,0,1.0000000000000002,1.3877787807814457e-17,1.0,18
xgboost,2023-05-11,20,20,19,1,0.05,2,0,1.0000000000000002,0.0,1.0,19
xgboost,2023-05-12,20,20,19,1,0.05,2,0,1.0000000000000002,0.0,1.0,19
xgboost,2023-05-15,20,20,20,0,0.0,1,0,1.0000000000000002,0.0,1.0000000000000002,20
xgboost,2023-05-16,20,20,19,1,0.05,2,0,1.0000000000000002,-1.3877787807814457e-17,1.0,19
xgboost,2023-05-17,20,20,19,1,0.05,2,0,1.0000000000000002,1.3877787807814457e-17,1.0000000000000002,19
xgboost,2023-05-18,20,20,20,0,0.0,1,0,1.0000000000000002,0.0,1.0000000000000002,20
xgboost,2023-05-19,20,20,18,2,0.1,2,0,1.0000000000000002,-1.3877787807814457e-17,1.0,18
xgboost,2023-05-22,20,20,17,3,0.15,3,0,1.0000000000000002,1.3877787807814457e-17,1.0,17
xgboost,2023-05-23,20,20,18,2,0.1,2,0,1.0000000000000002,0.0,1.0,18
xgboost,2023-05-24,20,20,19,1,0.05,2,1,1.0000000000000002,1.3877787807814457e-17,0.9000000000000001,18
xgboost,2023-05-25,20,20,20,0,0.0,1,0,1.0000000000000002,0.0,1.0000000000000002,20
xgboost,2023-05-26,20,20,20,0,0.0,1,0,1.0000000000000002,0.0,1.0000000000000002,20
xgboost,2023-05-30,20,20,17,3,0.15,2,0,1.0000000000000002,1.3877787807814457e-17,1.0,17
xgboost,2023-05-31,20,20,18,2,0.1,3,1,1.0000000000000002,0.0,0.9000000000000001,18
xgboost,2023-06-01,20,20,19,1,0.05,2,1,1.0000000000000002,1.3877787807814457e-17,0.9000000000000001,18
xgboost,2023-06-02,20,20,20,0,0.0,1,0,1.0000000000000002,0.0,1.0000000000000002,20
xgboost,2023-06-05,20,20,18,2,0.1,2,0,1.0000000000000002,1.3877787807814457e-17,1.0,18
xgboost,2023-06-06,20,20,19,1,0.05,2,0,1.0000000000000002,1.3877787807814457e-17,1.0000000000000002,19
xgboost,2023-06-07,20,20,18,2,0.1,2,2,1.0000000000000002,-1.3877787807814457e-17,0.8,16
xgboost,2023-06-08,20,20,19,1,0.05,2,0,1.0000000000000002,-1.3877787807814457e-17,1.0000000000000002,19
xgboost,2023-06-09,20,20,19,1,0.05,2,0,1.0000000000000002,-1.3877787807814457e-17,1.0000000000000002,19
xgboost,2023-06-12,20,20,20,0,0.0,1,0,1.0000000000000002,0.0,1.0000000000000002,20
xgboost,2023-06-13,20,20,20,0,0.0,1,0,1.0000000000000002,-1.3877787807814457e-17,1.0000000000000002,20
xgboost,2023-06-14,20,20,18,2,0.1,3,0,1.0000000000000002,0.0,1.0,18
xgboost,2023-06-15,20,20,20,0,0.0,1,0,1.0000000000000002,0.0,1.0000000000000002,20
xgboost,2023-06-16,20,20,20,0,0.0,1,0,1.0000000000000002,1.3877787807814457e-17,1.0000000000000002,20
xgboost,2023-06-20,20,20,19,1,0.05,2,0,1.0000000000000002,-1.3877787807814457e-17,1.0,19
xgboost,2023-06-21,20,20,19,1,0.05,2,0,1.0000000000000002,1.3877787807814457e-17,1.0000000000000002,19
xgboost,2023-06-22,20,20,18,2,0.1,2,0,1.0000000000000002,0.0,1.0,18
xgboost,2023-06-23,20,20,19,1,0.05,2,0,1.0000000000000002,0.0,1.0000000000000002,19
xgboost,2023-06-26,20,20,20,0,0.0,1,0,1.0000000000000002,0.0,1.0000000000000002,20
xgboost,2023-06-27,20,20,18,2,0.1,2,0,1.0000000000000002,0.0,1.0,18
xgboost,2023-06-28,20,20,19,1,0.05,2,0,1.0000000000000002,-1.3877787807814457e-17,1.0000000000000002,19
xgboost,2023-06-29,20,20,17,3,0.15,3,0,1.0000000000000002,4.163336342344337e-17,1.0,17
xgboost,2023-06-30,20,20,20,0,0.0,1,0,1.0000000000000002,0.0,1.0000000000000002,20
xgboost,2023-07-03,20,0,0,0,,0,0,0.0,0.0,0.0,0
xgboost,2023-07-05,20,20,17,3,0.15,4,0,1.0000000000000002,1.3877787807814457e-17,1.0,17
xgboost,2023-07-06,20,20,19,1,0.05,2,1,1.0000000000000002,0.0,0.9000000000000001,18
xgboost,2023-07-07,20,20,19,1,0.05,2,0,1.0000000000000002,4.163336342344337e-17,1.0000000000000002,19
xgboost,2023-07-10,20,20,18,2,0.1,2,0,1.0000000000000002,0.0,1.0,18
xgboost,2023-07-11,20,20,18,2,0.1,2,1,1.0000000000000002,-2.7755575615628914e-17,0.9000000000000001,17
xgboost,2023-07-12,20,20,18,2,0.1,2,0,1.0000000000000002,0.0,1.0,18
xgboost,2023-07-13,20,20,17,3,0.15,3,1,1.0000000000000002,0.0,0.9000000000000001,17
xgboost,2023-07-14,20,20,20,0,0.0,1,0,1.0000000000000002,0.0,1.0000000000000002,20
xgboost,2023-07-17,20,20,19,1,0.05,2,0,1.0000000000000002,1.3877787807814457e-17,1.0000000000000002,19
xgboost,2023-07-18,20,20,16,4,0.2,3,0,1.0000000000000002,1.3877787807814457e-17,1.0,16
xgboost,2023-07-19,20,20,18,2,0.1,2,0,1.0000000000000002,-1.3877787807814457e-17,1.0000000000000002,18
xgboost,2023-07-20,20,20,20,0,0.0,1,0,1.0000000000000002,0.0,1.0000000000000002,20
xgboost,2023-07-21,20,20,15,5,0.25,4,1,1.0000000000000002,1.3877787807814457e-17,0.9000000000000002,15
xgboost,2023-07-24,20,20,16,4,0.2,3,2,1.0000000000000002,0.0,0.8,15
xgboost,2023-07-25,20,20,17,3,0.15,3,0,1.0000000000000002,2.7755575615628914e-17,1.0,17
xgboost,2023-07-26,20,20,17,3,0.15,2,1,1.0000000000000002,0.0,0.9000000000000001,16
xgboost,2023-07-27,20,20,20,0,0.0,1,0,1.0000000000000002,0.0,1.0000000000000002,20
xgboost,2023-07-28,20,20,18,2,0.1,3,0,1.0000000000000002,0.0,1.0,18
xgboost,2023-07-31,20,20,18,2,0.1,2,0,1.0000000000000002,-2.7755575615628914e-17,1.0,18
xgboost,2023-08-01,20,20,18,2,0.1,2,0,1.0000000000000002,0.0,1.0,18
xgboost,2023-08-02,20,20,18,2,0.1,2,0,1.0000000000000002,0.0,1.0,18
xgboost,2023-08-03,20,20,20,0,0.0,1,0,1.0000000000000002,0.0,1.0000000000000002,20
xgboost,2023-08-04,20,20,18,2,0.1,2,0,1.0000000000000002,-2.7755575615628914e-17,1.0,18
xgboost,2023-08-07,20,20,19,1,0.05,2,0,1.0000000000000002,0.0,1.0000000000000002,19
xgboost,2023-08-08,20,20,18,2,0.1,2,0,1.0000000000000002,-1.3877787807814457e-17,1.0,18
xgboost,2023-08-09,20,20,17,3,0.15,2,2,1.0000000000000002,0.0,0.8,15
xgboost,2023-08-10,20,20,20,0,0.0,1,0,1.0000000000000002,1.3877787807814457e-17,1.0000000000000002,20
xgboost,2023-08-11,20,20,20,0,0.0,1,0,1.0000000000000002,0.0,1.0000000000000002,20
xgboost,2023-08-14,20,20,20,0,0.0,1,0,1.0000000000000002,1.3877787807814457e-17,1.0000000000000002,20
xgboost,2023-08-15,20,20,20,0,0.0,1,0,1.0000000000000002,0.0,1.0000000000000002,20
xgboost,2023-08-16,20,20,20,0,0.0,1,0,1.0000000000000002,0.0,1.0000000000000002,20
xgboost,2023-08-17,20,20,18,2,0.1,2,0,1.0000000000000002,-1.3877787807814457e-17,1.0,18
xgboost,2023-08-18,20,20,17,3,0.15,2,1,1.0000000000000002,1.3877787807814457e-17,0.9000000000000001,16
xgboost,2023-08-21,20,20,19,1,0.05,2,0,1.0000000000000002,-1.3877787807814457e-17,1.0000000000000002,19
xgboost,2023-08-22,20,20,18,2,0.1,2,0,1.0000000000000002,-1.3877787807814457e-17,1.0000000000000002,18
xgboost,2023-08-23,20,20,18,2,0.1,2,0,1.0000000000000002,-1.3877787807814457e-17,1.0,18
xgboost,2023-08-24,20,20,18,2,0.1,2,0,1.0000000000000002,-1.3877787807814457e-17,1.0,18
xgboost,2023-08-25,20,20,20,0,0.0,1,0,1.0000000000000002,0.0,1.0000000000000002,20
xgboost,2023-08-28,20,20,19,1,0.05,2,0,1.0000000000000002,1.3877787807814457e-17,1.0000000000000002,19
xgboost,2023-08-29,20,20,20,0,0.0,1,0,1.0000000000000002,0.0,1.0000000000000002,20
xgboost,2023-08-30,20,20,20,0,0.0,1,0,1.0000000000000002,0.0,1.0000000000000002,20
xgboost,2023-08-31,20,20,20,0,0.0,1,0,1.0000000000000002,1.3877787807814457e-17,1.0000000000000002,20
xgboost,2023-09-01,20,20,19,1,0.05,2,0,1.0000000000000002,-1.3877787807814457e-17,1.0000000000000002,19
xgboost,2023-09-05,20,20,20,0,0.0,1,0,1.0000000000000002,0.0,1.0000000000000002,20
xgboost,2023-09-06,20,20,19,1,0.05,2,0,1.0000000000000002,0.0,1.0000000000000002,19
xgboost,2023-09-07,20,20,19,1,0.05,2,0,1.0000000000000002,-1.3877787807814457e-17,1.0000000000000002,19
xgboost,2023-09-08,20,20,20,0,0.0,1,0,1.0000000000000002,0.0,1.0000000000000002,20
xgboost,2023-09-11,20,20,19,1,0.05,2,0,1.0000000000000002,-1.3877787807814457e-17,1.0000000000000002,19
xgboost,2023-09-12,20,20,20,0,0.0,1,0,1.0000000000000002,0.0,1.0000000000000002,20
xgboost,2023-09-13,20,20,17,3,0.15,3,1,1.0000000000000002,-1.3877787807814457e-17,0.9000000000000001,17
xgboost,2023-09-14,20,20,18,2,0.1,2,0,1.0000000000000002,2.7755575615628914e-17,1.0,18
xgboost,2023-09-15,20,20,20,0,0.0,1,0,1.0000000000000002,0.0,1.0000000000000002,20
xgboost,2023-09-18,20,20,17,3,0.15,3,0,1.0000000000000002,1.3877787807814457e-17,1.0,17
xgboost,2023-09-19,20,20,20,0,0.0,1,0,1.0000000000000002,1.3877787807814457e-17,1.0000000000000002,20
xgboost,2023-09-20,20,20,19,1,0.05,2,0,1.0000000000000002,0.0,1.0000000000000002,19
xgboost,2023-09-21,20,20,17,3,0.15,2,0,1.0000000000000002,-1.3877787807814457e-17,1.0,17
xgboost,2023-09-22,20,20,19,1,0.05,2,0,1.0000000000000002,0.0,1.0000000000000002,19
xgboost,2023-09-25,20,20,19,1,0.05,2,1,1.0000000000000002,-1.3877787807814457e-17,0.9000000000000001,18
xgboost,2023-09-26,20,20,20,0,0.0,1,0,1.0000000000000002,-1.3877787807814457e-17,1.0000000000000002,20
xgboost,2023-09-27,20,20,20,0,0.0,1,0,1.0000000000000002,0.0,1.0000000000000002,20
xgboost,2023-09-28,20,20,20,0,0.0,1,0,1.0000000000000002,0.0,1.0000000000000002,20
xgboost,2023-09-29,20,20,19,1,0.05,2,0,1.0000000000000002,-1.3877787807814457e-17,1.0000000000000002,19
xgboost,2023-10-02,20,20,20,0,0.0,1,0,1.0000000000000002,0.0,1.0000000000000002,20
xgboost,2023-10-03,20,20,19,1,0.05,2,0,1.0000000000000002,1.3877787807814457e-17,1.0000000000000002,19
xgboost,2023-10-04,20,20,20,0,0.0,1,0,1.0000000000000002,0.0,1.0000000000000002,20
xgboost,2023-10-05,20,20,20,0,0.0,1,0,1.0000000000000002,-1.3877787807814457e-17,1.0000000000000002,20
xgboost,2023-10-06,20,20,20,0,0.0,1,0,1.0000000000000002,0.0,1.0000000000000002,20
xgboost,2023-10-09,20,0,0,0,,0,0,0.0,0.0,0.0,0
xgboost,2023-10-11,20,20,20,0,0.0,1,0,1.0000000000000002,-1.3877787807814457e-17,1.0000000000000002,20
xgboost,2023-10-12,20,20,19,1,0.05,2,0,1.0000000000000002,-2.7755575615628914e-17,1.0,19
xgboost,2023-10-13,20,20,18,2,0.1,2,0,1.0000000000000002,0.0,1.0,18
xgboost,2023-10-16,20,20,19,1,0.05,2,0,1.0000000000000002,0.0,1.0000000000000002,19
xgboost,2023-10-17,20,20,19,1,0.05,2,0,1.0000000000000002,0.0,1.0000000000000002,19
xgboost,2023-10-18,20,20,19,1,0.05,2,1,1.0000000000000002,-1.3877787807814457e-17,0.9000000000000001,18
xgboost,2023-10-19,20,20,19,1,0.05,2,0,1.0000000000000002,1.3877787807814457e-17,1.0000000000000002,19
xgboost,2023-10-20,20,20,20,0,0.0,1,0,1.0000000000000002,0.0,1.0000000000000002,20
xgboost,2023-10-23,20,20,20,0,0.0,1,0,1.0000000000000002,-1.3877787807814457e-17,1.0000000000000002,20
xgboost,2023-10-24,20,20,19,1,0.05,2,0,1.0000000000000002,1.3877787807814457e-17,1.0000000000000002,19
xgboost,2023-10-25,20,20,18,2,0.1,2,0,1.0000000000000002,-2.7755575615628914e-17,1.0,18
xgboost,2023-10-26,20,20,19,1,0.05,2,0,1.0000000000000002,1.3877787807814457e-17,1.0000000000000002,19
xgboost,2023-10-27,20,20,17,3,0.15,2,1,1.0000000000000002,1.3877787807814457e-17,0.9000000000000001,16
xgboost,2023-10-30,20,20,20,0,0.0,1,0,1.0000000000000002,0.0,1.0000000000000002,20
xgboost,2023-10-31,20,20,20,0,0.0,1,0,1.0000000000000002,-1.3877787807814457e-17,1.0000000000000002,20
xgboost,2023-11-01,20,0,0,0,,0,0,0.0,0.0,0.0,0
xgboost,2023-11-03,20,20,19,1,0.05,2,0,1.0000000000000002,0.0,1.0000000000000002,19
xgboost,2023-11-06,20,20,19,1,0.05,2,0,1.0000000000000002,0.0,1.0,19
xgboost,2023-11-07,20,20,19,1,0.05,2,0,1.0000000000000002,0.0,1.0,19
xgboost,2023-11-08,20,20,20,0,0.0,1,0,1.0000000000000002,-1.3877787807814457e-17,1.0000000000000002,20
xgboost,2023-11-09,20,20,20,0,0.0,1,0,1.0000000000000002,1.3877787807814457e-17,1.0000000000000002,20
xgboost,2023-11-10,20,20,19,1,0.05,2,0,1.0000000000000002,4.163336342344337e-17,1.0000000000000002,19
xgboost,2023-11-13,20,20,19,1,0.05,2,0,1.0000000000000002,-1.3877787807814457e-17,1.0000000000000002,19
xgboost,2023-11-14,20,20,18,2,0.1,2,0,1.0000000000000002,-1.3877787807814457e-17,1.0,18
xgboost,2023-11-15,20,20,18,2,0.1,2,1,1.0000000000000002,1.3877787807814457e-17,0.9000000000000001,17
xgboost,2023-11-16,20,20,20,0,0.0,1,0,1.0000000000000002,0.0,1.0000000000000002,20
xgboost,2023-11-17,20,20,20,0,0.0,1,0,1.0000000000000002,1.3877787807814457e-17,1.0000000000000002,20
xgboost,2023-11-20,20,20,20,0,0.0,1,0,1.0000000000000002,0.0,1.0000000000000002,20
xgboost,2023-11-21,20,20,19,1,0.05,2,0,1.0000000000000002,1.3877787807814457e-17,1.0000000000000002,19
xgboost,2023-11-22,20,20,18,2,0.1,2,0,1.0000000000000002,-1.3877787807814457e-17,1.0,18
xgboost,2023-11-24,20,0,0,0,,0,0,0.0,0.0,0.0,0
xgboost,2023-11-27,20,20,16,4,0.2,2,2,1.0000000000000002,0.0,0.8,14
xgboost,2023-11-28,20,20,18,2,0.1,2,0,1.0000000000000002,0.0,1.0,18
xgboost,2023-11-29,20,20,18,2,0.1,3,1,1.0000000000000002,0.0,0.9000000000000001,18
xgboost,2023-11-30,20,20,17,3,0.15,2,0,1.0000000000000002,0.0,1.0,17
xgboost,2023-12-01,20,20,18,2,0.1,2,0,1.0000000000000002,-1.3877787807814457e-17,1.0,18
xgboost,2023-12-04,20,20,18,2,0.1,2,1,1.0000000000000002,0.0,0.9000000000000001,17
xgboost,2023-12-05,20,20,19,1,0.05,2,0,1.0000000000000002,-1.3877787807814457e-17,1.0000000000000002,19
xgboost,2023-12-06,20,20,18,2,0.1,2,1,1.0000000000000002,0.0,0.9000000000000001,17
xgboost,2023-12-07,20,20,17,3,0.15,2,0,1.0000000000000002,1.3877787807814457e-17,1.0,17
xgboost,2023-12-08,20,20,19,1,0.05,2,0,1.0000000000000002,0.0,1.0000000000000002,19
xgboost,2023-12-11,20,20,20,0,0.0,1,0,1.0000000000000002,0.0,1.0000000000000002,20
xgboost,2023-12-12,20,20,20,0,0.0,1,0,1.0000000000000002,0.0,1.0000000000000002,20
xgboost,2023-12-13,20,20,19,1,0.05,2,0,1.0000000000000002,-1.3877787807814457e-17,1.0000000000000002,19
xgboost,2023-12-14,20,20,19,1,0.05,2,1,1.0000000000000002,1.3877787807814457e-17,0.9000000000000001,18
xgboost,2023-12-15,20,20,19,1,0.05,2,0,1.0000000000000002,1.3877787807814457e-17,1.0000000000000002,19
xgboost,2023-12-18,20,20,19,1,0.05,2,0,1.0000000000000002,-1.3877787807814457e-17,1.0000000000000002,19
xgboost,2023-12-19,20,20,20,0,0.0,1,0,1.0000000000000002,0.0,1.0000000000000002,20
xgboost,2023-12-20,20,20,19,1,0.05,2,0,1.0000000000000002,1.3877787807814457e-17,1.0000000000000002,19
xgboost,2023-12-21,20,20,18,2,0.1,2,0,1.0000000000000002,-1.3877787807814457e-17,1.0,18
xgboost,2023-12-22,20,20,19,1,0.05,2,0,1.0000000000000002,1.3877787807814457e-17,1.0000000000000002,19
xgboost,2023-12-26,20,20,16,4,0.2,3,0,1.0000000000000002,0.0,1.0,16
xgboost,2023-12-27,20,20,18,2,0.1,2,0,1.0000000000000002,-1.3877787807814457e-17,1.0000000000000002,18
xgboost,2023-12-28,20,20,19,1,0.05,2,0,1.0000000000000002,0.0,1.0,19
xgboost,2023-12-29,20,20,20,0,0.0,1,0,1.0000000000000002,0.0,1.0000000000000002,20
xgboost,2024-01-02,20,20,19,1,0.05,2,0,1.0000000000000002,1.3877787807814457e-17,1.0000000000000002,19
xgboost,2024-01-03,20,20,20,0,0.0,1,0,1.0000000000000002,1.3877787807814457e-17,1.0000000000000002,20
xgboost,2024-01-04,20,20,20,0,0.0,1,0,1.0000000000000002,0.0,1.0000000000000002,20
xgboost,2024-01-05,20,20,18,2,0.1,2,0,1.0000000000000002,-2.7755575615628914e-17,1.0,18
xgboost,2024-01-08,20,20,16,4,0.2,2,3,1.0000000000000002,0.0,0.7000000000000001,13
xgboost,2024-01-09,20,20,18,2,0.1,2,0,1.0000000000000002,0.0,1.0,18
xgboost,2024-01-10,20,20,18,2,0.1,2,0,1.0000000000000002,0.0,1.0,18
xgboost,2024-01-11,20,20,18,2,0.1,2,0,1.0000000000000002,0.0,1.0,18
xgboost,2024-01-12,20,20,20,0,0.0,1,0,1.0000000000000002,1.3877787807814457e-17,1.0000000000000002,20
xgboost,2024-01-16,20,20,19,1,0.05,2,0,1.0000000000000002,1.3877787807814457e-17,1.0000000000000002,19
xgboost,2024-01-17,20,20,18,2,0.1,2,1,1.0000000000000002,0.0,0.9000000000000001,17
xgboost,2024-01-18,20,20,18,2,0.1,2,0,1.0000000000000002,-2.7755575615628914e-17,1.0,18
xgboost,2024-01-19,20,20,18,2,0.1,2,1,1.0000000000000002,2.7755575615628914e-17,0.9000000000000001,17
xgboost,2024-01-22,20,20,19,1,0.05,2,0,1.0000000000000002,0.0,1.0000000000000002,19
xgboost,2024-01-23,20,20,19,1,0.05,2,0,1.0000000000000002,-1.3877787807814457e-17,1.0000000000000002,19
xgboost,2024-01-24,20,20,20,0,0.0,1,0,1.0000000000000002,0.0,1.0000000000000002,20
xgboost,2024-01-25,20,20,18,2,0.1,2,1,1.0000000000000002,0.0,0.9000000000000001,17
xgboost,2024-01-26,20,20,20,0,0.0,1,0,1.0000000000000002,0.0,1.0000000000000002,20
xgboost,2024-01-29,20,20,17,3,0.15,4,1,1.0000000000000002,0.0,0.9000000000000001,17
xgboost,2024-01-30,20,20,19,1,0.05,2,0,1.0000000000000002,-1.3877787807814457e-17,1.0000000000000002,19
xgboost,2024-01-31,20,20,20,0,0.0,1,0,1.0000000000000002,0.0,1.0000000000000002,20
xgboost,2024-02-01,20,20,18,2,0.1,2,1,1.0000000000000002,0.0,0.9000000000000001,17
xgboost,2024-02-02,20,20,17,3,0.15,2,0,1.0000000000000002,-4.163336342344337e-17,1.0,17
xgboost,2024-02-05,20,20,19,1,0.05,2,0,1.0000000000000002,1.3877787807814457e-17,1.0000000000000002,19
xgboost,2024-02-06,20,20,18,2,0.1,2,1,1.0000000000000002,2.7755575615628914e-17,0.9000000000000001,17
xgboost,2024-02-07,20,20,19,1,0.05,2,0,1.0000000000000002,-1.3877787807814457e-17,1.0000000000000002,19
xgboost,2024-02-08,20,20,20,0,0.0,1,0,1.0000000000000002,1.3877787807814457e-17,1.0000000000000002,20
xgboost,2024-02-09,20,20,20,0,0.0,1,0,1.0000000000000002,1.3877787807814457e-17,1.0000000000000002,20
xgboost,2024-02-12,20,20,19,1,0.05,2,0,1.0000000000000002,0.0,1.0000000000000002,19
xgboost,2024-02-13,20,20,20,0,0.0,1,0,1.0000000000000002,-1.3877787807814457e-17,1.0000000000000002,20
xgboost,2024-02-14,20,20,19,1,0.05,2,0,1.0000000000000002,6.938893903907228e-17,1.0000000000000002,19
xgboost,2024-02-15,20,20,20,0,0.0,1,0,1.0000000000000002,-1.3877787807814457e-17,1.0000000000000002,20
xgboost,2024-02-16,20,20,19,1,0.05,2,0,1.0000000000000002,1.3877787807814457e-17,1.0000000000000002,19
xgboost,2024-02-20,20,20,18,2,0.1,2,0,1.0000000000000002,0.0,1.0,18
xgboost,2024-02-21,20,20,20,0,0.0,1,0,1.0000000000000002,0.0,1.0000000000000002,20
xgboost,2024-02-22,20,20,20,0,0.0,1,0,1.0000000000000002,0.0,1.0000000000000002,20
xgboost,2024-02-23,20,20,19,1,0.05,2,0,1.0000000000000002,1.3877787807814457e-17,1.0000000000000002,19
xgboost,2024-02-26,20,20,20,0,0.0,1,0,1.0000000000000002,0.0,1.0000000000000002,20
xgboost,2024-02-27,20,20,19,1,0.05,2,0,1.0000000000000002,0.0,1.0000000000000002,19
xgboost,2024-02-28,20,20,20,0,0.0,1,0,1.0000000000000002,0.0,1.0000000000000002,20
xgboost,2024-02-29,20,20,18,2,0.1,3,1,1.0000000000000002,0.0,0.9000000000000001,18
xgboost,2024-03-01,20,20,20,0,0.0,1,0,1.0000000000000002,0.0,1.0000000000000002,20
xgboost,2024-03-04,20,20,19,1,0.05,2,1,1.0000000000000002,0.0,0.9000000000000001,18
xgboost,2024-03-05,20,20,19,1,0.05,2,0,1.0000000000000002,-1.3877787807814457e-17,1.0000000000000002,19
xgboost,2024-03-06,20,20,19,1,0.05,2,1,1.0000000000000002,1.3877787807814457e-17,0.9000000000000001,18
xgboost,2024-03-07,20,20,19,1,0.05,2,0,1.0000000000000002,-1.3877787807814457e-17,1.0000000000000002,19
xgboost,2024-03-08,20,20,19,1,0.05,2,0,1.0000000000000002,4.163336342344337e-17,1.0000000000000002,19
xgboost,2024-03-11,20,20,19,1,0.05,2,0,1.0000000000000002,0.0,1.0000000000000002,19
xgboost,2024-03-12,20,20,18,2,0.1,2,0,1.0000000000000002,0.0,1.0,18
xgboost,2024-03-13,20,20,19,1,0.05,2,0,1.0000000000000002,1.3877787807814457e-17,1.0000000000000002,19
xgboost,2024-03-14,20,20,20,0,0.0,1,0,1.0000000000000002,0.0,1.0000000000000002,20
xgboost,2024-03-15,20,20,18,2,0.1,2,0,1.0000000000000002,-2.7755575615628914e-17,1.0,18
xgboost,2024-03-18,20,20,20,0,0.0,1,0,1.0000000000000002,-1.3877787807814457e-17,1.0000000000000002,20
xgboost,2024-03-19,20,20,19,1,0.05,2,0,1.0000000000000002,-1.3877787807814457e-17,1.0000000000000002,19
xgboost,2024-03-20,20,20,18,2,0.1,2,0,1.0000000000000002,2.7755575615628914e-17,1.0,18
xgboost,2024-03-21,20,20,17,3,0.15,2,1,1.0000000000000002,0.0,0.9000000000000001,16
xgboost,2024-03-22,20,20,18,2,0.1,2,0,1.0000000000000002,1.3877787807814457e-17,1.0000000000000002,18
xgboost,2024-03-25,20,20,20,0,0.0,1,0,1.0000000000000002,0.0,1.0000000000000002,20
xgboost,2024-03-26,20,20,19,1,0.05,2,0,1.0000000000000002,1.3877787807814457e-17,1.0000000000000002,19
xgboost,2024-03-27,20,20,19,1,0.05,2,1,1.0000000000000002,0.0,0.9000000000000001,18
xgboost,2024-03-28,20,20,18,2,0.1,2,0,1.0000000000000002,2.7755575615628914e-17,1.0,18
xgboost,2024-04-01,20,20,20,0,0.0,1,0,1.0000000000000002,0.0,1.0000000000000002,20
xgboost,2024-04-02,20,20,20,0,0.0,1,0,1.0000000000000002,0.0,1.0000000000000002,20
xgboost,2024-04-03,20,20,20,0,0.0,1,0,1.0000000000000002,-1.3877787807814457e-17,1.0000000000000002,20
xgboost,2024-04-04,20,20,20,0,0.0,1,0,1.0000000000000002,0.0,1.0000000000000002,20
xgboost,2024-04-05,20,20,17,3,0.15,2,0,1.0000000000000002,4.163336342344337e-17,1.0,17
xgboost,2024-04-08,20,20,19,1,0.05,2,0,1.0000000000000002,-1.3877787807814457e-17,1.0000000000000002,19
xgboost,2024-04-09,20,20,19,1,0.05,2,0,1.0000000000000002,-1.3877787807814457e-17,1.0,19
xgboost,2024-04-10,20,20,17,3,0.15,2,0,1.0000000000000002,0.0,1.0,17
xgboost,2024-04-11,20,20,19,1,0.05,2,1,1.0000000000000002,0.0,0.9000000000000001,18
xgboost,2024-04-12,20,20,19,1,0.05,2,1,1.0000000000000002,1.3877787807814457e-17,0.9000000000000001,18
xgboost,2024-04-15,20,20,20,0,0.0,1,0,1.0000000000000002,0.0,1.0000000000000002,20
xgboost,2024-04-16,20,20,20,0,0.0,1,0,1.0000000000000002,0.0,1.0000000000000002,20
xgboost,2024-04-17,20,20,20,0,0.0,1,0,1.0000000000000002,0.0,1.0000000000000002,20
xgboost,2024-04-18,20,20,19,1,0.05,2,0,1.0000000000000002,-1.3877787807814457e-17,1.0000000000000002,19
xgboost,2024-04-19,20,20,18,2,0.1,2,0,1.0000000000000002,0.0,1.0,18
xgboost,2024-04-22,20,20,19,1,0.05,2,0,1.0000000000000002,1.3877787807814457e-17,1.0000000000000002,19
xgboost,2024-04-23,20,20,20,0,0.0,1,0,1.0000000000000002,-1.3877787807814457e-17,1.0000000000000002,20
xgboost,2024-04-24,20,20,20,0,0.0,1,0,1.0000000000000002,0.0,1.0000000000000002,20
xgboost,2024-04-25,20,20,19,1,0.05,2,0,1.0000000000000002,1.3877787807814457e-17,1.0000000000000002,19
xgboost,2024-04-26,20,20,20,0,0.0,1,0,1.0000000000000002,0.0,1.0000000000000002,20
xgboost,2024-04-29,20,20,20,0,0.0,1,0,1.0000000000000002,0.0,1.0000000000000002,20
xgboost,2024-04-30,20,20,18,2,0.1,2,0,1.0000000000000002,-1.3877787807814457e-17,1.0,18
xgboost,2024-05-01,20,20,18,2,0.1,2,0,1.0000000000000002,0.0,1.0,18
xgboost,2024-05-02,20,20,18,2,0.1,2,1,1.0000000000000002,0.0,0.9000000000000001,17
xgboost,2024-05-03,20,20,20,0,0.0,1,0,1.0000000000000002,0.0,1.0000000000000002,20
xgboost,2024-05-06,20,20,19,1,0.05,2,0,1.0000000000000002,2.7755575615628914e-17,1.0000000000000002,19
xgboost,2024-05-07,20,20,19,1,0.05,2,0,1.0000000000000002,0.0,1.0000000000000002,19
xgboost,2024-05-08,20,20,19,1,0.05,2,1,1.0000000000000002,1.3877787807814457e-17,0.9000000000000001,18
xgboost,2024-05-09,20,20,20,0,0.0,1,0,1.0000000000000002,1.3877787807814457e-17,1.0000000000000002,20
xgboost,2024-05-10,20,20,20,0,0.0,1,0,1.0000000000000002,1.3877787807814457e-17,1.0000000000000002,20
xgboost,2024-05-13,20,20,16,4,0.2,3,0,1.0000000000000002,1.3877787807814457e-17,1.0,16
xgboost,2024-05-14,20,20,19,1,0.05,2,1,1.0000000000000002,-1.3877787807814457e-17,0.9000000000000001,18
xgboost,2024-05-15,20,20,20,0,0.0,1,0,1.0000000000000002,0.0,1.0000000000000002,20
xgboost,2024-05-16,20,20,19,1,0.05,2,0,1.0000000000000002,-1.3877787807814457e-17,1.0000000000000002,19
xgboost,2024-05-17,20,20,17,3,0.15,2,1,1.0000000000000002,1.3877787807814457e-17,0.9,16
xgboost,2024-05-20,20,20,20,0,0.0,1,0,1.0000000000000002,0.0,1.0000000000000002,20
xgboost,2024-05-21,20,20,17,3,0.15,2,0,1.0000000000000002,-1.3877787807814457e-17,1.0,17
xgboost,2024-05-22,20,20,19,1,0.05,2,0,1.0000000000000002,-1.3877787807814457e-17,1.0000000000000002,19
xgboost,2024-05-23,20,20,17,3,0.15,2,1,1.0000000000000002,1.3877787807814457e-17,0.9000000000000001,16
xgboost,2024-05-24,20,20,16,4,0.2,2,1,1.0000000000000002,1.3877787807814457e-17,0.9000000000000001,15
xgboost,2024-05-28,20,20,18,2,0.1,2,0,1.0000000000000002,0.0,1.0,18
xgboost,2024-05-29,20,20,19,1,0.05,2,0,1.0000000000000002,1.3877787807814457e-17,1.0000000000000002,19
xgboost,2024-05-30,20,20,18,2,0.1,2,0,1.0000000000000002,-1.3877787807814457e-17,1.0,18
xgboost,2024-05-31,20,20,19,1,0.05,2,0,1.0000000000000002,0.0,1.0000000000000002,19
xgboost,2024-06-03,20,20,16,4,0.2,3,0,1.0000000000000002,-2.7755575615628914e-17,1.0,16
xgboost,2024-06-04,20,20,19,1,0.05,2,0,1.0000000000000002,1.3877787807814457e-17,1.0000000000000002,19
xgboost,2024-06-05,20,20,19,1,0.05,2,1,1.0000000000000002,-1.3877787807814457e-17,0.9000000000000001,18
xgboost,2024-06-06,20,20,19,1,0.05,2,1,1.0000000000000002,0.0,0.9000000000000001,18
xgboost,2024-06-07,20,20,19,1,0.05,2,1,1.0000000000000002,0.0,0.9000000000000001,18
xgboost,2024-06-10,20,20,20,0,0.0,1,0,1.0000000000000002,0.0,1.0000000000000002,20
xgboost,2024-06-11,20,20,19,1,0.05,2,0,1.0000000000000002,-1.3877787807814457e-17,1.0000000000000002,19
xgboost,2024-06-12,20,20,20,0,0.0,1,0,1.0000000000000002,0.0,1.0000000000000002,20
xgboost,2024-06-13,20,20,19,1,0.05,2,0,1.0000000000000002,0.0,1.0000000000000002,19
xgboost,2024-06-14,20,20,20,0,0.0,1,0,1.0000000000000002,0.0,1.0000000000000002,20
xgboost,2024-06-17,20,20,20,0,0.0,1,0,1.0000000000000002,0.0,1.0000000000000002,20
xgboost,2024-06-18,20,20,20,0,0.0,1,0,1.0000000000000002,0.0,1.0000000000000002,20
xgboost,2024-06-20,20,20,18,2,0.1,2,1,1.0000000000000002,1.3877787807814457e-17,0.9000000000000001,17
xgboost,2024-06-21,20,20,20,0,0.0,1,0,1.0000000000000002,1.3877787807814457e-17,1.0000000000000002,20
xgboost,2024-06-24,20,20,18,2,0.1,2,2,1.0000000000000002,-2.7755575615628914e-17,0.8000000000000002,16
xgboost,2024-06-25,20,20,19,1,0.05,2,0,1.0000000000000002,1.3877787807814457e-17,1.0000000000000002,19
xgboost,2024-06-26,20,20,19,1,0.05,2,0,1.0000000000000002,-1.3877787807814457e-17,1.0000000000000002,19
xgboost,2024-06-27,20,20,17,3,0.15,2,1,1.0000000000000002,1.3877787807814457e-17,0.9000000000000001,16
xgboost,2024-06-28,20,20,20,0,0.0,1,0,1.0000000000000002,0.0,1.0000000000000002,20
xgboost,2024-07-01,20,20,19,1,0.05,2,0,1.0000000000000002,-1.3877787807814457e-17,1.0000000000000002,19
xgboost,2024-07-02,20,20,18,2,0.1,2,0,1.0000000000000002,0.0,1.0,18
xgboost,2024-07-03,20,0,0,0,,0,0,0.0,0.0,0.0,0
xgboost,2024-07-05,20,20,20,0,0.0,1,0,1.0000000000000002,1.3877787807814457e-17,1.0000000000000002,20
xgboost,2024-07-08,20,20,19,1,0.05,2,1,1.0000000000000002,0.0,0.9000000000000001,18
xgboost,2024-07-09,20,20,18,2,0.1,2,0,1.0000000000000002,-2.7755575615628914e-17,1.0,18
xgboost,2024-07-10,20,20,18,2,0.1,2,1,1.0000000000000002,0.0,0.9000000000000001,17
xgboost,2024-07-11,20,20,17,3,0.15,2,0,1.0000000000000002,1.3877787807814457e-17,1.0,17
xgboost,2024-07-12,20,20,19,1,0.05,2,0,1.0000000000000002,1.3877787807814457e-17,1.0000000000000002,19
xgboost,2024-07-15,20,20,19,1,0.05,2,0,1.0000000000000002,1.3877787807814457e-17,1.0000000000000002,19
xgboost,2024-07-16,20,20,17,3,0.15,2,0,1.0000000000000002,1.3877787807814457e-17,1.0,17
xgboost,2024-07-17,20,20,18,2,0.1,2,1,1.0000000000000002,-1.3877787807814457e-17,0.9000000000000001,17
xgboost,2024-07-18,20,20,20,0,0.0,1,0,1.0000000000000002,0.0,1.0000000000000002,20
xgboost,2024-07-19,20,20,20,0,0.0,1,0,1.0000000000000002,0.0,1.0000000000000002,20
xgboost,2024-07-22,20,20,20,0,0.0,1,0,1.0000000000000002,0.0,1.0000000000000002,20
xgboost,2024-07-23,20,20,19,1,0.05,2,0,1.0000000000000002,1.3877787807814457e-17,1.0000000000000002,19
xgboost,2024-07-24,20,20,19,1,0.05,2,1,1.0000000000000002,1.3877787807814457e-17,0.9000000000000001,18
xgboost,2024-07-25,20,20,19,1,0.05,2,0,1.0000000000000002,1.3877787807814457e-17,1.0000000000000002,19
xgboost,2024-07-26,20,20,18,2,0.1,2,0,1.0000000000000002,-1.3877787807814457e-17,1.0000000000000002,18
xgboost,2024-07-29,20,20,20,0,0.0,1,0,1.0000000000000002,0.0,1.0000000000000002,20
xgboost,2024-07-30,20,20,20,0,0.0,1,0,1.0000000000000002,-1.3877787807814457e-17,1.0000000000000002,20
xgboost,2024-07-31,20,20,20,0,0.0,1,0,1.0000000000000002,0.0,1.0000000000000002,20
xgboost,2024-08-01,20,20,20,0,0.0,1,0,1.0000000000000002,0.0,1.0000000000000002,20
xgboost,2024-08-02,20,20,18,2,0.1,2,1,1.0000000000000002,0.0,0.9000000000000001,17
xgboost,2024-08-05,20,20,20,0,0.0,1,0,1.0000000000000002,0.0,1.0000000000000002,20
xgboost,2024-08-06,20,20,20,0,0.0,1,0,1.0000000000000002,0.0,1.0000000000000002,20
xgboost,2024-08-07,20,20,20,0,0.0,1,0,1.0000000000000002,1.3877787807814457e-17,1.0000000000000002,20
xgboost,2024-08-08,20,20,20,0,0.0,1,0,1.0000000000000002,0.0,1.0000000000000002,20
xgboost,2024-08-09,20,20,20,0,0.0,1,0,1.0000000000000002,1.3877787807814457e-17,1.0000000000000002,20
xgboost,2024-08-12,20,20,20,0,0.0,1,0,1.0000000000000002,-1.3877787807814457e-17,1.0000000000000002,20
xgboost,2024-08-13,20,20,19,1,0.05,2,0,1.0000000000000002,1.3877787807814457e-17,1.0000000000000002,19
xgboost,2024-08-14,20,20,19,1,0.05,2,0,1.0000000000000002,-1.3877787807814457e-17,1.0000000000000002,19
xgboost,2024-08-15,20,20,16,4,0.2,3,0,1.0000000000000002,0.0,1.0,16
xgboost,2024-08-16,20,20,19,1,0.05,2,0,1.0000000000000002,-1.3877787807814457e-17,1.0000000000000002,19
xgboost,2024-08-19,20,20,19,1,0.05,2,0,1.0000000000000002,0.0,1.0000000000000002,19
xgboost,2024-08-20,20,20,17,3,0.15,2,0,1.0000000000000002,0.0,1.0,17
xgboost,2024-08-21,20,20,20,0,0.0,1,0,1.0000000000000002,0.0,1.0000000000000002,20
xgboost,2024-08-22,20,20,16,4,0.2,2,1,1.0000000000000002,0.0,0.9,15
xgboost,2024-08-23,20,20,19,1,0.05,2,0,1.0000000000000002,0.0,1.0000000000000002,19
xgboost,2024-08-26,20,20,18,2,0.1,3,0,1.0000000000000002,0.0,1.0,18
xgboost,2024-08-27,20,20,19,1,0.05,2,0,1.0000000000000002,0.0,1.0000000000000002,19
xgboost,2024-08-28,20,20,20,0,0.0,1,0,1.0000000000000002,0.0,1.0000000000000002,20
xgboost,2024-08-29,20,20,20,0,0.0,1,0,1.0000000000000002,1.3877787807814457e-17,1.0000000000000002,20
xgboost,2024-08-30,20,20,17,3,0.15,2,0,1.0000000000000002,1.3877787807814457e-17,1.0,17
xgboost,2024-09-03,20,20,19,1,0.05,2,0,1.0000000000000002,0.0,1.0000000000000002,19
xgboost,2024-09-04,20,20,20,0,0.0,1,0,1.0000000000000002,0.0,1.0000000000000002,20
xgboost,2024-09-05,20,20,18,2,0.1,2,0,1.0000000000000002,0.0,1.0,18
xgboost,2024-09-06,20,20,20,0,0.0,1,0,1.0000000000000002,1.3877787807814457e-17,1.0000000000000002,20
xgboost,2024-09-09,20,20,18,2,0.1,3,1,1.0000000000000002,0.0,0.9000000000000001,18
xgboost,2024-09-10,20,20,20,0,0.0,1,0,1.0000000000000002,-1.3877787807814457e-17,1.0000000000000002,20
xgboost,2024-09-11,20,20,20,0,0.0,1,0,1.0000000000000002,0.0,1.0000000000000002,20
xgboost,2024-09-12,20,20,20,0,0.0,1,0,1.0000000000000002,0.0,1.0000000000000002,20
xgboost,2024-09-13,20,20,19,1,0.05,2,0,1.0000000000000002,-1.3877787807814457e-17,1.0000000000000002,19
xgboost,2024-09-16,20,20,18,2,0.1,2,1,1.0000000000000002,0.0,0.9000000000000001,17
xgboost,2024-09-17,20,20,19,1,0.05,2,0,1.0000000000000002,-1.3877787807814457e-17,1.0000000000000002,19
xgboost,2024-09-18,20,20,18,2,0.1,2,1,1.0000000000000002,-1.3877787807814457e-17,0.9000000000000001,17
xgboost,2024-09-19,20,20,18,2,0.1,2,0,1.0000000000000002,0.0,1.0,18
xgboost,2024-09-20,20,20,18,2,0.1,2,0,1.0000000000000002,-2.7755575615628914e-17,1.0,18
xgboost,2024-09-23,20,20,20,0,0.0,1,0,1.0000000000000002,-1.3877787807814457e-17,1.0000000000000002,20
xgboost,2024-09-24,20,20,18,2,0.1,2,0,1.0000000000000002,0.0,1.0,18
xgboost,2024-09-25,20,20,18,2,0.1,3,0,1.0000000000000002,1.3877787807814457e-17,1.0,18
xgboost,2024-09-26,20,20,20,0,0.0,1,0,1.0000000000000002,0.0,1.0000000000000002,20
xgboost,2024-09-27,20,20,19,1,0.05,2,0,1.0000000000000002,0.0,1.0000000000000002,19
xgboost,2024-09-30,20,20,17,3,0.15,3,1,1.0000000000000002,1.3877787807814457e-17,0.9000000000000001,17
xgboost,2024-10-01,20,20,20,0,0.0,1,0,1.0000000000000002,0.0,1.0000000000000002,20
xgboost,2024-10-02,20,20,18,2,0.1,2,0,1.0000000000000002,-1.3877787807814457e-17,1.0000000000000002,18
xgboost,2024-10-03,20,20,17,3,0.15,2,0,1.0000000000000002,0.0,1.0,17
xgboost,2024-10-04,20,20,19,1,0.05,2,0,1.0000000000000002,-1.3877787807814457e-17,1.0000000000000002,19
xgboost,2024-10-07,20,20,16,4,0.2,2,0,1.0000000000000002,0.0,1.0,16
xgboost,2024-10-08,20,20,20,0,0.0,1,0,1.0000000000000002,-1.3877787807814457e-17,1.0000000000000002,20
xgboost,2024-10-09,20,20,18,2,0.1,3,1,1.0000000000000002,0.0,0.9000000000000001,18
xgboost,2024-10-10,20,20,19,1,0.05,2,0,1.0000000000000002,-1.3877787807814457e-17,1.0000000000000002,19
xgboost,2024-10-11,20,20,20,0,0.0,1,0,1.0000000000000002,0.0,1.0000000000000002,20
xgboost,2024-10-14,20,0,0,0,,0,0,0.0,0.0,0.0,0
xgboost,2024-10-16,20,20,20,0,0.0,1,0,1.0000000000000002,-1.3877787807814457e-17,1.0000000000000002,20
xgboost,2024-10-17,20,20,19,1,0.05,2,0,1.0000000000000002,-1.3877787807814457e-17,1.0000000000000002,19
xgboost,2024-10-18,20,20,19,1,0.05,2,0,1.0000000000000002,1.3877787807814457e-17,1.0000000000000002,19
xgboost,2024-10-21,20,20,19,1,0.05,2,0,1.0000000000000002,1.3877787807814457e-17,1.0000000000000002,19
xgboost,2024-10-22,20,20,20,0,0.0,1,0,1.0000000000000002,0.0,1.0000000000000002,20
xgboost,2024-10-23,20,20,20,0,0.0,1,0,1.0000000000000002,0.0,1.0000000000000002,20
xgboost,2024-10-24,20,20,19,1,0.05,2,0,1.0000000000000002,-1.3877787807814457e-17,1.0000000000000002,19
xgboost,2024-10-25,20,20,20,0,0.0,1,0,1.0000000000000002,0.0,1.0000000000000002,20
xgboost,2024-10-28,20,20,20,0,0.0,1,0,1.0000000000000002,-1.3877787807814457e-17,1.0000000000000002,20
xgboost,2024-10-29,20,20,19,1,0.05,2,0,1.0000000000000002,1.3877787807814457e-17,1.0000000000000002,19
xgboost,2024-10-30,20,20,20,0,0.0,1,0,1.0000000000000002,0.0,1.0000000000000002,20
xgboost,2024-10-31,20,20,20,0,0.0,1,0,1.0000000000000002,0.0,1.0000000000000002,20
xgboost,2024-11-01,20,20,19,1,0.05,2,0,1.0000000000000002,-1.3877787807814457e-17,1.0000000000000002,19
xgboost,2024-11-04,20,20,19,1,0.05,2,0,1.0000000000000002,-1.3877787807814457e-17,1.0000000000000002,19
xgboost,2024-11-05,20,20,20,0,0.0,1,0,1.0000000000000002,0.0,1.0000000000000002,20
xgboost,2024-11-06,20,20,19,1,0.05,2,0,1.0000000000000002,1.3877787807814457e-17,1.0000000000000002,19
xgboost,2024-11-07,20,20,20,0,0.0,1,0,1.0000000000000002,0.0,1.0000000000000002,20
xgboost,2024-11-08,20,20,20,0,0.0,1,0,1.0000000000000002,0.0,1.0000000000000002,20
xgboost,2024-11-11,20,0,0,0,,0,0,0.0,0.0,0.0,0
xgboost,2024-11-13,20,20,17,3,0.15,2,1,1.0000000000000002,-1.3877787807814457e-17,0.9000000000000001,16
xgboost,2024-11-14,20,20,19,1,0.05,2,0,1.0000000000000002,-1.3877787807814457e-17,1.0000000000000002,19
xgboost,2024-11-15,20,20,20,0,0.0,1,0,1.0000000000000002,0.0,1.0000000000000002,20
xgboost,2024-11-18,20,20,18,2,0.1,2,0,1.0000000000000002,-1.3877787807814457e-17,1.0,18
xgboost,2024-11-19,20,20,19,1,0.05,2,0,1.0000000000000002,0.0,1.0000000000000002,19
xgboost,2024-11-20,20,20,16,4,0.2,2,1,1.0000000000000002,-2.7755575615628914e-17,0.9,15
xgboost,2024-11-21,20,20,19,1,0.05,2,0,1.0000000000000002,-1.3877787807814457e-17,1.0000000000000002,19
xgboost,2024-11-22,20,20,17,3,0.15,3,1,1.0000000000000002,0.0,0.9000000000000001,17
xgboost,2024-11-25,20,20,20,0,0.0,1,0,1.0000000000000002,0.0,1.0000000000000002,20
xgboost,2024-11-26,20,20,19,1,0.05,2,0,1.0000000000000002,0.0,1.0000000000000002,19
xgboost,2024-11-27,20,20,19,1,0.05,2,0,1.0000000000000002,0.0,1.0000000000000002,19
xgboost,2024-11-29,20,0,0,0,,0,0,0.0,0.0,0.0,0
xgboost,2024-12-02,20,20,19,1,0.05,2,0,1.0000000000000002,-1.3877787807814457e-17,1.0000000000000002,19
xgboost,2024-12-03,20,20,17,3,0.15,2,0,1.0000000000000002,1.3877787807814457e-17,1.0,17
xgboost,2024-12-04,20,20,19,1,0.05,2,0,1.0000000000000002,-1.3877787807814457e-17,1.0000000000000002,19
xgboost,2024-12-05,20,20,18,2,0.1,2,0,1.0000000000000002,0.0,1.0,18
xgboost,2024-12-06,20,20,18,2,0.1,2,2,1.0000000000000002,0.0,0.8000000000000002,16
xgboost,2024-12-09,20,20,19,1,0.05,2,1,1.0000000000000002,0.0,0.9000000000000001,18
xgboost,2024-12-10,20,20,18,2,0.1,2,0,1.0000000000000002,0.0,1.0,18
xgboost,2024-12-11,20,20,20,0,0.0,1,0,1.0000000000000002,0.0,1.0000000000000002,20
xgboost,2024-12-12,20,20,18,2,0.1,2,1,1.0000000000000002,0.0,0.9000000000000001,17
xgboost,2024-12-13,20,20,20,0,0.0,1,0,1.0000000000000002,1.3877787807814457e-17,1.0000000000000002,20
xgboost,2024-12-16,20,20,20,0,0.0,1,0,1.0000000000000002,0.0,1.0000000000000002,20
xgboost,2024-12-17,20,20,18,2,0.1,2,0,1.0000000000000002,0.0,1.0,18
xgboost,2024-12-18,20,20,20,0,0.0,1,0,1.0000000000000002,0.0,1.0000000000000002,20
xgboost,2024-12-19,20,20,20,0,0.0,1,0,1.0000000000000002,0.0,1.0000000000000002,20
xgboost,2024-12-20,20,20,20,0,0.0,1,0,1.0000000000000002,1.3877787807814457e-17,1.0000000000000002,20
xgboost,2024-12-23,20,20,19,1,0.05,2,0,1.0000000000000002,1.3877787807814457e-17,1.0000000000000002,19
xgboost,2024-12-24,20,0,0,0,,0,0,0.0,0.0,0.0,0
xgboost,2024-12-26,20,20,18,2,0.1,2,0,1.0000000000000002,1.3877787807814457e-17,1.0000000000000002,18
xgboost,2024-12-27,20,20,19,1,0.05,2,0,1.0000000000000002,1.3877787807814457e-17,1.0000000000000002,19
xgboost,2024-12-30,20,20,20,0,0.0,1,0,1.0000000000000002,-1.3877787807814457e-17,1.0000000000000002,20
xgboost,2024-12-31,20,20,18,2,0.1,2,1,1.0000000000000002,0.0,0.9000000000000001,17
xgboost,2025-01-02,20,0,0,0,,0,0,0.0,0.0,0.0,0
